{
  "custom": {},
  "params": {
    "path": "[Park]epicUniverse/track902"
  },
  "propConfig": {
    "params.path": {
      "paramDirection": "input",
      "persistent": true
    }
  },
  "props": {
    "defaultSize": {
      "height": 1080,
      "width": 1920
    }
  },
  "root": {
    "children": [
      {
        "meta": {
          "name": "Universal_Map_Bounds_v02"
        },
        "position": {
          "height": 1211,
          "width": 1605.9999999999998,
          "x": 157.532
        },
        "props": {
          "fit": {
            "mode": "fill"
          },
          "source": "/system/images/Universal_Map_Bounds_v06.svg"
        },
        "type": "ia.display.image"
      },
      {
        "meta": {
          "name": "rideTrack"
        },
        "position": {
          "height": 760,
          "width": 1599,
          "x": 158.357,
          "y": 68.7602
        },
        "propConfig": {
          "props.params.path": {
            "binding": {
              "config": {
                "path": "view.params.path"
              },
              "type": "property"
            }
          }
        },
        "props": {
          "path": "Templates/Track Maps/trackMap"
        },
        "type": "ia.display.view"
      },
      {
        "meta": {
          "name": "RVmode_rightBar"
        },
        "position": {
          "height": 823,
          "width": 237,
          "x": 1662.94
        },
        "propConfig": {
          "props.params.path": {
            "binding": {
              "config": {
                "path": "view.params.path"
              },
              "type": "property"
            }
          }
        },
        "props": {
          "params": {
            "hideTopDropdown": false,
            "name": "Vehicle Modes"
          },
          "path": "Templates/Lists_Modes/systems",
          "style": {
            "borderStyle": "none",
            "borderWidth": 1
          }
        },
        "type": "ia.display.view"
      },
      {
        "meta": {
          "name": "downtimeAlert"
        },
        "position": {
          "height": 50,
          "width": 50,
          "x": 377.216879486084,
          "y": 15.898349945068361
        },
        "propConfig": {
          "props.params.path": {
            "binding": {
              "config": {
                "path": "view.params.path"
              },
              "type": "property"
            }
          }
        },
        "props": {
          "path": "Templates/Downtime/Indicator"
        },
        "type": "ia.display.view"
      },
      {
        "events": {
          "dom": {
            "onClick": {
              "config": {
                "script": "\t\n\tsystem.tag.writeBlocking([\u0027[Park]epicUniverse/track902/running\u0027],[\u0027False\u0027])"
              },
              "scope": "G",
              "type": "script"
            }
          }
        },
        "meta": {
          "name": "simStop"
        },
        "position": {
          "height": 44,
          "width": 178,
          "x": 1704,
          "y": 963.6843125
        },
        "props": {
          "primary": false,
          "text": "Simulate Stop Ride"
        },
        "type": "ia.input.button"
      },
      {
        "meta": {
          "name": "RV_leftBar"
        },
        "position": {
          "height": 988,
          "width": 322
        },
        "propConfig": {
          "props.params.path": {
            "binding": {
              "config": {
                "path": "view.params.path"
              },
              "type": "property"
            }
          }
        },
        "props": {
          "params": {
            "hideTopDropdown": true,
            "name": "Ride Vehicles"
          },
          "path": "Templates/Lists/systems"
        },
        "type": "ia.display.view"
      },
      {
        "events": {
          "dom": {
            "onClick": {
              "config": {
                "draggable": false,
                "id": "FUlxRpYr",
                "modal": true,
                "overlayDismiss": false,
                "resizable": true,
                "showCloseIcon": false,
                "type": "open",
                "viewParams": {
                  "almPath": "OtherEquipDemo/rotarySwitch1",
                  "path": "[Park]OtherEquipDemo/rotarySwitch1"
                },
                "viewPath": "Templates/Popups/rotarySwitch"
              },
              "scope": "C",
              "type": "popup"
            }
          }
        },
        "meta": {
          "name": "simRotaryPop"
        },
        "position": {
          "height": 44,
          "width": 230,
          "x": 1655.534,
          "y": 1089.99
        },
        "props": {
          "style": {
            "backgroundColor": "#F4F4F4",
            "borderColor": "#DEDEDE",
            "borderStyle": "outset",
            "borderWidth": 4,
            "classes": "Cursors/hand_on_hover",
            "color": "#000000"
          },
          "text": "Rotary Switch Popup"
        },
        "type": "ia.input.button"
      },
      {
        "events": {
          "dom": {
            "onClick": {
              "config": {
                "script": "\t\n\tsystem.tag.writeBlocking([\u0027[Park]epicUniverse/track902/running\u0027],[\u0027True\u0027])"
              },
              "scope": "G",
              "type": "script"
            }
          }
        },
        "meta": {
          "name": "simStart"
        },
        "position": {
          "height": 44,
          "width": 178,
          "x": 1705,
          "y": 1023.8203125
        },
        "props": {
          "primary": false,
          "text": "Simulate Restart Ride"
        },
        "type": "ia.input.button"
      },
      {
        "meta": {
          "name": "projector_1"
        },
        "position": {
          "height": 40,
          "rotate": {
            "anchor": "435% -85%"
          },
          "width": 40,
          "x": 512.9870000000001,
          "y": 120.238
        },
        "props": {
          "params": {
            "icon": "/system/images/icons8-video-projectorblack.svg"
          },
          "path": "Templates/Icons/projector"
        },
        "type": "ia.display.view"
      },
      {
        "meta": {
          "name": "projector_2"
        },
        "position": {
          "height": 40,
          "rotate": {
            "anchor": "435% -85%"
          },
          "width": 40,
          "x": 509.987,
          "y": 208.238
        },
        "props": {
          "params": {
            "icon": "/system/images/icons8-video-projectorblack.svg"
          },
          "path": "Templates/Icons/projector"
        },
        "type": "ia.display.view"
      },
      {
        "meta": {
          "name": "projector_3"
        },
        "position": {
          "height": 40,
          "rotate": {
            "anchor": "435% -85%"
          },
          "width": 40,
          "x": 484.512,
          "y": 387.238
        },
        "props": {
          "params": {
            "icon": "/system/images/icons8-video-projectorblack.svg"
          },
          "path": "Templates/Icons/projector"
        },
        "type": "ia.display.view"
      },
      {
        "meta": {
          "name": "projector_4"
        },
        "position": {
          "height": 40,
          "rotate": {
            "anchor": "435% -85%"
          },
          "width": 40,
          "x": 511.512,
          "y": 462.238
        },
        "props": {
          "params": {
            "icon": "/system/images/icons8-video-projectorblack.svg"
          },
          "path": "Templates/Icons/projector"
        },
        "type": "ia.display.view"
      },
      {
        "meta": {
          "name": "animatedfigure_1"
        },
        "position": {
          "height": 40,
          "rotate": {
            "anchor": "435% -85%"
          },
          "width": 40,
          "x": 687.039,
          "y": 529.718
        },
        "props": {
          "params": {
            "icon": "/system/images/icons8-video-projectorblack.svg"
          },
          "path": "Templates/Icons/animatedfigure"
        },
        "type": "ia.display.view"
      },
      {
        "meta": {
          "name": "animatedfigure_2"
        },
        "position": {
          "height": 40,
          "rotate": {
            "anchor": "435% -85%"
          },
          "width": 40,
          "x": 1177.47,
          "y": 539.63
        },
        "props": {
          "params": {
            "icon": "/system/images/icons8-video-projectorblack.svg"
          },
          "path": "Templates/Icons/animatedfigure"
        },
        "type": "ia.display.view"
      },
      {
        "events": {
          "dom": {
            "onClick": {
              "config": {
                "draggable": true,
                "id": "3LC4yGAM",
                "modal": false,
                "overlayDismiss": false,
                "resizable": true,
                "showCloseIcon": true,
                "type": "open",
                "viewParams": {
                  "path": "[Park]OtherEquipDemo/sae2"
                },
                "viewPath": "Templates/Popups/showActEquip"
              },
              "scope": "C",
              "type": "popup"
            }
          }
        },
        "meta": {
          "name": "robot_SAE_1"
        },
        "position": {
          "height": 40,
          "rotate": {
            "anchor": "435% -85%"
          },
          "width": 40,
          "x": 1377.58,
          "y": 585.879
        },
        "props": {
          "params": {
            "icon": "/system/images/icons8-video-projectorblack.svg"
          },
          "path": "Templates/Icons/robot_SAE"
        },
        "type": "ia.display.view"
      },
      {
        "meta": {
          "name": "rotaryswitch_1"
        },
        "position": {
          "height": 40,
          "rotate": {
            "anchor": "435% -85%"
          },
          "width": 40,
          "x": 1813.017,
          "y": 1148.78
        },
        "props": {
          "params": {
            "almPath": "OtherEquipDemo/rotarySwitch1",
            "icon": "/system/images/icons8-video-projectorblack.svg",
            "path": "[Park]OtherEquipDemo/rotarySwitch1"
          },
          "path": "Templates/Icons/rotary_switch"
        },
        "type": "ia.display.view"
      },
      {
        "meta": {
          "name": "turntable_2"
        },
        "position": {
          "height": 71,
          "rotate": {
            "anchor": "435% -85%"
          },
          "width": 71,
          "x": 1159.41,
          "y": 940.771
        },
        "props": {
          "params": {
            "icon": "/system/images/IconsSymbols/TurnTableIcon_white.svg"
          },
          "path": "Templates/Icons/turntable"
        },
        "type": "ia.display.view"
      },
      {
        "meta": {
          "name": "turntable_1"
        },
        "position": {
          "height": 76,
          "rotate": {
            "anchor": "435% -85%"
          },
          "width": 74,
          "x": 1075.92,
          "y": 778.782
        },
        "props": {
          "params": {
            "icon": "/system/images/IconsSymbols/TurnTableIcon_white.svg"
          },
          "path": "Templates/Icons/turntable"
        },
        "type": "ia.display.view"
      },
      {
        "meta": {
          "name": "rotaryswitch_2"
        },
        "position": {
          "height": 40,
          "rotate": {
            "anchor": "435% -85%"
          },
          "width": 40,
          "x": 940.5,
          "y": 1050.07
        },
        "props": {
          "params": {
            "almPath": "OtherEquipDemo/rotarySwitch1",
            "icon": "/system/images/IconsSymbols/rotary_switch white.svg",
            "path": "[Park]OtherEquipDemo/rotarySwitch1"
          },
          "path": "Templates/Icons/rotary_switch"
        },
        "type": "ia.display.view"
      }
    ],
    "meta": {
      "name": "root"
    },
    "position": {
      "x": -6.699999809265137,
      "y": 40.88750076293945
    },
    "props": {
      "aspectRatio": "1920:1080",
      "style": {
        "backgroundColor": "#555555"
      }
    },
    "type": "ia.container.coord"
  }
}