{
  "custom": {},
  "params": {
    "path": "material/power_settings_new",
    "state": 0
  },
  "propConfig": {
    "params.path": {
      "paramDirection": "input",
      "persistent": true
    },
    "params.state": {
      "paramDirection": "input",
      "persistent": true
    }
  },
  "props": {},
  "root": {
    "children": [
      {
        "meta": {
          "name": "Icon"
        },
        "position": {
          "basis": "30px",
          "grow": 1
        },
        "propConfig": {
          "props.path": {
            "binding": {
              "config": {
                "path": "view.params.path"
              },
              "type": "property"
            }
          },
          "props.style.classes": {
            "binding": {
              "config": {
                "path": "view.params.state"
              },
              "transforms": [
                {
                  "fallback": "Modes/Utility/noComm",
                  "inputType": "scalar",
                  "mappings": [
                    {
                      "input": 0,
                      "output": "Modes/Utility/disabled"
                    },
                    {
                      "input": 1,
                      "output": "Modes/Utility/active"
                    },
                    {
                      "input": 3,
                      "output": "Modes/Utility/maint"
                    },
                    {
                      "input": 5,
                      "output": "Modes/Utility/noComm"
                    },
                    {
                      "input": 6,
                      "output": "Modes/Utility/faulted"
                    }
                  ],
                  "outputType": "style-list",
                  "type": "map"
                }
              ],
              "type": "property"
            }
          }
        },
        "props": {
          "color": ""
        },
        "type": "ia.display.icon"
      }
    ],
    "meta": {
      "name": "root"
    },
    "props": {
      "direction": "column"
    },
    "type": "ia.container.flex"
  }
}