{
  "custom": {},
  "events": null,
  "params": {
    "name": "BYPV142",
    "path": "[CUB]CUB/MCU/CMP_CUB_MCU0/BYPV142",
    "typeId": "MCU_BYPV"
  },
  "permissions": null,
  "propConfig": {
    "params.name": {
      "paramDirection": "input",
      "persistent": true
    },
    "params.path": {
      "paramDirection": "input",
      "persistent": true
    },
    "params.typeId": {
      "paramDirection": "input",
      "persistent": true
    }
  },
  "props": {
    "defaultSize": {
      "height": 62
    }
  },
  "root": {
    "children": [
      {
        "meta": {
          "name": "Label"
        },
        "position": {
          "height": 1,
          "width": 0.3125,
          "x": 0.125,
          "y": 0
        },
        "propConfig": {
          "props.text": {
            "binding": {
              "config": {
                "path": "view.params.name"
              },
              "type": "property"
            }
          }
        },
        "props": {
          "alignVertical": "center",
          "style": {
            "fontWeight": "bold",
            "textAlign": "center"
          }
        },
        "type": "ia.display.label"
      },
      {
        "meta": {
          "name": "EmbeddedView"
        },
        "position": {
          "height": 1,
          "width": 0.1563,
          "x": 0.75,
          "y": 0
        },
        "propConfig": {
          "props.params.valve": {
            "binding": {
              "config": {
                "path": "view.params.path"
              },
              "type": "property"
            }
          }
        },
        "props": {
          "params": {
            "type": 1
          },
          "path": "Templates/Devices/Valve"
        },
        "type": "ia.display.view"
      },
      {
        "meta": {
          "name": "EmbeddedView_0"
        },
        "position": {
          "height": 0.4839,
          "width": 0.0375,
          "x": 0.025,
          "y": 0.2581
        },
        "propConfig": {
          "props.params.priority": {
            "binding": {
              "config": {
                "expression": "now(1000)"
              },
              "transforms": [
                {
                  "code": "\tvalue \u003d self.view.params.path\n\tindex \u003d value.index(\u0027]\u0027)\n\tvalue \u003d \u0027*\u0027 + value[index + 1:] + \u0027*\u0027\n\t\n\tresults \u003d system.alarm.queryStatus(source \u003d [value], state \u003d [\u0027ActiveUnacked\u0027])\n\tdata \u003d results.getDataset()\n\t\n\talmVal \u003d 0\n\t\n\tfor x in range(data.getRowCount()):\n\t\tif data.getValueAt(x, \u0027priority\u0027) \u003d\u003d 4:\n\t\t\talmVal \u003d 4\n\t\t\tbreak\n\t\telif data.getValueAt(x, \u0027priority\u0027) \u003d\u003d 3 and almVal \u003c 3:\n\t\t\talmVal \u003d 3\n\t\telif data.getValueAt(x, \u0027priority\u0027) \u003d\u003d 2 and almVal \u003c 2:\n\t\t\talmVal \u003d 2\n\t\telif data.getValueAt(x, \u0027priority\u0027) \u003d\u003d 1 and almVal \u003c 1:\n\t\t\talmVal \u003d 1\n\t\n#\tvalue \u003d len(results)\n\t\n\treturn almVal",
                  "type": "script"
                }
              ],
              "type": "expr"
            }
          }
        },
        "props": {
          "path": "Templates/Alarms/Alarm Indicator"
        },
        "type": "ia.display.view"
      }
    ],
    "meta": {
      "name": "root"
    },
    "props": {
      "mode": "percent"
    },
    "type": "ia.container.coord"
  }
}