{
  "custom": {
    "path": "[Park]",
    "prov": "[Park]"
  },
  "params": {},
  "propConfig": {
    "custom.path": {
      "binding": {
        "config": {
          "path": "session.props.id"
        },
        "transforms": [
          {
            "code": "\tvalue \u003d \u0027[\u0027 + system.util.getProjectName() + \u0027]\u0027\n\tif value.find(\"Core\") !\u003d -1:\n\t\tvalue \u003d \u0027[Park]\u0027\n\treturn value",
            "type": "script"
          }
        ],
        "type": "property"
      },
      "persistent": true
    },
    "custom.prov": {
      "binding": {
        "config": {
          "path": "view.custom.path"
        },
        "type": "property"
      },
      "persistent": true
    }
  },
  "props": {
    "defaultSize": {
      "height": 100,
      "width": 1358
    }
  },
  "root": {
    "children": [
      {
        "children": [
          {
            "events": {
              "dom": {
                "onClick": {
                  "config": {
                    "script": "\tif not self.session.props.auth.authenticated:\n\t\tsystem.perspective.login()\n\telse:\n\t\tsystem.perspective.logout()"
                  },
                  "scope": "G",
                  "type": "script"
                }
              }
            },
            "meta": {
              "name": "Label"
            },
            "position": {
              "height": 0.4298,
              "width": 0.6433,
              "x": 0.1887,
              "y": 0.0048
            },
            "propConfig": {
              "props.text": {
                "binding": {
                  "config": {
                    "expression": "dateFormat(now(1000), \"YYYY-MMM-dd  hh:mm:ss a\")"
                  },
                  "type": "expr"
                }
              }
            },
            "props": {
              "alignVertical": "center",
              "style": {
                "classes": "label",
                "color": "#AAAAAA",
                "cursor": "pointer",
                "fontSize": "18px",
                "textAlign": "right"
              }
            },
            "type": "ia.display.label"
          },
          {
            "events": {
              "dom": {
                "onClick": {
                  "config": {
                    "script": "\tif not self.session.props.auth.authenticated:\n\t\tsystem.perspective.login()\n\telse:\n\t\tsystem.perspective.logout()"
                  },
                  "scope": "G",
                  "type": "script"
                }
              }
            },
            "meta": {
              "name": "Label_0"
            },
            "position": {
              "height": 0.4,
              "width": 0.8802,
              "x": 0.0991,
              "y": 0.3809
            },
            "propConfig": {
              "props.text": {
                "binding": {
                  "config": {
                    "path": "session.props.auth.authenticated"
                  },
                  "transforms": [
                    {
                      "code": "\tif value:\n\t\tvalue \u003d str(self.session.props.auth.user.lastName) + \u0027, \u0027 + str(self.session.props.auth.user.firstName)\n\telse:\n\t\tvalue \u003d \u0027Login...\u0027\n\t\n\tif value \u003d\u003d \u0027None, None\u0027:\n\t\tvalue \u003d \u0027None\u0027\n\t\n\treturn value",
                      "type": "script"
                    }
                  ],
                  "type": "property"
                }
              }
            },
            "props": {
              "alignVertical": "center",
              "style": {
                "classes": "label",
                "color": "#AAAAAA",
                "cursor": "pointer",
                "fontSize": "18px",
                "textAlign": "right"
              }
            },
            "type": "ia.display.label"
          },
          {
            "events": {
              "dom": {
                "onClick": {
                  "config": {
                    "draggable": true,
                    "id": "addComment",
                    "modal": false,
                    "overlayDismiss": false,
                    "resizable": false,
                    "showCloseIcon": false,
                    "title": "Submit A Comment",
                    "type": "open",
                    "viewPath": "Templates/Diagnostics/addComment"
                  },
                  "scope": "C",
                  "type": "popup"
                }
              }
            },
            "meta": {
              "name": "Icon"
            },
            "position": {
              "height": 0.3158,
              "width": 0.1067,
              "x": 0.8796,
              "y": 0.0524
            },
            "props": {
              "color": "#D5D5D5",
              "path": "material/assignment"
            },
            "type": "ia.display.icon"
          }
        ],
        "meta": {
          "name": "CoordinateContainer_0"
        },
        "position": {
          "breakpoints": [
            {
              "colIndex": 9,
              "name": "sm",
              "order": 6.5,
              "rowIndex": 0,
              "span": 3
            },
            {
              "colIndex": 9,
              "name": "md",
              "order": 6.5,
              "rowIndex": 0,
              "span": 3
            },
            {
              "colIndex": 9,
              "name": "lg",
              "order": 6.5,
              "rowIndex": 0,
              "span": 3
            }
          ],
          "height": 100
        },
        "props": {
          "mode": "percent",
          "style": {
            "color": "#D5D5D5",
            "overflow": "hidden"
          }
        },
        "type": "ia.container.coord"
      },
      {
        "children": [
          {
            "meta": {
              "name": "HorizontalMenu"
            },
            "position": {
              "height": 0.48,
              "width": 1,
              "y": 0.5096
            },
            "propConfig": {
              "props.items": {
                "binding": {
                  "config": {
                    "fallbackDelay": 2.5,
                    "mode": "indirect",
                    "references": {
                      "1": "{view.custom.path}"
                    },
                    "tagPath": "{1}_nav/navList/nav"
                  },
                  "transforms": [
                    {
                      "code": "\tretVal \u003d []\n\tfor ea in value:\n\t\tretVal.append(system.util.jsonDecode(str(ea)))\n\treturn retVal",
                      "type": "script"
                    }
                  ],
                  "type": "tag"
                }
              }
            },
            "props": {
              "itemStyle": {
                "backgroundColor": "#444444",
                "borderBottomLeftRadius": 3,
                "borderBottomRightRadius": 3,
                "borderStyle": "outset",
                "borderTopLeftRadius": 3,
                "borderTopRightRadius": 3,
                "borderWidth": 1,
                "color": "#FFFFFF",
                "fontWeight": "bold"
              },
              "style": {
                "backgroundColor": "#555555",
                "borderStyle": "none",
                "borderWidth": 3,
                "cursor": "pointer"
              }
            },
            "type": "ia.navigation.horizontalmenu"
          },
          {
            "meta": {
              "name": "Label"
            },
            "position": {
              "height": 0.44,
              "width": 1
            },
            "props": {
              "alignVertical": "center",
              "style": {
                "color": "#FFFFFF",
                "fontSize": "35px",
                "fontWeight": "bold",
                "textAlign": "center"
              },
              "text": "Epic Universe Ride Name"
            },
            "type": "ia.display.label"
          }
        ],
        "meta": {
          "name": "CoordinateContainer_1"
        },
        "position": {
          "breakpoints": [
            {
              "colIndex": 3,
              "name": "sm",
              "order": 3.5,
              "rowIndex": 0,
              "span": 5
            },
            {
              "colIndex": 3,
              "name": "md",
              "order": 3.5,
              "rowIndex": 0,
              "span": 5
            },
            {
              "colIndex": 4,
              "name": "lg",
              "order": 3.5,
              "rowIndex": 0,
              "span": 5
            }
          ],
          "height": 100
        },
        "props": {
          "mode": "percent"
        },
        "type": "ia.container.coord"
      }
    ],
    "meta": {
      "name": "root"
    },
    "position": {
      "x": 0.0046,
      "y": 0.36
    },
    "props": {
      "breakpoints": [
        {
          "minWidth": 0,
          "name": "sm"
        },
        {
          "minWidth": 500,
          "name": "md"
        },
        {
          "minWidth": 996,
          "name": "lg"
        }
      ],
      "style": {
        "backgroundColor": "#555555",
        "overflow": "hidden"
      }
    },
    "type": "ia.container.column"
  }
}