{
  "custom": {},
  "params": {
    "path": "[Park]_nav/99-FunctionalityExamples/navExampleOverview/exampleTrack2"
  },
  "propConfig": {
    "params.path": {
      "paramDirection": "input",
      "persistent": true
    }
  },
  "props": {
    "defaultSize": {
      "height": 1030,
      "width": 1920
    }
  },
  "root": {
    "children": [
      {
        "meta": {
          "name": "EmbeddedView"
        },
        "position": {
          "height": 1,
          "width": 0.8958
        },
        "propConfig": {
          "props.params.path": {
            "binding": {
              "config": {
                "path": "view.params.path"
              },
              "type": "property"
            }
          }
        },
        "props": {
          "path": "Templates/Track Maps/trackMap"
        },
        "type": "ia.display.view"
      },
      {
        "meta": {
          "name": "EmbeddedView_0"
        },
        "position": {
          "height": 1,
          "width": 0.1042,
          "x": 0.8958
        },
        "propConfig": {
          "props.params.path": {
            "binding": {
              "config": {
                "path": "view.params.path"
              },
              "type": "property"
            }
          }
        },
        "props": {
          "params": {
            "height": 1920,
            "hideTopDropdown": true,
            "name": "Cars",
            "tags": []
          },
          "path": "Templates/Lists/systems"
        },
        "type": "ia.display.view"
      },
      {
        "meta": {
          "name": "EmbeddedView_1"
        },
        "position": {
          "height": 0.0291,
          "rotate": {
            "anchor": "0% 0%"
          },
          "width": 0.0156,
          "x": 0.0089,
          "y": 0.0214
        },
        "propConfig": {
          "props.params.path": {
            "binding": {
              "config": {
                "path": "view.params.path"
              },
              "type": "property"
            }
          }
        },
        "props": {
          "path": "Templates/Downtime/Indicator"
        },
        "type": "ia.display.view"
      },
      {
        "meta": {
          "name": "ExampleTrack"
        },
        "position": {
          "height": 0.0194,
          "width": 0.026,
          "x": 0.2671,
          "y": 0.8185
        },
        "props": {
          "elements": [
            {
              "elements": [
                {
                  "d": "m -424.08927,-15.964286 c 247.19641,-15.119046 248.70832,-106.589284 247.95237,-17.386903 -0.75596,89.202378 -106.58928,92.982141 -68.03572,140.607139 38.55357,47.625 27.97024,72.57143 72.57143,47.625 44.60119,-24.94643 86.178573,-34.01786 110.369048,12.09524 24.190476,46.11309 43.089285,104.32142 10.583333,108.85714 -32.505951,4.5357 -172.357141,29.48215 -186.720241,30.23809 -14.36309,0.75595 -125.4881,41.5774 -131.5357,-5.29166 -6.04764,-46.86905 -3.02382,-114.14881 -30.99406,-135.31548 -27.97024,-21.16666 -61.23213,-17.3869 -80.13094,-61.23214 -18.89882,-43.845236 -19.65476,-93.738093 9.07142,-105.8333304 28.72619,-12.0952376 46.86906,-14.3630956 46.86906,-14.3630956 z",
                  "fill": {
                    "paint": "none"
                  },
                  "name": "path3717",
                  "stroke": {
                    "linecap": "butt",
                    "opacity": "1",
                    "paint": "#000000",
                    "width": "0.26458332px"
                  },
                  "style": {},
                  "type": "path"
                }
              ],
              "name": "layer1",
              "type": "group"
            }
          ],
          "viewBox": "0 0 210 297"
        },
        "type": "ia.shapes.svg"
      },
      {
        "meta": {
          "name": "ExampleTrack_0"
        },
        "position": {
          "height": 0.0194,
          "width": 0.026,
          "x": 0.1401,
          "y": 0.7845
        },
        "props": {
          "elements": [
            {
              "elements": [
                {
                  "d": "m -424.08927,-15.964286 c 247.19641,-15.119046 248.70832,-106.589284 247.95237,-17.386903 -0.75596,89.202378 -106.58928,92.982141 -68.03572,140.607139 38.55357,47.625 27.97024,72.57143 72.57143,47.625 44.60119,-24.94643 86.178573,-34.01786 110.369048,12.09524 24.190476,46.11309 43.089285,104.32142 10.583333,108.85714 -32.505951,4.5357 -172.357141,29.48215 -186.720241,30.23809 -14.36309,0.75595 -125.4881,41.5774 -131.5357,-5.29166 -6.04764,-46.86905 -3.02382,-114.14881 -30.99406,-135.31548 -27.97024,-21.16666 -61.23213,-17.3869 -80.13094,-61.23214 -18.89882,-43.845236 -19.65476,-93.738093 9.07142,-105.8333304 28.72619,-12.0952376 46.86906,-14.3630956 46.86906,-14.3630956 z",
                  "fill": {
                    "paint": "none"
                  },
                  "name": "path3717",
                  "stroke": {
                    "linecap": "butt",
                    "opacity": "1",
                    "paint": "#000000",
                    "width": "0.26458332px"
                  },
                  "style": {},
                  "type": "path"
                }
              ],
              "name": "layer1",
              "transform": "matrix(0.36672227,0,0,0.39449201,237.26465,53.339766)",
              "type": "group"
            }
          ],
          "viewBox": "0 0 297 210.00001"
        },
        "type": "ia.shapes.svg"
      }
    ],
    "meta": {
      "name": "root"
    },
    "position": {
      "x": -0.0484,
      "y": -0.2126
    },
    "props": {
      "mode": "percent"
    },
    "type": "ia.container.coord"
  }
}