{
  "custom": {},
  "params": {},
  "props": {
    "defaultSize": {
      "height": 50
    }
  },
  "root": {
    "children": [
      {
        "meta": {
          "name": "HorizontalMenu"
        },
        "position": {
          "height": 0.99,
          "width": 0.9437
        },
        "propConfig": {
          "props.items[0].items[1].items": {
            "binding": {
              "config": {
                "expression": "now(1000)"
              },
              "transforms": [
                {
                  "code": "\tresults \u003d system.tag.browse(\u0027[default]Vandalay/Site/HVAC\u0027, filter \u003d {\u0027typeId\u0027:\u0027vConHVAC\u0027})\n\t\t\n\tretVal \u003d []\n\tx \u003d 0\n\tstartingIndex \u003d 0\n\tpage \u003d 1\n\tdict \u003d {\u0027enabled\u0027:True, \u0027target\u0027:\u0027/HVAC/\u0027 + str(startingIndex) + \u0027//\u0027 + str(page) , \u0027items\u0027:[], \u0027icon\u0027:{}, \u0027label\u0027:\u0027HVAC\u0027 + str(page)}\n\tretVal.append(dict)\n\tfor res in results.getResults():\n\t\tif x \u003c 10:\n\t\t\tx \u003d x + 1\n\t\telse:\n\t\t\tx \u003d 0\n\t\t\tstartingIndex \u003d startingIndex + 10\n\t\t\tpage \u003d page + 1\n\t\t\tdict \u003d {\u0027enabled\u0027:True, \u0027target\u0027:\u0027/HVAC/\u0027 + str(startingIndex) + \u0027//\u0027 + str(page) , \u0027items\u0027:[], \u0027icon\u0027:{}, \u0027label\u0027:\u0027HVAC\u0027 + str(page)}\n\t\t\tretVal.append(dict)\n\treturn retVal",
                  "type": "script"
                }
              ],
              "type": "expr"
            }
          }
        },
        "props": {
          "items": [
            {
              "enabled": true,
              "icon": {},
              "items": [],
              "label": "Home",
              "target": "/"
            },
            {
              "enabled": true,
              "icon": {},
              "items": [
                {
                  "enabled": true,
                  "icon": {},
                  "items": [
                    {
                      "enabled": true,
                      "icon": {},
                      "items": [],
                      "label": "Track Map",
                      "target": "/trackMap"
                    },
                    {
                      "enabled": true,
                      "icon": {},
                      "items": [],
                      "label": "Alarm Rewind",
                      "target": "/alarmRewind"
                    }
                  ],
                  "label": "Sample Track",
                  "target": ""
                }
              ],
              "label": "Area 905",
              "target": ""
            },
            {
              "enabled": true,
              "icon": {},
              "items": [],
              "label": "History",
              "target": "/historian"
            },
            {
              "enabled": true,
              "icon": {},
              "items": [],
              "label": "Configuration",
              "target": "/configuration"
            },
            {
              "enabled": true,
              "icon": {},
              "items": [],
              "label": "Audit",
              "target": "/audit"
            }
          ]
        },
        "type": "ia.navigation.horizontalmenu"
      },
      {
        "events": {
          "dom": {
            "onClick": {
              "config": {
                "name": "light"
              },
              "scope": "C",
              "type": "theme"
            }
          }
        },
        "meta": {
          "name": "Button_0"
        },
        "position": {
          "height": 0.4,
          "width": 0.05,
          "x": 0.95
        },
        "props": {
          "style": {
            "backgroundColor": "#FFFFFF",
            "borderColor": "#000000"
          },
          "text": ""
        },
        "type": "ia.input.button"
      },
      {
        "events": {
          "dom": {
            "onClick": {
              "config": {
                "name": "dark"
              },
              "scope": "C",
              "type": "theme"
            }
          }
        },
        "meta": {
          "name": "Button_1"
        },
        "position": {
          "height": 0.4,
          "width": 0.05,
          "x": 0.95,
          "y": 0.5
        },
        "props": {
          "style": {
            "backgroundColor": "#555555",
            "borderColor": "#000000"
          },
          "text": ""
        },
        "type": "ia.input.button"
      }
    ],
    "meta": {
      "name": "root"
    },
    "props": {
      "mode": "percent",
      "style": {
        "overflow": "hidden"
      }
    },
    "type": "ia.container.coord"
  }
}