{
  "custom": {
    "almPriority": 0,
    "displayCAD": true,
    "id": "[Park]epicUniverse/track902/Ride Equipment/turntable001",
    "mode": 99,
    "rootPath": "[Park]epicUniverse/track902",
    "state": 1
  },
  "params": {
    "iconPos": "right",
    "path": "[Park]epicUniverse/track902/Ride Equipment/turntable001",
    "rewind": {
      "enable": false,
      "mode": "",
      "priority": "",
      "state": ""
    }
  },
  "propConfig": {
    "custom.almPriority": {
      "binding": {
        "config": {
          "fallbackDelay": 2.5,
          "mode": "indirect",
          "references": {
            "1": "{view.params.path}"
          },
          "tagPath": "{1}/almPriority/priority"
        },
        "transforms": [
          {
            "expression": "if({view.params.rewind.enable}, {view.params.rewind.priority}, {value})",
            "type": "expression"
          }
        ],
        "type": "tag"
      },
      "persistent": true
    },
    "custom.displayCAD": {
      "binding": {
        "config": {
          "fallbackDelay": 2.5,
          "mode": "indirect",
          "references": {
            "rootPath": "{view.custom.rootPath}"
          },
          "tagPath": "{rootPath}/_trackLayer/displayCAD"
        },
        "type": "tag"
      },
      "persistent": true
    },
    "custom.id": {
      "binding": {
        "config": {
          "path": "view.params.path"
        },
        "type": "property"
      },
      "persistent": true
    },
    "custom.mode": {
      "binding": {
        "config": {
          "fallbackDelay": 2.5,
          "mode": "indirect",
          "references": {
            "1": "{view.params.path}"
          },
          "tagPath": "{1}/In/mode"
        },
        "transforms": [
          {
            "expression": "if({view.params.rewind.enable}, {view.params.rewind.mode}, {value})",
            "type": "expression"
          }
        ],
        "type": "tag"
      },
      "persistent": true
    },
    "custom.rootPath": {
      "binding": {
        "config": {
          "path": "view.params.path"
        },
        "transforms": [
          {
            "expression": "replace(substring({value}, 0, lastindexof({value}, \u0027/\u0027)), \u0027/Ride Equipment\u0027, \u0027\u0027)",
            "type": "expression"
          }
        ],
        "type": "property"
      },
      "persistent": true
    },
    "custom.state": {
      "binding": {
        "config": {
          "fallbackDelay": 2.5,
          "mode": "indirect",
          "references": {
            "1": "{view.params.path}"
          },
          "tagPath": "{1}/In/state"
        },
        "transforms": [
          {
            "expression": "if({view.params.rewind.enable}, {view.params.rewind.state}, {value})",
            "type": "expression"
          }
        ],
        "type": "tag"
      },
      "persistent": true
    },
    "params.iconPos": {
      "paramDirection": "input",
      "persistent": true
    },
    "params.path": {
      "paramDirection": "input",
      "persistent": true
    },
    "params.rewind": {
      "paramDirection": "input",
      "persistent": true
    },
    "params.rewind.enable": {
      "paramDirection": "input",
      "persistent": true
    },
    "params.rewind.mode": {
      "paramDirection": "input",
      "persistent": true
    },
    "params.rewind.state": {
      "paramDirection": "input",
      "persistent": true
    }
  },
  "props": {
    "defaultSize": {
      "height": 200,
      "width": 200
    }
  },
  "root": {
    "children": [
      {
        "children": [
          {
            "meta": {
              "name": "Turntable"
            },
            "position": {
              "basis": "20px",
              "grow": 1
            },
            "propConfig": {
              "props.elements[0].elements[0].style.stroke": {
                "binding": {
                  "config": {
                    "expression": "if({session.props.theme} \u003d \u0027light\u0027, \u0027#555555\u0027, \u0027FFFFFF\u0027)"
                  },
                  "type": "expr"
                }
              }
            },
            "props": {
              "elements": [
                {
                  "elements": [
                    {
                      "d": "m 243.39154,-195.76097 -1,21 -6,21 -10,20 -12,17 -16,15 -18,11.999996 -20,9 -21,4 -22,1 -21,-3 -21,-6 -19,-11 -17,-12.999996 -14,-16 -11,-19 -8.0000004,-20 -4,-22 v -21 l 4,-22 8.0000004,-20 11,-18 14,-17 17,-13 19,-10 21,-7 21,-3 22,1 21,5 20,8 18,12 16,15 12,18 10,19 6,21 1,22 m -120,-121 -2,27 -5,27 -9,26 -12,24 -16,23 -18,20 -20,18 -23,15 24,-12 26,-8 27,-5 27,-2 28,2 27,5 25,9 25,13 -23,-16 -20,-18 -18,-21 -15,-22 -12,-25 -9,-26 -5,-27 -2,-27",
                      "name": "path5539",
                      "style": {
                        "classes": "",
                        "fill": "none",
                        "stroke-width": 14
                      },
                      "type": "path"
                    }
                  ],
                  "name": "g5493",
                  "transform": "matrix(0.16,0,0,-0.16,1.1173537,-10.621756)",
                  "type": "group"
                }
              ],
              "viewBox": "0 0 41.561157 41.581306"
            },
            "type": "ia.shapes.svg"
          }
        ],
        "events": {
          "dom": {
            "onClick": {
              "config": {
                "draggable": true,
                "id": "{view.custom.id}",
                "modal": false,
                "overlayDismiss": false,
                "resizable": true,
                "showCloseIcon": false,
                "type": "open",
                "viewParams": {
                  "id": "{view.custom.id}",
                  "path": "{view.params.path}"
                },
                "viewPath": "Templates/Popups/Turntable"
              },
              "scope": "C",
              "type": "popup"
            }
          }
        },
        "meta": {
          "name": "device"
        },
        "position": {
          "basis": "300px",
          "grow": 1
        },
        "props": {
          "direction": "column",
          "style": {
            "classes": "Animations/btnHover Cursors/hand_on_hover"
          }
        },
        "type": "ia.container.flex"
      },
      {
        "children": [
          {
            "meta": {
              "name": "mode"
            },
            "position": {
              "basis": "100px",
              "grow": 1
            },
            "propConfig": {
              "props.params.mode": {
                "binding": {
                  "config": {
                    "path": "view.custom.mode"
                  },
                  "type": "property"
                }
              }
            },
            "props": {
              "path": "Templates/Indicators/Mode"
            },
            "type": "ia.display.view"
          },
          {
            "meta": {
              "name": "state"
            },
            "position": {
              "basis": "100px",
              "grow": 1
            },
            "propConfig": {
              "props.params.state": {
                "binding": {
                  "config": {
                    "path": "view.custom.state"
                  },
                  "type": "property"
                }
              }
            },
            "props": {
              "path": "Templates/Icons/turntable"
            },
            "type": "ia.display.view"
          },
          {
            "meta": {
              "name": "alarm"
            },
            "position": {
              "basis": "100px",
              "grow": 1
            },
            "propConfig": {
              "props.params.priority": {
                "binding": {
                  "config": {
                    "path": "view.custom.almPriority"
                  },
                  "type": "property"
                }
              }
            },
            "props": {
              "path": "Templates/Indicators/Alarm"
            },
            "type": "ia.display.view"
          }
        ],
        "meta": {
          "name": "status"
        },
        "position": {
          "basis": "100px"
        },
        "props": {
          "direction": "column"
        },
        "type": "ia.container.flex"
      }
    ],
    "meta": {
      "name": "root"
    },
    "propConfig": {
      "props.direction": {
        "binding": {
          "config": {
            "path": "view.params.iconPos"
          },
          "transforms": [
            {
              "expression": "if({value} \u003d \u0027left\u0027, \u0027row-reverse\u0027, \u0027row\u0027)",
              "type": "expression"
            }
          ],
          "type": "property"
        }
      }
    },
    "props": {
      "style": {
        "overflow": "hidden"
      }
    },
    "type": "ia.container.flex"
  }
}