{
  "custom": {},
  "params": {
    "priority": 0
  },
  "propConfig": {
    "params.priority": {
      "paramDirection": "input",
      "persistent": true
    }
  },
  "props": {
    "defaultSize": {
      "height": 40,
      "width": 40
    }
  },
  "root": {
    "children": [
      {
        "meta": {
          "name": "CriAlm"
        },
        "position": {
          "basis": "100px",
          "display": false
        },
        "props": {
          "fit": {
            "mode": "contain"
          },
          "source": "/system/images/IconsSymbols/CriAlm.svg"
        },
        "type": "ia.display.image"
      },
      {
        "meta": {
          "name": "HiAlm"
        },
        "position": {
          "basis": "100px",
          "display": false
        },
        "propConfig": {
          "position.display": {
            "binding": {
              "config": {
                "expression": "{view.params.priority} \u003d 3"
              },
              "type": "expr"
            },
            "persistent": true
          }
        },
        "props": {
          "fit": {
            "mode": "contain"
          },
          "source": "/system/images/IconsSymbols/HiAlm.svg"
        },
        "type": "ia.display.image"
      },
      {
        "meta": {
          "name": "MedAlm"
        },
        "position": {
          "basis": "100px",
          "display": false
        },
        "propConfig": {
          "position.display": {
            "binding": {
              "config": {
                "expression": "{view.params.priority} \u003d 2"
              },
              "type": "expr"
            },
            "persistent": true
          }
        },
        "props": {
          "fit": {
            "mode": "contain"
          },
          "source": "/system/images/IconsSymbols/MedAlm.svg"
        },
        "type": "ia.display.image"
      },
      {
        "meta": {
          "name": "LowAlm"
        },
        "position": {
          "basis": "100px",
          "display": false
        },
        "propConfig": {
          "position.display": {
            "binding": {
              "config": {
                "expression": "{view.params.priority} \u003d 1"
              },
              "type": "expr"
            },
            "persistent": true
          }
        },
        "props": {
          "fit": {
            "mode": "contain"
          },
          "source": "/system/images/IconsSymbols/LowAlm.svg"
        },
        "type": "ia.display.image"
      },
      {
        "meta": {
          "name": "DiagAlm"
        },
        "position": {
          "basis": "100px",
          "display": false
        },
        "propConfig": {
          "position.display": {
            "binding": {
              "config": {
                "expression": "{view.params.priority} \u003d -1"
              },
              "type": "expr"
            },
            "persistent": true
          }
        },
        "props": {
          "fit": {
            "mode": "contain"
          },
          "source": "/system/images/IconsSymbols/DiagAlm.svg"
        },
        "type": "ia.display.image"
      },
      {
        "meta": {
          "name": "CriAlmIcon"
        },
        "position": {
          "basis": "30px",
          "display": false,
          "grow": 1
        },
        "propConfig": {
          "position.display": {
            "binding": {
              "config": {
                "expression": "{view.params.priority} \u003d 4"
              },
              "type": "expr"
            },
            "persistent": true
          }
        },
        "props": {
          "path": "alarmIcons/critical"
        },
        "type": "ia.display.icon"
      },
      {
        "meta": {
          "name": "HiAlmIcon"
        },
        "position": {
          "basis": "30px",
          "display": false,
          "grow": 1
        },
        "props": {
          "color": "#FF0000",
          "path": "material/warning"
        },
        "type": "ia.display.icon"
      }
    ],
    "meta": {
      "name": "root"
    },
    "props": {
      "direction": "column"
    },
    "type": "ia.container.flex"
  }
}