{
  "custom": {},
  "params": {
    "path": "[Park]epicUniverse/track902/Show Effects/animatedFigure1"
  },
  "propConfig": {
    "params.path": {
      "paramDirection": "input",
      "persistent": true
    }
  },
  "props": {
    "defaultSize": {
      "height": 50,
      "width": 150
    }
  },
  "root": {
    "children": [
      {
        "meta": {
          "name": "equip"
        },
        "position": {
          "basis": "100px",
          "grow": 1,
          "shrink": 0
        },
        "propConfig": {
          "props.params.path": {
            "binding": {
              "config": {
                "path": "view.params.path"
              },
              "type": "property"
            }
          }
        },
        "props": {
          "params": {
            "mapView": false
          },
          "path": "Templates/Devices/RideEquipment/animatedFigure",
          "style": {
            "classes": "deviceList"
          }
        },
        "type": "ia.display.view"
      }
    ],
    "meta": {
      "name": "root"
    },
    "props": {
      "style": {
        "classes": "deviceList",
        "overflow": "hidden"
      }
    },
    "type": "ia.container.flex"
  }
}