{
  "custom": {
    "almPriority": 0,
    "displayCAD": true,
    "id": "[Park]epicUniverse/track902/Audio Visual/projector1",
    "mode": 99,
    "rootPath": "[Park]epicUniverse/track902",
    "state": 5
  },
  "params": {
    "iconPos": "right",
    "path": "[Park]epicUniverse/track902/Audio Visual/projector1",
    "rewind": {
      "enable": false,
      "mode": "",
      "priority": "",
      "state": ""
    }
  },
  "propConfig": {
    "custom.almPriority": {
      "binding": {
        "config": {
          "fallbackDelay": 2.5,
          "mode": "indirect",
          "references": {
            "1": "{view.params.path}"
          },
          "tagPath": "{1}/almPriority/priority"
        },
        "transforms": [
          {
            "expression": "if({view.params.rewind.enable}, {view.params.rewind.priority}, {value})",
            "type": "expression"
          }
        ],
        "type": "tag"
      },
      "persistent": true
    },
    "custom.displayCAD": {
      "binding": {
        "config": {
          "fallbackDelay": 2.5,
          "mode": "indirect",
          "references": {
            "rootPath": "{view.custom.rootPath}"
          },
          "tagPath": "{rootPath}/_trackLayer/displayCAD"
        },
        "type": "tag"
      },
      "persistent": true
    },
    "custom.id": {
      "binding": {
        "config": {
          "path": "view.params.path"
        },
        "type": "property"
      },
      "persistent": true
    },
    "custom.mode": {
      "binding": {
        "config": {
          "fallbackDelay": 2.5,
          "mode": "indirect",
          "references": {
            "1": "{view.params.path}"
          },
          "tagPath": "{1}/In/mode"
        },
        "transforms": [
          {
            "expression": "if({view.params.rewind.enable}, {view.params.rewind.mode}, {value})",
            "type": "expression"
          }
        ],
        "type": "tag"
      },
      "persistent": true
    },
    "custom.rootPath": {
      "binding": {
        "config": {
          "path": "view.params.path"
        },
        "transforms": [
          {
            "expression": "replace(substring({value}, 0, lastindexof({value}, \u0027/\u0027)), \u0027/Audio Visual\u0027, \u0027\u0027)",
            "type": "expression"
          }
        ],
        "type": "property"
      },
      "persistent": true
    },
    "custom.state": {
      "binding": {
        "config": {
          "fallbackDelay": 2.5,
          "mode": "indirect",
          "references": {
            "1": "{view.params.path}"
          },
          "tagPath": "{1}/In/state"
        },
        "transforms": [
          {
            "expression": "if({view.params.rewind.enable}, {view.params.rewind.state}, {value})",
            "type": "expression"
          }
        ],
        "type": "tag"
      },
      "persistent": true
    },
    "params.iconPos": {
      "paramDirection": "input",
      "persistent": true
    },
    "params.path": {
      "paramDirection": "input",
      "persistent": true
    },
    "params.rewind": {
      "paramDirection": "input",
      "persistent": true
    },
    "params.rewind.enable": {
      "paramDirection": "input",
      "persistent": true
    },
    "params.rewind.mode": {
      "paramDirection": "input",
      "persistent": true
    },
    "params.rewind.state": {
      "paramDirection": "input",
      "persistent": true
    }
  },
  "props": {
    "defaultSize": {
      "height": 200,
      "width": 200
    }
  },
  "root": {
    "children": [
      {
        "children": [
          {
            "meta": {
              "name": "icon"
            },
            "position": {
              "basis": "100px",
              "grow": 1
            },
            "propConfig": {
              "position.display": {
                "binding": {
                  "config": {
                    "expression": "!{view.custom.displayCAD}"
                  },
                  "type": "expr"
                }
              },
              "props.source": {
                "binding": {
                  "config": {
                    "path": "session.props.theme"
                  },
                  "transforms": [
                    {
                      "fallback": null,
                      "inputType": "scalar",
                      "mappings": [
                        {
                          "input": "light",
                          "output": "/system/images/IconsSymbols/icons8-video-projector_light.svg"
                        },
                        {
                          "input": "dark",
                          "output": "/system/images/IconsSymbols/icons8-video-projector_dark.svg"
                        }
                      ],
                      "outputType": "scalar",
                      "type": "map"
                    }
                  ],
                  "type": "property"
                }
              }
            },
            "props": {
              "fit": {
                "mode": "fill"
              }
            },
            "type": "ia.display.image"
          },
          {
            "meta": {
              "name": "cad"
            },
            "position": {
              "basis": "100px",
              "grow": 1
            },
            "propConfig": {
              "position.display": {
                "binding": {
                  "config": {
                    "path": "view.custom.displayCAD"
                  },
                  "type": "property"
                }
              },
              "props.source": {
                "binding": {
                  "config": {
                    "path": "session.props.theme"
                  },
                  "transforms": [
                    {
                      "fallback": null,
                      "inputType": "scalar",
                      "mappings": [
                        {
                          "input": "light",
                          "output": "/system/images/IconsSymbols/CAD_Projector_light.svg"
                        },
                        {
                          "input": "dark",
                          "output": "/system/images/IconsSymbols/CAD_Projector_dark.svg"
                        }
                      ],
                      "outputType": "scalar",
                      "type": "map"
                    }
                  ],
                  "type": "property"
                }
              }
            },
            "props": {
              "fit": {
                "mode": "fill"
              }
            },
            "type": "ia.display.image"
          }
        ],
        "events": {
          "dom": {
            "onClick": {
              "config": {
                "draggable": true,
                "id": "{view.custom.id}",
                "modal": false,
                "overlayDismiss": false,
                "resizable": true,
                "showCloseIcon": false,
                "type": "open",
                "viewParams": {
                  "id": "{view.custom.id}",
                  "path": "{view.params.path}"
                },
                "viewPath": "Templates/Popups/projector"
              },
              "scope": "C",
              "type": "popup"
            }
          }
        },
        "meta": {
          "name": "device"
        },
        "position": {
          "basis": "300px",
          "grow": 1
        },
        "props": {
          "direction": "column",
          "style": {
            "classes": "Cursors/hand_on_hover"
          }
        },
        "type": "ia.container.flex"
      },
      {
        "children": [
          {
            "meta": {
              "name": "mode"
            },
            "position": {
              "basis": "100px",
              "grow": 1
            },
            "propConfig": {
              "props.params.mode": {
                "binding": {
                  "config": {
                    "path": "view.custom.mode"
                  },
                  "type": "property"
                }
              }
            },
            "props": {
              "path": "Templates/Indicators/Mode"
            },
            "type": "ia.display.view"
          },
          {
            "meta": {
              "name": "state"
            },
            "position": {
              "basis": "100px",
              "grow": 1
            },
            "propConfig": {
              "props.params.state": {
                "binding": {
                  "config": {
                    "path": "view.custom.state"
                  },
                  "type": "property"
                }
              }
            },
            "props": {
              "path": "Templates/Icons/projector"
            },
            "type": "ia.display.view"
          },
          {
            "meta": {
              "name": "alarm"
            },
            "position": {
              "basis": "100px",
              "grow": 1
            },
            "propConfig": {
              "props.params.priority": {
                "binding": {
                  "config": {
                    "path": "view.custom.almPriority"
                  },
                  "type": "property"
                }
              }
            },
            "props": {
              "path": "Templates/Indicators/Alarm"
            },
            "type": "ia.display.view"
          }
        ],
        "meta": {
          "name": "status"
        },
        "position": {
          "basis": "100px"
        },
        "props": {
          "direction": "column"
        },
        "type": "ia.container.flex"
      }
    ],
    "meta": {
      "name": "root"
    },
    "propConfig": {
      "props.direction": {
        "binding": {
          "config": {
            "path": "view.params.iconPos"
          },
          "transforms": [
            {
              "expression": "if({value} \u003d \u0027left\u0027, \u0027row-reverse\u0027, \u0027row\u0027)",
              "type": "expression"
            }
          ],
          "type": "property"
        }
      }
    },
    "props": {
      "style": {
        "overflow": "hidden"
      }
    },
    "type": "ia.container.flex"
  }
}