{
  "custom": {},
  "params": {
    "state": 5
  },
  "propConfig": {
    "params.state": {
      "paramDirection": "input",
      "persistent": true
    }
  },
  "props": {
    "defaultSize": {
      "height": 100,
      "width": 100
    }
  },
  "root": {
    "children": [
      {
        "meta": {
          "name": "Projector"
        },
        "position": {
          "basis": "100px",
          "grow": 1
        },
        "propConfig": {
          "props.elements[0].style.classes": {
            "binding": {
              "config": {
                "path": "view.params.state"
              },
              "transforms": [
                {
                  "fallback": "Modes/RideEquipment/noComm",
                  "inputType": "scalar",
                  "mappings": [
                    {
                      "input": 0,
                      "output": "Modes/RideEquipment/disabled"
                    },
                    {
                      "input": 1,
                      "output": "Modes/RideEquipment/active"
                    },
                    {
                      "input": 3,
                      "output": "Modes/RideEquipment/maint"
                    },
                    {
                      "input": 5,
                      "output": "Modes/RideEquipment/noComm"
                    },
                    {
                      "input": 6,
                      "output": "Modes/RideEquipment/faulted"
                    }
                  ],
                  "outputType": "style-list",
                  "type": "map"
                },
                {
                  "expression": "if({value} !\u003d \u0027Modes/RideEquipment/noComm\u0027, {value}, \r\n\tif({session.props.theme} \u003d \u0027light\u0027, \u0027Modes/RideEquipment/noCommLight\u0027, \u0027Modes/RideEquipment/noCommDark\u0027))",
                  "type": "expression"
                }
              ],
              "type": "property"
            }
          }
        },
        "props": {
          "elements": [
            {
              "d": "M 2 6 C 0.895 6 0 6.895 0 8 L 0 20 C 0 21.105 0.895 22 2 22 L 28 22 C 29.105 22 30 21.105 30 20 L 30 8 C 30 6.895 29.105 6 28 6 L 2 6 z M 22 8 C 25.314 8 28 10.686 28 14 C 28 17.314 25.314 20 22 20 C 18.686 20 16 17.314 16 14 C 16 10.686 18.686 8 22 8 z M 22 10 C 19.791 10 18 11.791 18 14 C 18 16.209 19.791 18 22 18 C 24.209 18 26 16.209 26 14 C 26 11.791 24.209 10 22 10 z M 4 11 L 11 11 C 11.552 11 12 11.448 12 12 C 12 12.552 11.552 13 11 13 L 4 13 C 3.448 13 3 12.552 3 12 C 3 11.448 3.448 11 4 11 z M 4 15 L 11 15 C 11.552 15 12 15.448 12 16 C 12 16.552 11.552 17 11 17 L 4 17 C 3.448 17 3 16.552 3 16 C 3 15.448 3.448 15 4 15 z M 4 24 A 1.0001 1.0001 0 1 0 4 26 L 8 26 A 1.0001 1.0001 0 1 0 8 24 L 4 24 z M 22 24 A 1.0001 1.0001 0 1 0 22 26 L 26 26 A 1.0001 1.0001 0 1 0 26 24 L 22 24 z",
              "name": "path2",
              "style": {},
              "type": "path"
            }
          ],
          "fill": "#000000",
          "viewBox": "0 0 30 30"
        },
        "type": "ia.shapes.svg"
      }
    ],
    "meta": {
      "name": "root"
    },
    "props": {
      "direction": "column"
    },
    "type": "ia.container.flex"
  }
}