{
  "custom": {
    "almPath": ""
  },
  "params": {
    "id": "",
    "path": ""
  },
  "propConfig": {
    "custom.almPath": {
      "binding": {
        "config": {
          "path": "view.params.path"
        },
        "transforms": [
          {
            "expression": "substring({value}, (lastindexof({value}, \u0027]\u0027) + 1))",
            "type": "expression"
          }
        ],
        "type": "property"
      },
      "persistent": true
    },
    "params.id": {
      "paramDirection": "input",
      "persistent": true
    },
    "params.path": {
      "paramDirection": "input",
      "persistent": true
    }
  },
  "props": {
    "defaultSize": {
      "height": 451,
      "width": 795
    }
  },
  "root": {
    "children": [
      {
        "children": [
          {
            "children": [
              {
                "meta": {
                  "name": "Label_2"
                },
                "position": {
                  "height": 20,
                  "width": 246,
                  "y": 5
                },
                "propConfig": {
                  "props.text": {
                    "binding": {
                      "config": {
                        "fallbackDelay": 2.5,
                        "mode": "indirect",
                        "references": {
                          "path": "{view.params.path}"
                        },
                        "tagPath": "{path}/metaData/displayName"
                      },
                      "transforms": [
                        {
                          "expression": "\u0027Device: \u0027 + upper({value})",
                          "type": "expression"
                        }
                      ],
                      "type": "tag"
                    }
                  }
                },
                "props": {
                  "style": {
                    "fontWeight": "bold",
                    "textAlign": "center",
                    "textDecoration": "underline"
                  }
                },
                "type": "ia.display.label"
              },
              {
                "custom": {
                  "key": 6
                },
                "events": {
                  "component": {
                    "onActionPerformed": {
                      "config": {
                        "script": "\tself.custom.value \u003d self.custom.key"
                      },
                      "scope": "G",
                      "type": "script"
                    }
                  }
                },
                "meta": {
                  "name": "Button_5"
                },
                "position": {
                  "height": 40,
                  "width": 80,
                  "x": 438.3,
                  "y": 294
                },
                "propConfig": {
                  "custom.value": {
                    "binding": {
                      "config": {
                        "bidirectional": true,
                        "fallbackDelay": 2.5,
                        "mode": "indirect",
                        "references": {
                          "1": "{view.params.path}"
                        },
                        "tagPath": "{1}/In/state"
                      },
                      "type": "tag"
                    }
                  },
                  "props.style.backgroundColor": {
                    "binding": {
                      "config": {
                        "path": "this.custom.value"
                      },
                      "transforms": [
                        {
                          "expression": "if({value} \u003d {this.custom.key}, true, false)",
                          "type": "expression"
                        },
                        {
                          "fallback": "#000000",
                          "inputType": "scalar",
                          "mappings": [
                            {
                              "input": false,
                              "output": "#808080"
                            },
                            {
                              "input": true,
                              "output": "#FFFFFF"
                            }
                          ],
                          "outputType": "color",
                          "type": "map"
                        }
                      ],
                      "type": "property"
                    }
                  }
                },
                "props": {
                  "style": {
                    "classes": "button",
                    "cursor": "pointer"
                  },
                  "text": "Faulted"
                },
                "type": "ia.input.button"
              },
              {
                "custom": {
                  "key": 5
                },
                "events": {
                  "component": {
                    "onActionPerformed": {
                      "config": {
                        "script": "\tself.custom.value \u003d self.custom.key"
                      },
                      "scope": "G",
                      "type": "script"
                    }
                  }
                },
                "meta": {
                  "name": "Button_4"
                },
                "position": {
                  "height": 40,
                  "width": 80,
                  "x": 353.3,
                  "y": 294
                },
                "propConfig": {
                  "custom.value": {
                    "binding": {
                      "config": {
                        "bidirectional": true,
                        "fallbackDelay": 2.5,
                        "mode": "indirect",
                        "references": {
                          "1": "{view.params.path}"
                        },
                        "tagPath": "{1}/In/state"
                      },
                      "type": "tag"
                    }
                  },
                  "props.style.backgroundColor": {
                    "binding": {
                      "config": {
                        "path": "this.custom.value"
                      },
                      "transforms": [
                        {
                          "expression": "if({value} \u003d {this.custom.key}, true, false)",
                          "type": "expression"
                        },
                        {
                          "fallback": "#000000",
                          "inputType": "scalar",
                          "mappings": [
                            {
                              "input": false,
                              "output": "#808080"
                            },
                            {
                              "input": true,
                              "output": "#FFFFFF"
                            }
                          ],
                          "outputType": "color",
                          "type": "map"
                        }
                      ],
                      "type": "property"
                    }
                  }
                },
                "props": {
                  "style": {
                    "classes": "button",
                    "cursor": "pointer"
                  },
                  "text": "No Comm"
                },
                "type": "ia.input.button"
              },
              {
                "meta": {
                  "name": "Label_3"
                },
                "position": {
                  "height": 29,
                  "width": 434,
                  "x": 176.8,
                  "y": 254
                },
                "props": {
                  "style": {
                    "borderBottomStyle": "solid",
                    "borderBottomWidth": 1,
                    "borderLeftStyle": "none",
                    "borderRightStyle": "none",
                    "borderTopStyle": "none",
                    "classes": "label"
                  },
                  "text": "Test States"
                },
                "type": "ia.display.label"
              },
              {
                "custom": {
                  "key": 1
                },
                "events": {
                  "component": {
                    "onActionPerformed": {
                      "config": {
                        "script": "\tself.custom.value \u003d self.custom.key"
                      },
                      "scope": "G",
                      "type": "script"
                    }
                  }
                },
                "meta": {
                  "name": "Button_6"
                },
                "position": {
                  "height": 40,
                  "width": 80,
                  "x": 267.7,
                  "y": 294
                },
                "propConfig": {
                  "custom.value": {
                    "binding": {
                      "config": {
                        "bidirectional": true,
                        "fallbackDelay": 2.5,
                        "mode": "indirect",
                        "references": {
                          "1": "{view.params.path}"
                        },
                        "tagPath": "{1}/In/state"
                      },
                      "type": "tag"
                    }
                  },
                  "props.style.backgroundColor": {
                    "binding": {
                      "config": {
                        "path": "this.custom.value"
                      },
                      "transforms": [
                        {
                          "expression": "if({value} \u003d {this.custom.key}, true, false)",
                          "type": "expression"
                        },
                        {
                          "fallback": "#000000",
                          "inputType": "scalar",
                          "mappings": [
                            {
                              "input": false,
                              "output": "#808080"
                            },
                            {
                              "input": true,
                              "output": "#FFFFFF"
                            }
                          ],
                          "outputType": "color",
                          "type": "map"
                        }
                      ],
                      "type": "property"
                    }
                  }
                },
                "props": {
                  "style": {
                    "classes": "button",
                    "cursor": "pointer"
                  },
                  "text": "Active"
                },
                "type": "ia.input.button"
              },
              {
                "custom": {
                  "key": 99
                },
                "events": {
                  "component": {
                    "onActionPerformed": {
                      "config": {
                        "script": "\tself.custom.value \u003d self.custom.key"
                      },
                      "scope": "G",
                      "type": "script"
                    }
                  }
                },
                "meta": {
                  "name": "Button_2"
                },
                "position": {
                  "height": 40,
                  "width": 80,
                  "x": 353,
                  "y": 212
                },
                "propConfig": {
                  "custom.value": {
                    "binding": {
                      "config": {
                        "bidirectional": true,
                        "fallbackDelay": 2.5,
                        "mode": "indirect",
                        "references": {
                          "1": "{view.params.path}"
                        },
                        "tagPath": "{1}/In/mode"
                      },
                      "type": "tag"
                    }
                  },
                  "props.style.backgroundColor": {
                    "binding": {
                      "config": {
                        "path": "this.custom.value"
                      },
                      "transforms": [
                        {
                          "expression": "if({value} \u003d {this.custom.key}, true, false)",
                          "type": "expression"
                        },
                        {
                          "fallback": "#000000",
                          "inputType": "scalar",
                          "mappings": [
                            {
                              "input": false,
                              "output": "#808080"
                            },
                            {
                              "input": true,
                              "output": "#FFFFFF"
                            }
                          ],
                          "outputType": "color",
                          "type": "map"
                        }
                      ],
                      "type": "property"
                    }
                  }
                },
                "props": {
                  "style": {
                    "classes": "button",
                    "cursor": "pointer"
                  },
                  "text": "Enable"
                },
                "type": "ia.input.button"
              },
              {
                "custom": {
                  "key": 2
                },
                "events": {
                  "component": {
                    "onActionPerformed": {
                      "config": {
                        "script": "\tself.custom.value \u003d self.custom.key"
                      },
                      "scope": "G",
                      "type": "script"
                    }
                  }
                },
                "meta": {
                  "name": "Button_3"
                },
                "position": {
                  "height": 40,
                  "width": 80,
                  "x": 438,
                  "y": 212
                },
                "propConfig": {
                  "custom.value": {
                    "binding": {
                      "config": {
                        "bidirectional": true,
                        "fallbackDelay": 2.5,
                        "mode": "indirect",
                        "references": {
                          "1": "{view.params.path}"
                        },
                        "tagPath": "{1}/In/mode"
                      },
                      "type": "tag"
                    }
                  },
                  "props.style.backgroundColor": {
                    "binding": {
                      "config": {
                        "path": "this.custom.value"
                      },
                      "transforms": [
                        {
                          "expression": "if({value} \u003d {this.custom.key}, true, false)",
                          "type": "expression"
                        },
                        {
                          "fallback": "#000000",
                          "inputType": "scalar",
                          "mappings": [
                            {
                              "input": false,
                              "output": "#808080"
                            },
                            {
                              "input": true,
                              "output": "#FFFFFF"
                            }
                          ],
                          "outputType": "color",
                          "type": "map"
                        }
                      ],
                      "type": "property"
                    }
                  }
                },
                "props": {
                  "style": {
                    "classes": "button",
                    "cursor": "pointer"
                  },
                  "text": "Maint"
                },
                "type": "ia.input.button"
              },
              {
                "custom": {
                  "key": 0
                },
                "events": {
                  "component": {
                    "onActionPerformed": {
                      "config": {
                        "script": "\tself.custom.value \u003d self.custom.key"
                      },
                      "scope": "G",
                      "type": "script"
                    }
                  }
                },
                "meta": {
                  "name": "Button_1"
                },
                "position": {
                  "height": 40,
                  "width": 80,
                  "x": 268,
                  "y": 212
                },
                "propConfig": {
                  "custom.value": {
                    "binding": {
                      "config": {
                        "bidirectional": true,
                        "fallbackDelay": 2.5,
                        "mode": "indirect",
                        "references": {
                          "1": "{view.params.path}"
                        },
                        "tagPath": "{1}/In/mode"
                      },
                      "type": "tag"
                    }
                  },
                  "props.style.backgroundColor": {
                    "binding": {
                      "config": {
                        "path": "this.custom.value"
                      },
                      "transforms": [
                        {
                          "expression": "if({value} \u003d {this.custom.key}, true, false)",
                          "type": "expression"
                        },
                        {
                          "fallback": "#000000",
                          "inputType": "scalar",
                          "mappings": [
                            {
                              "input": false,
                              "output": "#808080"
                            },
                            {
                              "input": true,
                              "output": "#FFFFFF"
                            }
                          ],
                          "outputType": "color",
                          "type": "map"
                        }
                      ],
                      "type": "property"
                    }
                  }
                },
                "props": {
                  "style": {
                    "classes": "button",
                    "cursor": "pointer"
                  },
                  "text": "Disable"
                },
                "type": "ia.input.button"
              },
              {
                "meta": {
                  "name": "Label_4"
                },
                "position": {
                  "height": 29,
                  "width": 434,
                  "x": 175.2,
                  "y": 172.016
                },
                "props": {
                  "style": {
                    "borderBottomStyle": "solid",
                    "borderBottomWidth": 1,
                    "borderLeftStyle": "none",
                    "borderRightStyle": "none",
                    "borderTopStyle": "none",
                    "classes": "label"
                  },
                  "text": "Test Modes"
                },
                "type": "ia.display.label"
              },
              {
                "meta": {
                  "name": "EmbeddedView_0"
                },
                "position": {
                  "height": 178,
                  "width": 410,
                  "x": 280.038,
                  "y": 5.00453
                },
                "propConfig": {
                  "props.params.path": {
                    "binding": {
                      "config": {
                        "path": "view.params.path"
                      },
                      "type": "property"
                    }
                  }
                },
                "props": {
                  "params": {
                    "hideTopDropdown": true,
                    "wrapInstances": true
                  },
                  "path": "Templates/Popups/Lists/systems"
                },
                "type": "ia.display.view"
              }
            ],
            "meta": {
              "name": "homeCoordinateContainer"
            },
            "type": "ia.container.coord"
          },
          {
            "meta": {
              "name": "maintCoordinateContainer"
            },
            "position": {
              "tabIndex": 1
            },
            "type": "ia.container.coord"
          },
          {
            "children": [
              {
                "meta": {
                  "name": "AlarmStatusTable"
                },
                "position": {
                  "height": 303,
                  "width": 412.00000000000006,
                  "x": 1,
                  "y": 34.4483
                },
                "propConfig": {
                  "props.filters.active.conditions.source": {
                    "binding": {
                      "config": {
                        "path": "view.custom.almPath"
                      },
                      "transforms": [
                        {
                          "expression": "\u0027*\u0027 + {value} + \u0027/*\u0027",
                          "type": "expression"
                        }
                      ],
                      "type": "property"
                    }
                  }
                },
                "props": {
                  "columns": {
                    "active": {
                      "activeTime": {
                        "width": 100
                      },
                      "displayPath": {
                        "width": 150
                      },
                      "name": {
                        "enabled": false
                      },
                      "priority": {
                        "enabled": false
                      },
                      "source": {
                        "enabled": false
                      },
                      "state": {
                        "width": 100
                      }
                    }
                  },
                  "dateFormat": "MM/DD/YY HH:mm:ss",
                  "filters": {
                    "active": {
                      "conditions": {}
                    }
                  },
                  "toolbar": {
                    "enabled": false
                  }
                },
                "type": "ia.display.alarmstatustable"
              }
            ],
            "meta": {
              "name": "alarmCoordinateContainer"
            },
            "position": {
              "tabIndex": 3
            },
            "type": "ia.container.coord"
          },
          {
            "children": [
              {
                "meta": {
                  "name": "TimeSeriesChart"
                },
                "position": {
                  "height": 253,
                  "width": 413,
                  "y": 33.9936
                },
                "propConfig": {
                  "props.series[0].data": {
                    "binding": {
                      "config": {
                        "path": "view.params.path"
                      },
                      "enabled": false,
                      "transforms": [
                        {
                          "code": "\t\n\t\"\"\"\n\tAlter the logic below to select 3 or 4 device history tags\n\tto display in the trend.\n\t\"\"\"\n\tpath \u003d value\n\tdata \u003d []\n\t\n\thistPaths \u003d []\n\tanglePath \u003d path + \u0027/Out/angle\u0027\n\thistPaths.append(anglePath)\n\tvfd1Path \u003d path + \u0027/vfd1/In/actualVel\u0027\n\thistPaths.append(vfd1Path)\n\tvfd2Path \u003d path + \u0027/vfd2/In/actualVel\u0027\n\thistPaths.append(vfd2Path)\n\t\n\tendTime \u003d system.date.now()\n\tstartTime \u003d system.date.addHours(endTime, -8)\n\t\n\tdsHist \u003d system.tag.queryTagHistory(paths \u003d histPaths, startDate \u003d startTime, endDate \u003d endTime, returnSize \u003d 250, aggregationMode \u003d \u0027Average\u0027)\n\trows \u003d dsHist.getRowCount()\n\tif rows \u003e 0:\n\t\tfor row in range(rows):\n\t\t\ttime \u003d dsHist.getValueAt(row, 0)\n\t\t\tepoch \u003d system.date.secondsBetween(system.date.getDate(1970, 1, 1), time)\n\t\t\tttAngle \u003d dsHist.getValueAt(row, 1)\n\t\t\tvfd1Vel \u003d dsHist.getValueAt(row, 2)\n\t\t\tvfd2Vel \u003d dsHist.getValueAt(row, 3)\n\t\t\tdict \u003d {\"angle\":ttAngle, \"vfd1Vel\":vfd1Vel, \"vfd2Vel\":vfd2Vel, \"time\":epoch}\n\t\t\tdata.append(dict)\n\t\t\t\n\treturn data",
                          "type": "script"
                        }
                      ],
                      "type": "property"
                    }
                  }
                },
                "props": {
                  "series": [
                    {
                      "data": [
                        {
                          "angle": null,
                          "time": 1589361047,
                          "vfd1Vel": null,
                          "vfd2Vel": null
                        },
                        {
                          "angle": null,
                          "time": 1589361163,
                          "vfd1Vel": null,
                          "vfd2Vel": null
                        },
                        {
                          "angle": null,
                          "time": 1589361278,
                          "vfd1Vel": null,
                          "vfd2Vel": null
                        },
                        {
                          "angle": null,
                          "time": 1589361393,
                          "vfd1Vel": null,
                          "vfd2Vel": null
                        },
                        {
                          "angle": null,
                          "time": 1589361508,
                          "vfd1Vel": null,
                          "vfd2Vel": null
                        },
                        {
                          "angle": null,
                          "time": 1589361623,
                          "vfd1Vel": null,
                          "vfd2Vel": null
                        },
                        {
                          "angle": null,
                          "time": 1589361739,
                          "vfd1Vel": null,
                          "vfd2Vel": null
                        },
                        {
                          "angle": null,
                          "time": 1589361854,
                          "vfd1Vel": null,
                          "vfd2Vel": null
                        },
                        {
                          "angle": null,
                          "time": 1589361969,
                          "vfd1Vel": null,
                          "vfd2Vel": null
                        },
                        {
                          "angle": null,
                          "time": 1589362084,
                          "vfd1Vel": null,
                          "vfd2Vel": null
                        },
                        {
                          "angle": null,
                          "time": 1589362199,
                          "vfd1Vel": null,
                          "vfd2Vel": null
                        },
                        {
                          "angle": null,
                          "time": 1589362315,
                          "vfd1Vel": null,
                          "vfd2Vel": null
                        },
                        {
                          "angle": null,
                          "time": 1589362430,
                          "vfd1Vel": null,
                          "vfd2Vel": null
                        },
                        {
                          "angle": null,
                          "time": 1589362545,
                          "vfd1Vel": null,
                          "vfd2Vel": null
                        },
                        {
                          "angle": null,
                          "time": 1589362660,
                          "vfd1Vel": null,
                          "vfd2Vel": null
                        },
                        {
                          "angle": null,
                          "time": 1589362775,
                          "vfd1Vel": null,
                          "vfd2Vel": null
                        },
                        {
                          "angle": null,
                          "time": 1589362891,
                          "vfd1Vel": null,
                          "vfd2Vel": null
                        },
                        {
                          "angle": null,
                          "time": 1589363006,
                          "vfd1Vel": null,
                          "vfd2Vel": null
                        },
                        {
                          "angle": null,
                          "time": 1589363121,
                          "vfd1Vel": null,
                          "vfd2Vel": null
                        },
                        {
                          "angle": null,
                          "time": 1589363236,
                          "vfd1Vel": null,
                          "vfd2Vel": null
                        },
                        {
                          "angle": null,
                          "time": 1589363351,
                          "vfd1Vel": null,
                          "vfd2Vel": null
                        },
                        {
                          "angle": null,
                          "time": 1589363467,
                          "vfd1Vel": null,
                          "vfd2Vel": null
                        },
                        {
                          "angle": null,
                          "time": 1589363582,
                          "vfd1Vel": null,
                          "vfd2Vel": null
                        },
                        {
                          "angle": null,
                          "time": 1589363697,
                          "vfd1Vel": null,
                          "vfd2Vel": null
                        },
                        {
                          "angle": null,
                          "time": 1589363812,
                          "vfd1Vel": null,
                          "vfd2Vel": null
                        },
                        {
                          "angle": null,
                          "time": 1589363927,
                          "vfd1Vel": null,
                          "vfd2Vel": null
                        },
                        {
                          "angle": null,
                          "time": 1589364043,
                          "vfd1Vel": null,
                          "vfd2Vel": null
                        },
                        {
                          "angle": null,
                          "time": 1589364158,
                          "vfd1Vel": null,
                          "vfd2Vel": null
                        },
                        {
                          "angle": null,
                          "time": 1589364273,
                          "vfd1Vel": null,
                          "vfd2Vel": null
                        },
                        {
                          "angle": null,
                          "time": 1589364388,
                          "vfd1Vel": null,
                          "vfd2Vel": null
                        },
                        {
                          "angle": null,
                          "time": 1589364503,
                          "vfd1Vel": null,
                          "vfd2Vel": null
                        },
                        {
                          "angle": null,
                          "time": 1589364619,
                          "vfd1Vel": null,
                          "vfd2Vel": null
                        },
                        {
                          "angle": null,
                          "time": 1589364734,
                          "vfd1Vel": null,
                          "vfd2Vel": null
                        },
                        {
                          "angle": null,
                          "time": 1589364849,
                          "vfd1Vel": null,
                          "vfd2Vel": null
                        },
                        {
                          "angle": null,
                          "time": 1589364964,
                          "vfd1Vel": null,
                          "vfd2Vel": null
                        },
                        {
                          "angle": null,
                          "time": 1589365079,
                          "vfd1Vel": null,
                          "vfd2Vel": null
                        },
                        {
                          "angle": null,
                          "time": 1589365195,
                          "vfd1Vel": null,
                          "vfd2Vel": null
                        },
                        {
                          "angle": null,
                          "time": 1589365310,
                          "vfd1Vel": null,
                          "vfd2Vel": null
                        },
                        {
                          "angle": null,
                          "time": 1589365425,
                          "vfd1Vel": null,
                          "vfd2Vel": null
                        },
                        {
                          "angle": null,
                          "time": 1589365540,
                          "vfd1Vel": null,
                          "vfd2Vel": null
                        },
                        {
                          "angle": null,
                          "time": 1589365655,
                          "vfd1Vel": null,
                          "vfd2Vel": null
                        },
                        {
                          "angle": null,
                          "time": 1589365771,
                          "vfd1Vel": null,
                          "vfd2Vel": null
                        },
                        {
                          "angle": null,
                          "time": 1589365886,
                          "vfd1Vel": null,
                          "vfd2Vel": null
                        },
                        {
                          "angle": null,
                          "time": 1589366001,
                          "vfd1Vel": null,
                          "vfd2Vel": null
                        },
                        {
                          "angle": null,
                          "time": 1589366116,
                          "vfd1Vel": null,
                          "vfd2Vel": null
                        },
                        {
                          "angle": null,
                          "time": 1589366231,
                          "vfd1Vel": null,
                          "vfd2Vel": null
                        },
                        {
                          "angle": null,
                          "time": 1589366347,
                          "vfd1Vel": null,
                          "vfd2Vel": null
                        },
                        {
                          "angle": null,
                          "time": 1589366462,
                          "vfd1Vel": null,
                          "vfd2Vel": null
                        },
                        {
                          "angle": null,
                          "time": 1589366577,
                          "vfd1Vel": null,
                          "vfd2Vel": null
                        },
                        {
                          "angle": null,
                          "time": 1589366692,
                          "vfd1Vel": null,
                          "vfd2Vel": null
                        },
                        {
                          "angle": null,
                          "time": 1589366807,
                          "vfd1Vel": null,
                          "vfd2Vel": null
                        },
                        {
                          "angle": null,
                          "time": 1589366923,
                          "vfd1Vel": null,
                          "vfd2Vel": null
                        },
                        {
                          "angle": null,
                          "time": 1589367038,
                          "vfd1Vel": null,
                          "vfd2Vel": null
                        },
                        {
                          "angle": null,
                          "time": 1589367153,
                          "vfd1Vel": null,
                          "vfd2Vel": null
                        },
                        {
                          "angle": null,
                          "time": 1589367268,
                          "vfd1Vel": null,
                          "vfd2Vel": null
                        },
                        {
                          "angle": null,
                          "time": 1589367383,
                          "vfd1Vel": null,
                          "vfd2Vel": null
                        },
                        {
                          "angle": null,
                          "time": 1589367499,
                          "vfd1Vel": null,
                          "vfd2Vel": null
                        },
                        {
                          "angle": null,
                          "time": 1589367614,
                          "vfd1Vel": null,
                          "vfd2Vel": null
                        },
                        {
                          "angle": null,
                          "time": 1589367729,
                          "vfd1Vel": null,
                          "vfd2Vel": null
                        },
                        {
                          "angle": null,
                          "time": 1589367844,
                          "vfd1Vel": null,
                          "vfd2Vel": null
                        },
                        {
                          "angle": null,
                          "time": 1589367959,
                          "vfd1Vel": null,
                          "vfd2Vel": null
                        },
                        {
                          "angle": null,
                          "time": 1589368075,
                          "vfd1Vel": null,
                          "vfd2Vel": null
                        },
                        {
                          "angle": null,
                          "time": 1589368190,
                          "vfd1Vel": null,
                          "vfd2Vel": null
                        },
                        {
                          "angle": null,
                          "time": 1589368305,
                          "vfd1Vel": null,
                          "vfd2Vel": null
                        },
                        {
                          "angle": null,
                          "time": 1589368420,
                          "vfd1Vel": null,
                          "vfd2Vel": null
                        },
                        {
                          "angle": null,
                          "time": 1589368535,
                          "vfd1Vel": null,
                          "vfd2Vel": null
                        },
                        {
                          "angle": null,
                          "time": 1589368651,
                          "vfd1Vel": null,
                          "vfd2Vel": null
                        },
                        {
                          "angle": null,
                          "time": 1589368766,
                          "vfd1Vel": null,
                          "vfd2Vel": null
                        },
                        {
                          "angle": null,
                          "time": 1589368881,
                          "vfd1Vel": null,
                          "vfd2Vel": null
                        },
                        {
                          "angle": null,
                          "time": 1589368996,
                          "vfd1Vel": null,
                          "vfd2Vel": null
                        },
                        {
                          "angle": null,
                          "time": 1589369111,
                          "vfd1Vel": null,
                          "vfd2Vel": null
                        },
                        {
                          "angle": null,
                          "time": 1589369227,
                          "vfd1Vel": null,
                          "vfd2Vel": null
                        },
                        {
                          "angle": null,
                          "time": 1589369342,
                          "vfd1Vel": null,
                          "vfd2Vel": null
                        },
                        {
                          "angle": null,
                          "time": 1589369457,
                          "vfd1Vel": null,
                          "vfd2Vel": null
                        },
                        {
                          "angle": null,
                          "time": 1589369572,
                          "vfd1Vel": null,
                          "vfd2Vel": null
                        },
                        {
                          "angle": null,
                          "time": 1589369687,
                          "vfd1Vel": null,
                          "vfd2Vel": null
                        },
                        {
                          "angle": null,
                          "time": 1589369803,
                          "vfd1Vel": null,
                          "vfd2Vel": null
                        },
                        {
                          "angle": null,
                          "time": 1589369918,
                          "vfd1Vel": null,
                          "vfd2Vel": null
                        },
                        {
                          "angle": null,
                          "time": 1589370033,
                          "vfd1Vel": null,
                          "vfd2Vel": null
                        },
                        {
                          "angle": null,
                          "time": 1589370148,
                          "vfd1Vel": null,
                          "vfd2Vel": null
                        },
                        {
                          "angle": null,
                          "time": 1589370263,
                          "vfd1Vel": null,
                          "vfd2Vel": null
                        },
                        {
                          "angle": null,
                          "time": 1589370379,
                          "vfd1Vel": null,
                          "vfd2Vel": null
                        },
                        {
                          "angle": null,
                          "time": 1589370494,
                          "vfd1Vel": null,
                          "vfd2Vel": null
                        },
                        {
                          "angle": null,
                          "time": 1589370609,
                          "vfd1Vel": null,
                          "vfd2Vel": null
                        },
                        {
                          "angle": null,
                          "time": 1589370724,
                          "vfd1Vel": null,
                          "vfd2Vel": null
                        },
                        {
                          "angle": null,
                          "time": 1589370839,
                          "vfd1Vel": null,
                          "vfd2Vel": null
                        },
                        {
                          "angle": null,
                          "time": 1589370955,
                          "vfd1Vel": null,
                          "vfd2Vel": null
                        },
                        {
                          "angle": null,
                          "time": 1589371070,
                          "vfd1Vel": null,
                          "vfd2Vel": null
                        },
                        {
                          "angle": null,
                          "time": 1589371185,
                          "vfd1Vel": null,
                          "vfd2Vel": null
                        },
                        {
                          "angle": null,
                          "time": 1589371300,
                          "vfd1Vel": null,
                          "vfd2Vel": null
                        },
                        {
                          "angle": null,
                          "time": 1589371415,
                          "vfd1Vel": null,
                          "vfd2Vel": null
                        },
                        {
                          "angle": null,
                          "time": 1589371531,
                          "vfd1Vel": null,
                          "vfd2Vel": null
                        },
                        {
                          "angle": null,
                          "time": 1589371646,
                          "vfd1Vel": null,
                          "vfd2Vel": null
                        },
                        {
                          "angle": null,
                          "time": 1589371761,
                          "vfd1Vel": null,
                          "vfd2Vel": null
                        },
                        {
                          "angle": null,
                          "time": 1589371876,
                          "vfd1Vel": null,
                          "vfd2Vel": null
                        },
                        {
                          "angle": null,
                          "time": 1589371991,
                          "vfd1Vel": null,
                          "vfd2Vel": null
                        },
                        {
                          "angle": null,
                          "time": 1589372107,
                          "vfd1Vel": null,
                          "vfd2Vel": null
                        },
                        {
                          "angle": null,
                          "time": 1589372222,
                          "vfd1Vel": null,
                          "vfd2Vel": null
                        },
                        {
                          "angle": null,
                          "time": 1589372337,
                          "vfd1Vel": null,
                          "vfd2Vel": null
                        },
                        {
                          "angle": null,
                          "time": 1589372452,
                          "vfd1Vel": null,
                          "vfd2Vel": null
                        },
                        {
                          "angle": null,
                          "time": 1589372567,
                          "vfd1Vel": null,
                          "vfd2Vel": null
                        },
                        {
                          "angle": null,
                          "time": 1589372683,
                          "vfd1Vel": null,
                          "vfd2Vel": null
                        },
                        {
                          "angle": null,
                          "time": 1589372798,
                          "vfd1Vel": null,
                          "vfd2Vel": null
                        },
                        {
                          "angle": null,
                          "time": 1589372913,
                          "vfd1Vel": null,
                          "vfd2Vel": null
                        },
                        {
                          "angle": null,
                          "time": 1589373028,
                          "vfd1Vel": null,
                          "vfd2Vel": null
                        },
                        {
                          "angle": null,
                          "time": 1589373143,
                          "vfd1Vel": null,
                          "vfd2Vel": null
                        },
                        {
                          "angle": null,
                          "time": 1589373259,
                          "vfd1Vel": null,
                          "vfd2Vel": null
                        },
                        {
                          "angle": null,
                          "time": 1589373374,
                          "vfd1Vel": null,
                          "vfd2Vel": null
                        },
                        {
                          "angle": null,
                          "time": 1589373489,
                          "vfd1Vel": null,
                          "vfd2Vel": null
                        },
                        {
                          "angle": null,
                          "time": 1589373604,
                          "vfd1Vel": null,
                          "vfd2Vel": null
                        },
                        {
                          "angle": null,
                          "time": 1589373719,
                          "vfd1Vel": null,
                          "vfd2Vel": null
                        },
                        {
                          "angle": null,
                          "time": 1589373835,
                          "vfd1Vel": null,
                          "vfd2Vel": null
                        },
                        {
                          "angle": null,
                          "time": 1589373950,
                          "vfd1Vel": null,
                          "vfd2Vel": null
                        },
                        {
                          "angle": null,
                          "time": 1589374065,
                          "vfd1Vel": null,
                          "vfd2Vel": null
                        },
                        {
                          "angle": null,
                          "time": 1589374180,
                          "vfd1Vel": null,
                          "vfd2Vel": null
                        },
                        {
                          "angle": null,
                          "time": 1589374295,
                          "vfd1Vel": null,
                          "vfd2Vel": null
                        },
                        {
                          "angle": null,
                          "time": 1589374411,
                          "vfd1Vel": null,
                          "vfd2Vel": null
                        },
                        {
                          "angle": null,
                          "time": 1589374526,
                          "vfd1Vel": null,
                          "vfd2Vel": null
                        },
                        {
                          "angle": null,
                          "time": 1589374641,
                          "vfd1Vel": null,
                          "vfd2Vel": null
                        },
                        {
                          "angle": null,
                          "time": 1589374756,
                          "vfd1Vel": null,
                          "vfd2Vel": null
                        },
                        {
                          "angle": null,
                          "time": 1589374871,
                          "vfd1Vel": null,
                          "vfd2Vel": null
                        },
                        {
                          "angle": null,
                          "time": 1589374987,
                          "vfd1Vel": null,
                          "vfd2Vel": null
                        },
                        {
                          "angle": null,
                          "time": 1589375102,
                          "vfd1Vel": null,
                          "vfd2Vel": null
                        },
                        {
                          "angle": null,
                          "time": 1589375217,
                          "vfd1Vel": null,
                          "vfd2Vel": null
                        },
                        {
                          "angle": null,
                          "time": 1589375332,
                          "vfd1Vel": null,
                          "vfd2Vel": null
                        },
                        {
                          "angle": null,
                          "time": 1589375447,
                          "vfd1Vel": null,
                          "vfd2Vel": null
                        },
                        {
                          "angle": null,
                          "time": 1589375563,
                          "vfd1Vel": null,
                          "vfd2Vel": null
                        },
                        {
                          "angle": null,
                          "time": 1589375678,
                          "vfd1Vel": null,
                          "vfd2Vel": null
                        },
                        {
                          "angle": null,
                          "time": 1589375793,
                          "vfd1Vel": null,
                          "vfd2Vel": null
                        },
                        {
                          "angle": null,
                          "time": 1589375908,
                          "vfd1Vel": null,
                          "vfd2Vel": null
                        },
                        {
                          "angle": null,
                          "time": 1589376023,
                          "vfd1Vel": null,
                          "vfd2Vel": null
                        },
                        {
                          "angle": null,
                          "time": 1589376139,
                          "vfd1Vel": null,
                          "vfd2Vel": null
                        },
                        {
                          "angle": null,
                          "time": 1589376254,
                          "vfd1Vel": null,
                          "vfd2Vel": null
                        },
                        {
                          "angle": null,
                          "time": 1589376369,
                          "vfd1Vel": null,
                          "vfd2Vel": null
                        },
                        {
                          "angle": null,
                          "time": 1589376484,
                          "vfd1Vel": null,
                          "vfd2Vel": null
                        },
                        {
                          "angle": null,
                          "time": 1589376599,
                          "vfd1Vel": null,
                          "vfd2Vel": null
                        },
                        {
                          "angle": null,
                          "time": 1589376715,
                          "vfd1Vel": null,
                          "vfd2Vel": null
                        },
                        {
                          "angle": null,
                          "time": 1589376830,
                          "vfd1Vel": null,
                          "vfd2Vel": null
                        },
                        {
                          "angle": null,
                          "time": 1589376945,
                          "vfd1Vel": null,
                          "vfd2Vel": null
                        },
                        {
                          "angle": null,
                          "time": 1589377060,
                          "vfd1Vel": null,
                          "vfd2Vel": null
                        },
                        {
                          "angle": null,
                          "time": 1589377175,
                          "vfd1Vel": null,
                          "vfd2Vel": null
                        },
                        {
                          "angle": null,
                          "time": 1589377291,
                          "vfd1Vel": null,
                          "vfd2Vel": null
                        },
                        {
                          "angle": null,
                          "time": 1589377406,
                          "vfd1Vel": null,
                          "vfd2Vel": null
                        },
                        {
                          "angle": null,
                          "time": 1589377521,
                          "vfd1Vel": null,
                          "vfd2Vel": null
                        },
                        {
                          "angle": null,
                          "time": 1589377636,
                          "vfd1Vel": null,
                          "vfd2Vel": null
                        },
                        {
                          "angle": null,
                          "time": 1589377751,
                          "vfd1Vel": null,
                          "vfd2Vel": null
                        },
                        {
                          "angle": null,
                          "time": 1589377867,
                          "vfd1Vel": null,
                          "vfd2Vel": null
                        },
                        {
                          "angle": null,
                          "time": 1589377982,
                          "vfd1Vel": null,
                          "vfd2Vel": null
                        },
                        {
                          "angle": null,
                          "time": 1589378097,
                          "vfd1Vel": null,
                          "vfd2Vel": null
                        },
                        {
                          "angle": null,
                          "time": 1589378212,
                          "vfd1Vel": null,
                          "vfd2Vel": null
                        },
                        {
                          "angle": null,
                          "time": 1589378327,
                          "vfd1Vel": null,
                          "vfd2Vel": null
                        },
                        {
                          "angle": null,
                          "time": 1589378443,
                          "vfd1Vel": null,
                          "vfd2Vel": null
                        },
                        {
                          "angle": null,
                          "time": 1589378558,
                          "vfd1Vel": null,
                          "vfd2Vel": null
                        },
                        {
                          "angle": null,
                          "time": 1589378673,
                          "vfd1Vel": null,
                          "vfd2Vel": null
                        },
                        {
                          "angle": null,
                          "time": 1589378788,
                          "vfd1Vel": null,
                          "vfd2Vel": null
                        },
                        {
                          "angle": null,
                          "time": 1589378903,
                          "vfd1Vel": null,
                          "vfd2Vel": null
                        },
                        {
                          "angle": null,
                          "time": 1589379019,
                          "vfd1Vel": null,
                          "vfd2Vel": null
                        },
                        {
                          "angle": null,
                          "time": 1589379134,
                          "vfd1Vel": null,
                          "vfd2Vel": null
                        },
                        {
                          "angle": null,
                          "time": 1589379249,
                          "vfd1Vel": null,
                          "vfd2Vel": null
                        },
                        {
                          "angle": null,
                          "time": 1589379364,
                          "vfd1Vel": null,
                          "vfd2Vel": null
                        },
                        {
                          "angle": null,
                          "time": 1589379479,
                          "vfd1Vel": null,
                          "vfd2Vel": null
                        },
                        {
                          "angle": null,
                          "time": 1589379595,
                          "vfd1Vel": null,
                          "vfd2Vel": null
                        },
                        {
                          "angle": null,
                          "time": 1589379710,
                          "vfd1Vel": null,
                          "vfd2Vel": null
                        },
                        {
                          "angle": null,
                          "time": 1589379825,
                          "vfd1Vel": null,
                          "vfd2Vel": null
                        },
                        {
                          "angle": null,
                          "time": 1589379940,
                          "vfd1Vel": null,
                          "vfd2Vel": null
                        },
                        {
                          "angle": null,
                          "time": 1589380055,
                          "vfd1Vel": null,
                          "vfd2Vel": null
                        },
                        {
                          "angle": null,
                          "time": 1589380171,
                          "vfd1Vel": null,
                          "vfd2Vel": null
                        },
                        {
                          "angle": null,
                          "time": 1589380286,
                          "vfd1Vel": null,
                          "vfd2Vel": null
                        },
                        {
                          "angle": null,
                          "time": 1589380401,
                          "vfd1Vel": null,
                          "vfd2Vel": null
                        },
                        {
                          "angle": null,
                          "time": 1589380516,
                          "vfd1Vel": null,
                          "vfd2Vel": null
                        },
                        {
                          "angle": null,
                          "time": 1589380631,
                          "vfd1Vel": null,
                          "vfd2Vel": null
                        },
                        {
                          "angle": null,
                          "time": 1589380747,
                          "vfd1Vel": null,
                          "vfd2Vel": null
                        },
                        {
                          "angle": null,
                          "time": 1589380862,
                          "vfd1Vel": null,
                          "vfd2Vel": null
                        },
                        {
                          "angle": null,
                          "time": 1589380977,
                          "vfd1Vel": null,
                          "vfd2Vel": null
                        },
                        {
                          "angle": null,
                          "time": 1589381092,
                          "vfd1Vel": null,
                          "vfd2Vel": null
                        },
                        {
                          "angle": null,
                          "time": 1589381207,
                          "vfd1Vel": null,
                          "vfd2Vel": null
                        },
                        {
                          "angle": null,
                          "time": 1589381323,
                          "vfd1Vel": null,
                          "vfd2Vel": null
                        },
                        {
                          "angle": null,
                          "time": 1589381438,
                          "vfd1Vel": null,
                          "vfd2Vel": null
                        },
                        {
                          "angle": null,
                          "time": 1589381553,
                          "vfd1Vel": null,
                          "vfd2Vel": null
                        },
                        {
                          "angle": null,
                          "time": 1589381668,
                          "vfd1Vel": null,
                          "vfd2Vel": null
                        },
                        {
                          "angle": null,
                          "time": 1589381783,
                          "vfd1Vel": null,
                          "vfd2Vel": null
                        },
                        {
                          "angle": null,
                          "time": 1589381899,
                          "vfd1Vel": null,
                          "vfd2Vel": null
                        },
                        {
                          "angle": null,
                          "time": 1589382014,
                          "vfd1Vel": null,
                          "vfd2Vel": null
                        },
                        {
                          "angle": null,
                          "time": 1589382129,
                          "vfd1Vel": null,
                          "vfd2Vel": null
                        },
                        {
                          "angle": null,
                          "time": 1589382244,
                          "vfd1Vel": null,
                          "vfd2Vel": null
                        },
                        {
                          "angle": null,
                          "time": 1589382359,
                          "vfd1Vel": null,
                          "vfd2Vel": null
                        },
                        {
                          "angle": null,
                          "time": 1589382475,
                          "vfd1Vel": null,
                          "vfd2Vel": null
                        },
                        {
                          "angle": null,
                          "time": 1589382590,
                          "vfd1Vel": null,
                          "vfd2Vel": null
                        },
                        {
                          "angle": null,
                          "time": 1589382705,
                          "vfd1Vel": null,
                          "vfd2Vel": null
                        },
                        {
                          "angle": null,
                          "time": 1589382820,
                          "vfd1Vel": null,
                          "vfd2Vel": null
                        },
                        {
                          "angle": null,
                          "time": 1589382935,
                          "vfd1Vel": null,
                          "vfd2Vel": null
                        },
                        {
                          "angle": null,
                          "time": 1589383051,
                          "vfd1Vel": null,
                          "vfd2Vel": null
                        },
                        {
                          "angle": null,
                          "time": 1589383166,
                          "vfd1Vel": null,
                          "vfd2Vel": null
                        },
                        {
                          "angle": null,
                          "time": 1589383281,
                          "vfd1Vel": null,
                          "vfd2Vel": null
                        },
                        {
                          "angle": null,
                          "time": 1589383396,
                          "vfd1Vel": null,
                          "vfd2Vel": null
                        },
                        {
                          "angle": null,
                          "time": 1589383511,
                          "vfd1Vel": null,
                          "vfd2Vel": null
                        },
                        {
                          "angle": null,
                          "time": 1589383627,
                          "vfd1Vel": null,
                          "vfd2Vel": null
                        },
                        {
                          "angle": null,
                          "time": 1589383742,
                          "vfd1Vel": null,
                          "vfd2Vel": null
                        },
                        {
                          "angle": null,
                          "time": 1589383857,
                          "vfd1Vel": null,
                          "vfd2Vel": null
                        },
                        {
                          "angle": null,
                          "time": 1589383972,
                          "vfd1Vel": null,
                          "vfd2Vel": null
                        },
                        {
                          "angle": null,
                          "time": 1589384087,
                          "vfd1Vel": null,
                          "vfd2Vel": null
                        },
                        {
                          "angle": null,
                          "time": 1589384203,
                          "vfd1Vel": null,
                          "vfd2Vel": null
                        },
                        {
                          "angle": null,
                          "time": 1589384318,
                          "vfd1Vel": null,
                          "vfd2Vel": null
                        },
                        {
                          "angle": null,
                          "time": 1589384433,
                          "vfd1Vel": null,
                          "vfd2Vel": null
                        },
                        {
                          "angle": null,
                          "time": 1589384548,
                          "vfd1Vel": null,
                          "vfd2Vel": null
                        },
                        {
                          "angle": null,
                          "time": 1589384663,
                          "vfd1Vel": null,
                          "vfd2Vel": null
                        },
                        {
                          "angle": null,
                          "time": 1589384779,
                          "vfd1Vel": null,
                          "vfd2Vel": null
                        },
                        {
                          "angle": null,
                          "time": 1589384894,
                          "vfd1Vel": null,
                          "vfd2Vel": null
                        },
                        {
                          "angle": null,
                          "time": 1589385009,
                          "vfd1Vel": null,
                          "vfd2Vel": null
                        },
                        {
                          "angle": null,
                          "time": 1589385124,
                          "vfd1Vel": null,
                          "vfd2Vel": null
                        },
                        {
                          "angle": null,
                          "time": 1589385239,
                          "vfd1Vel": null,
                          "vfd2Vel": null
                        },
                        {
                          "angle": null,
                          "time": 1589385355,
                          "vfd1Vel": null,
                          "vfd2Vel": null
                        },
                        {
                          "angle": null,
                          "time": 1589385470,
                          "vfd1Vel": null,
                          "vfd2Vel": null
                        },
                        {
                          "angle": null,
                          "time": 1589385585,
                          "vfd1Vel": null,
                          "vfd2Vel": null
                        },
                        {
                          "angle": null,
                          "time": 1589385700,
                          "vfd1Vel": null,
                          "vfd2Vel": null
                        },
                        {
                          "angle": null,
                          "time": 1589385815,
                          "vfd1Vel": null,
                          "vfd2Vel": null
                        },
                        {
                          "angle": null,
                          "time": 1589385931,
                          "vfd1Vel": null,
                          "vfd2Vel": null
                        },
                        {
                          "angle": null,
                          "time": 1589386046,
                          "vfd1Vel": null,
                          "vfd2Vel": null
                        },
                        {
                          "angle": null,
                          "time": 1589386161,
                          "vfd1Vel": null,
                          "vfd2Vel": null
                        },
                        {
                          "angle": null,
                          "time": 1589386276,
                          "vfd1Vel": null,
                          "vfd2Vel": null
                        },
                        {
                          "angle": null,
                          "time": 1589386391,
                          "vfd1Vel": null,
                          "vfd2Vel": null
                        },
                        {
                          "angle": null,
                          "time": 1589386507,
                          "vfd1Vel": null,
                          "vfd2Vel": null
                        },
                        {
                          "angle": null,
                          "time": 1589386622,
                          "vfd1Vel": null,
                          "vfd2Vel": null
                        },
                        {
                          "angle": null,
                          "time": 1589386737,
                          "vfd1Vel": null,
                          "vfd2Vel": null
                        },
                        {
                          "angle": null,
                          "time": 1589386852,
                          "vfd1Vel": null,
                          "vfd2Vel": null
                        },
                        {
                          "angle": null,
                          "time": 1589386967,
                          "vfd1Vel": null,
                          "vfd2Vel": null
                        },
                        {
                          "angle": null,
                          "time": 1589387083,
                          "vfd1Vel": null,
                          "vfd2Vel": null
                        },
                        {
                          "angle": null,
                          "time": 1589387198,
                          "vfd1Vel": null,
                          "vfd2Vel": null
                        },
                        {
                          "angle": null,
                          "time": 1589387313,
                          "vfd1Vel": null,
                          "vfd2Vel": null
                        },
                        {
                          "angle": null,
                          "time": 1589387428,
                          "vfd1Vel": null,
                          "vfd2Vel": null
                        },
                        {
                          "angle": null,
                          "time": 1589387543,
                          "vfd1Vel": null,
                          "vfd2Vel": null
                        },
                        {
                          "angle": null,
                          "time": 1589387659,
                          "vfd1Vel": null,
                          "vfd2Vel": null
                        },
                        {
                          "angle": null,
                          "time": 1589387774,
                          "vfd1Vel": null,
                          "vfd2Vel": null
                        },
                        {
                          "angle": null,
                          "time": 1589387889,
                          "vfd1Vel": null,
                          "vfd2Vel": null
                        },
                        {
                          "angle": null,
                          "time": 1589388004,
                          "vfd1Vel": null,
                          "vfd2Vel": null
                        },
                        {
                          "angle": null,
                          "time": 1589388119,
                          "vfd1Vel": null,
                          "vfd2Vel": null
                        },
                        {
                          "angle": null,
                          "time": 1589388235,
                          "vfd1Vel": null,
                          "vfd2Vel": null
                        },
                        {
                          "angle": null,
                          "time": 1589388350,
                          "vfd1Vel": null,
                          "vfd2Vel": null
                        },
                        {
                          "angle": null,
                          "time": 1589388465,
                          "vfd1Vel": null,
                          "vfd2Vel": null
                        },
                        {
                          "angle": null,
                          "time": 1589388580,
                          "vfd1Vel": null,
                          "vfd2Vel": null
                        },
                        {
                          "angle": null,
                          "time": 1589388695,
                          "vfd1Vel": null,
                          "vfd2Vel": null
                        },
                        {
                          "angle": null,
                          "time": 1589388811,
                          "vfd1Vel": null,
                          "vfd2Vel": null
                        },
                        {
                          "angle": null,
                          "time": 1589388926,
                          "vfd1Vel": null,
                          "vfd2Vel": null
                        },
                        {
                          "angle": null,
                          "time": 1589389041,
                          "vfd1Vel": null,
                          "vfd2Vel": null
                        },
                        {
                          "angle": null,
                          "time": 1589389156,
                          "vfd1Vel": null,
                          "vfd2Vel": null
                        },
                        {
                          "angle": null,
                          "time": 1589389271,
                          "vfd1Vel": null,
                          "vfd2Vel": null
                        },
                        {
                          "angle": null,
                          "time": 1589389387,
                          "vfd1Vel": null,
                          "vfd2Vel": null
                        },
                        {
                          "angle": null,
                          "time": 1589389502,
                          "vfd1Vel": null,
                          "vfd2Vel": null
                        },
                        {
                          "angle": null,
                          "time": 1589389617,
                          "vfd1Vel": null,
                          "vfd2Vel": null
                        },
                        {
                          "angle": null,
                          "time": 1589389732,
                          "vfd1Vel": null,
                          "vfd2Vel": null
                        }
                      ],
                      "name": "Dev Type"
                    }
                  ]
                },
                "type": "ia.chart.timeseries"
              },
              {
                "events": {
                  "dom": {
                    "onClick": {
                      "config": {
                        "draggable": true,
                        "id": "{/root/TabContainer/trendCoordinateContainer/Button.custom.id}",
                        "modal": false,
                        "overlayDismiss": false,
                        "resizable": true,
                        "showCloseIcon": false,
                        "type": "open",
                        "viewParams": {
                          "id": "{/root/TabContainer/trendCoordinateContainer/Button.custom.id}",
                          "path": "{view.params.path}"
                        },
                        "viewPath": "AdHocTrends/AdHocTrendsWrap"
                      },
                      "scope": "C",
                      "type": "popup"
                    }
                  }
                },
                "meta": {
                  "name": "Button"
                },
                "position": {
                  "height": 44,
                  "width": 102,
                  "x": 165.5,
                  "y": 286.968
                },
                "propConfig": {
                  "custom.id": {
                    "binding": {
                      "config": {
                        "path": "view.params.id"
                      },
                      "transforms": [
                        {
                          "expression": "{value} + \u0027/AdHocTrend\u0027",
                          "type": "expression"
                        }
                      ],
                      "type": "property"
                    }
                  }
                },
                "props": {
                  "style": {
                    "classes": "button",
                    "cursor": "pointer"
                  },
                  "text": "Ad Hoc Trend"
                },
                "type": "ia.input.button"
              }
            ],
            "meta": {
              "name": "trendCoordinateContainer"
            },
            "position": {
              "tabIndex": 2
            },
            "type": "ia.container.coord"
          },
          {
            "children": [
              {
                "meta": {
                  "name": "txtDevDesc"
                },
                "position": {
                  "height": 20,
                  "width": 180,
                  "x": 203,
                  "y": 15
                },
                "propConfig": {
                  "props.text": {
                    "binding": {
                      "config": {
                        "bidirectional": true,
                        "fallbackDelay": 2.5,
                        "mode": "indirect",
                        "references": {
                          "path": "{view.params.path}"
                        },
                        "tagPath": "{path}/metaData/Description"
                      },
                      "type": "tag"
                    }
                  }
                },
                "type": "ia.input.text-field"
              },
              {
                "meta": {
                  "name": "lblDevDesc"
                },
                "position": {
                  "height": 20,
                  "width": 146,
                  "x": 52,
                  "y": 15
                },
                "props": {
                  "text": "Device Description:"
                },
                "type": "ia.display.label"
              }
            ],
            "meta": {
              "name": "labelsCoordinateContainer"
            },
            "position": {
              "tabIndex": 4
            },
            "type": "ia.container.coord"
          }
        ],
        "meta": {
          "name": "TabContainer"
        },
        "position": {
          "height": 375,
          "width": 788,
          "x": 0.999716,
          "y": 0.9997160000000065
        },
        "propConfig": {
          "props.tabStyle.active.backgroundColor": {
            "binding": {
              "config": {
                "expression": "if({session.props.theme} \u003d \u0027light\u0027, \u0027#E7E7E7\u0027, \u0027#555555\u0027)"
              },
              "type": "expr"
            }
          }
        },
        "props": {
          "tabStyle": {
            "active": {
              "borderBottomLeftRadius": 5,
              "borderBottomRightRadius": 5,
              "borderStyle": "double",
              "borderTopLeftRadius": 5,
              "borderTopRightRadius": 5,
              "borderWidth": 2
            },
            "inactive": {
              "borderBottomLeftRadius": 5,
              "borderBottomRightRadius": 5,
              "borderStyle": "outset",
              "borderTopLeftRadius": 5,
              "borderTopRightRadius": 5,
              "borderWidth": 2
            }
          },
          "tabs": [
            {
              "viewPath": "Templates/Popups/tabIcons/home"
            },
            {
              "viewPath": "Templates/Popups/tabIcons/maintenance"
            },
            {
              "viewPath": "Templates/Popups/tabIcons/trend"
            },
            {
              "viewPath": "Templates/Popups/tabIcons/alarms"
            },
            {
              "viewPath": "Templates/Popups/tabIcons/labels"
            }
          ]
        },
        "type": "ia.container.tab"
      },
      {
        "events": {
          "component": {
            "onActionPerformed": {
              "config": {
                "draggable": true,
                "id": "{view.params.id}",
                "modal": false,
                "overlayDismiss": false,
                "resizable": true,
                "showCloseIcon": false,
                "type": "close",
                "viewPath": ""
              },
              "scope": "C",
              "type": "popup"
            }
          }
        },
        "meta": {
          "name": "Button_0"
        },
        "position": {
          "height": 44,
          "width": 88,
          "x": 352.5,
          "y": 390
        },
        "props": {
          "style": {
            "classes": "button",
            "cursor": "pointer"
          },
          "text": "Close"
        },
        "type": "ia.input.button"
      }
    ],
    "events": {
      "system": {
        "onStartup": {
          "config": {
            "script": "\tself.getChild(\"TabContainer\").props.currentTabIndex \u003d 0"
          },
          "scope": "G",
          "type": "script"
        }
      }
    },
    "meta": {
      "name": "root"
    },
    "position": {
      "x": -268,
      "y": -188
    },
    "props": {
      "style": {
        "borderStyle": "solid",
        "borderWidth": 1
      }
    },
    "type": "ia.container.coord"
  }
}