{
  "custom": {},
  "params": {
    "imagePath": "Map_Layers/Universal_Map_Show_Layer_v01.svg"
  },
  "propConfig": {
    "params.imagePath": {
      "paramDirection": "input",
      "persistent": true
    }
  },
  "props": {},
  "root": {
    "children": [
      {
        "meta": {
          "name": "Image"
        },
        "position": {
          "basis": "638px",
          "grow": 1
        },
        "propConfig": {
          "props.source": {
            "binding": {
              "config": {
                "expression": "\u0027/system/images/\u0027 + {view.params.imagePath}"
              },
              "type": "expr"
            }
          }
        },
        "props": {
          "fit": {
            "mode": "fill"
          }
        },
        "type": "ia.display.image"
      }
    ],
    "meta": {
      "name": "root"
    },
    "props": {
      "direction": "column"
    },
    "type": "ia.container.flex"
  }
}