{
  "custom": {},
  "params": {
    "path": "[Park]area905/Test Track/vehicle01"
  },
  "propConfig": {
    "params.path": {
      "paramDirection": "input",
      "persistent": true
    }
  },
  "props": {},
  "root": {
    "children": [
      {
        "meta": {
          "name": "Label"
        },
        "position": {
          "height": 37,
          "width": 605,
          "x": 97.5
        },
        "propConfig": {
          "props.text": {
            "binding": {
              "config": {
                "fallbackDelay": 2.5,
                "mode": "indirect",
                "references": {
                  "1": "{view.params.path}"
                },
                "tagPath": "{1}/metaData/Description"
              },
              "type": "tag"
            }
          }
        },
        "props": {
          "alignVertical": "center",
          "style": {
            "classes": "pageHeader"
          }
        },
        "type": "ia.display.label"
      },
      {
        "meta": {
          "name": "Label_0"
        },
        "position": {
          "height": 19,
          "width": 118,
          "x": 97.5,
          "y": 68
        },
        "propConfig": {
          "meta.visible": {
            "binding": {
              "config": {
                "fallbackDelay": 2.5,
                "mode": "indirect",
                "references": {
                  "1": "{view.params.path}"
                },
                "tagPath": "{1}/vfdUsage[0]"
              },
              "type": "tag"
            }
          },
          "props.text": {
            "binding": {
              "config": {
                "fallbackDelay": 2.5,
                "mode": "indirect",
                "references": {
                  "1": "{view.params.path}"
                },
                "tagPath": "{1}/VFD101/metaData/Description"
              },
              "type": "tag"
            }
          }
        },
        "props": {
          "style": {
            "classes": "label"
          }
        },
        "type": "ia.display.label"
      },
      {
        "meta": {
          "name": "Label_1"
        },
        "position": {
          "height": 19,
          "width": 118,
          "x": 97,
          "y": 96
        },
        "propConfig": {
          "meta.visible": {
            "binding": {
              "config": {
                "fallbackDelay": 2.5,
                "mode": "indirect",
                "references": {
                  "1": "{view.params.path}"
                },
                "tagPath": "{1}/vfdUsage[1]"
              },
              "type": "tag"
            }
          },
          "props.text": {
            "binding": {
              "config": {
                "fallbackDelay": 2.5,
                "mode": "indirect",
                "references": {
                  "1": "{view.params.path}"
                },
                "tagPath": "{1}/VFD201/metaData/Description"
              },
              "type": "tag"
            }
          }
        },
        "props": {
          "style": {
            "classes": "label"
          }
        },
        "type": "ia.display.label"
      },
      {
        "meta": {
          "name": "Label_2"
        },
        "position": {
          "height": 19,
          "width": 118,
          "x": 97,
          "y": 122
        },
        "propConfig": {
          "meta.visible": {
            "binding": {
              "config": {
                "fallbackDelay": 2.5,
                "mode": "indirect",
                "references": {
                  "1": "{view.params.path}"
                },
                "tagPath": "{1}/vfdUsage[2]"
              },
              "type": "tag"
            }
          },
          "props.text": {
            "binding": {
              "config": {
                "fallbackDelay": 2.5,
                "mode": "indirect",
                "references": {
                  "1": "{view.params.path}"
                },
                "tagPath": "{1}/VFD301/metaData/Description"
              },
              "type": "tag"
            }
          }
        },
        "props": {
          "style": {
            "classes": "label"
          }
        },
        "type": "ia.display.label"
      },
      {
        "meta": {
          "name": "Label_3"
        },
        "position": {
          "height": 19,
          "width": 118,
          "x": 97,
          "y": 147
        },
        "propConfig": {
          "meta.visible": {
            "binding": {
              "config": {
                "fallbackDelay": 2.5,
                "mode": "indirect",
                "references": {
                  "1": "{view.params.path}"
                },
                "tagPath": "{1}/vfdUsage[3]"
              },
              "type": "tag"
            }
          },
          "props.text": {
            "binding": {
              "config": {
                "fallbackDelay": 2.5,
                "mode": "indirect",
                "references": {
                  "1": "{view.params.path}"
                },
                "tagPath": "{1}/VFD401/metaData/Description"
              },
              "type": "tag"
            }
          }
        },
        "props": {
          "style": {
            "classes": "label"
          }
        },
        "type": "ia.display.label"
      },
      {
        "meta": {
          "name": "TextField"
        },
        "position": {
          "height": 20,
          "width": 100,
          "x": 250,
          "y": 67
        },
        "propConfig": {
          "props.text": {
            "binding": {
              "config": {
                "bidirectional": true,
                "fallbackDelay": 2.5,
                "mode": "indirect",
                "references": {
                  "1": "{view.params.path}"
                },
                "tagPath": "{1}/VFD101/metaData/Description"
              },
              "type": "tag"
            }
          }
        },
        "type": "ia.input.text-field"
      },
      {
        "meta": {
          "name": "Label_4"
        },
        "position": {
          "height": 19,
          "width": 118,
          "x": 97.48796463012695,
          "y": 303
        },
        "propConfig": {
          "props.text": {
            "binding": {
              "config": {
                "fallbackDelay": 2.5,
                "mode": "indirect",
                "references": {
                  "1": "{view.params.path}"
                },
                "tagPath": "{1}/seatModule/prx01/metaData/Description"
              },
              "type": "tag"
            }
          }
        },
        "props": {
          "style": {
            "classes": "label"
          }
        },
        "type": "ia.display.label"
      },
      {
        "meta": {
          "name": "Label_5"
        },
        "position": {
          "height": 19,
          "width": 118,
          "x": 96.97596463012695,
          "y": 335
        },
        "propConfig": {
          "props.text": {
            "binding": {
              "config": {
                "fallbackDelay": 2.5,
                "mode": "indirect",
                "references": {
                  "1": "{view.params.path}"
                },
                "tagPath": "{1}/seatModule/prx02/metaData/Description"
              },
              "type": "tag"
            }
          }
        },
        "props": {
          "style": {
            "classes": "label"
          }
        },
        "type": "ia.display.label"
      },
      {
        "meta": {
          "name": "Checkbox"
        },
        "position": {
          "height": 25,
          "width": 31,
          "x": 81.97,
          "y": 63.9787
        },
        "propConfig": {
          "props.selected": {
            "binding": {
              "config": {
                "bidirectional": true,
                "fallbackDelay": 2.5,
                "mode": "indirect",
                "references": {
                  "1": "{view.params.path}"
                },
                "tagPath": "{1}/vfdUsage[0]"
              },
              "type": "tag"
            }
          }
        },
        "props": {
          "text": ""
        },
        "type": "ia.input.checkbox"
      },
      {
        "meta": {
          "name": "Checkbox_0"
        },
        "position": {
          "height": 25,
          "width": 31,
          "x": 81.95796463012695,
          "y": 86.96964390869141
        },
        "propConfig": {
          "props.selected": {
            "binding": {
              "config": {
                "bidirectional": true,
                "fallbackDelay": 2.5,
                "mode": "indirect",
                "references": {
                  "1": "{view.params.path}"
                },
                "tagPath": "{1}/vfdUsage[1]"
              },
              "type": "tag"
            }
          }
        },
        "props": {
          "text": ""
        },
        "type": "ia.input.checkbox"
      },
      {
        "meta": {
          "name": "Checkbox_1"
        },
        "position": {
          "height": 25,
          "width": 31,
          "x": 81.95796463012695,
          "y": 114.96170170898438
        },
        "propConfig": {
          "props.selected": {
            "binding": {
              "config": {
                "bidirectional": true,
                "fallbackDelay": 2.5,
                "mode": "indirect",
                "references": {
                  "1": "{view.params.path}"
                },
                "tagPath": "{1}/vfdUsage[2]"
              },
              "type": "tag"
            }
          }
        },
        "props": {
          "text": ""
        },
        "type": "ia.input.checkbox"
      },
      {
        "meta": {
          "name": "Checkbox_2"
        },
        "position": {
          "height": 25,
          "width": 31,
          "x": 81.95796463012695,
          "y": 140.96994908447266
        },
        "propConfig": {
          "props.selected": {
            "binding": {
              "config": {
                "bidirectional": true,
                "fallbackDelay": 2.5,
                "mode": "indirect",
                "references": {
                  "1": "{view.params.path}"
                },
                "tagPath": "{1}/vfdUsage[3]"
              },
              "type": "tag"
            }
          }
        },
        "props": {
          "text": ""
        },
        "type": "ia.input.checkbox"
      },
      {
        "meta": {
          "name": "EmbeddedView"
        },
        "position": {
          "height": 40,
          "width": 40,
          "x": 14.005999999999972,
          "y": 16.995505767822266
        },
        "propConfig": {
          "props.params.priority": {
            "binding": {
              "config": {
                "fallbackDelay": 2.5,
                "mode": "indirect",
                "references": {
                  "1": "{view.params.path}"
                },
                "tagPath": "{1}/almPriority/priority"
              },
              "type": "tag"
            }
          }
        },
        "props": {
          "path": "Templates/Alarms/Alarm Indicator"
        },
        "type": "ia.display.view"
      },
      {
        "meta": {
          "name": "Label_6"
        },
        "position": {
          "height": 19,
          "width": 118,
          "x": 447.48,
          "y": 67.97274390869141
        },
        "propConfig": {
          "custom.key": {
            "binding": {
              "config": {
                "fallbackDelay": 2.5,
                "mode": "indirect",
                "references": {
                  "1": "{view.params.path}"
                },
                "tagPath": "{1}/VFD101/alarmList"
              },
              "type": "tag"
            }
          },
          "meta.visible": {
            "binding": {
              "config": {
                "fallbackDelay": 2.5,
                "mode": "indirect",
                "references": {
                  "1": "{view.params.path}"
                },
                "tagPath": "{1}/vfdUsage[0]"
              },
              "type": "tag"
            }
          },
          "props.text": {
            "binding": {
              "config": {
                "fallbackDelay": 2.5,
                "mode": "indirect",
                "references": {
                  "1": "{view.params.path}"
                },
                "tagPath": "{1}/VFD101/faultVFD"
              },
              "transforms": [
                {
                  "code": "\toptions \u003d self.custom.key\n\tvalue \u003d options[value]\n\treturn value",
                  "type": "script"
                }
              ],
              "type": "tag"
            }
          }
        },
        "props": {
          "style": {
            "classes": "label"
          }
        },
        "type": "ia.display.label"
      }
    ],
    "meta": {
      "name": "root"
    },
    "type": "ia.container.coord"
  }
}