{
  "custom": {},
  "params": {},
  "props": {},
  "root": {
    "children": [
      {
        "meta": {
          "name": "FlexRepeater"
        },
        "position": {
          "height": 0.95,
          "width": 0.95,
          "x": 0.025,
          "y": 0.025
        },
        "propConfig": {
          "props.instances": {
            "binding": {
              "config": {
                "fallbackDelay": 2.5,
                "mode": "direct",
                "tagPath": "[Park]_providers/prov"
              },
              "transforms": [
                {
                  "code": "\tdict \u003d {}\n\tretVal \u003d []\n\tfor ea in value:\n\t\tdict \u003d {\u0027instanceStyle\u0027:{}, \u0027instancePosition\u0027:{}, \u0027prov\u0027:ea}\n\t\tretVal.append(dict)\n\treturn retVal",
                  "type": "script"
                }
              ],
              "type": "tag"
            }
          }
        },
        "props": {
          "path": "Templates/Diagnostics/serverHealth",
          "useDefaultViewHeight": false,
          "useDefaultViewWidth": false
        },
        "type": "ia.display.flex-repeater"
      }
    ],
    "meta": {
      "name": "root"
    },
    "props": {
      "mode": "percent"
    },
    "type": "ia.container.coord"
  }
}