{
  "custom": {},
  "params": {},
  "props": {
    "defaultSize": {
      "height": 965,
      "width": 1920
    }
  },
  "root": {
    "children": [
      {
        "meta": {
          "name": "tblEvents"
        },
        "position": {
          "height": 880,
          "width": 825,
          "x": 1088.04,
          "y": 52.99
        },
        "propConfig": {
          "props.data": {
            "binding": {
              "config": {
                "parameters": {
                  "endTime": "{../dates/end/endDate.props.value}",
                  "source": "{../ddownSource.props.value}",
                  "startTime": "{../dates/start/startDate.props.value}"
                },
                "queryPath": "dt_events_SELECT_detailsBySrcTime",
                "returnFormat": "json"
              },
              "transforms": [
                {
                  "code": "\tnewVal \u003d []\n\tif len(value) \u003d\u003d 0:\n\t\tnewVal.append({\u0027eventTime\u0027:\u0027\u0027, \u0027eventType\u0027:\u0027\u0027, \u0027reason\u0027:\u0027\u0027, \u0027notes\u0027:\u0027\u0027})\n\telse:\n\t\tnewVal \u003d value\n\treturn newVal",
                  "type": "script"
                }
              ],
              "type": "query"
            }
          }
        },
        "props": {
          "columns": [
            {
              "align": "center",
              "boolean": "checkbox",
              "dateFormat": "MM/DD/YYYY HH:mm:ss",
              "editable": false,
              "field": "eventTime",
              "footer": {
                "align": "center",
                "justify": "left",
                "style": {
                  "classes": ""
                },
                "title": ""
              },
              "header": {
                "align": "center",
                "justify": "left",
                "style": {
                  "classes": ""
                },
                "title": ""
              },
              "justify": "auto",
              "number": "value",
              "numberFormat": "0,0.##",
              "progressBar": {
                "bar": {
                  "color": "#62A3F6",
                  "linecap": "round",
                  "width": 5
                },
                "max": 100,
                "track": {
                  "color": "#DADADA",
                  "linecap": "round",
                  "width": 2
                },
                "value": {
                  "color": "#7D7D7D",
                  "show": true
                }
              },
              "render": "date",
              "resizable": true,
              "sortable": true,
              "strictWidth": false,
              "style": {
                "classes": ""
              },
              "toggleSwitch": {
                "color": {
                  "selected": "#2196F3",
                  "unselected": "#FFFFFF"
                }
              },
              "viewParams": {},
              "viewPath": "",
              "visible": true,
              "width": ""
            },
            {
              "align": "center",
              "boolean": "checkbox",
              "dateFormat": "MM/DD/YYYY",
              "editable": false,
              "field": "eventType",
              "footer": {
                "align": "center",
                "justify": "left",
                "style": {
                  "classes": ""
                },
                "title": ""
              },
              "header": {
                "align": "center",
                "justify": "left",
                "style": {
                  "classes": ""
                },
                "title": ""
              },
              "justify": "auto",
              "number": "value",
              "numberFormat": "0,0.##",
              "progressBar": {
                "bar": {
                  "color": "#62A3F6",
                  "linecap": "round",
                  "width": 5
                },
                "max": 100,
                "track": {
                  "color": "#DADADA",
                  "linecap": "round",
                  "width": 2
                },
                "value": {
                  "color": "#7D7D7D",
                  "show": true
                }
              },
              "render": "auto",
              "resizable": true,
              "sortable": true,
              "strictWidth": false,
              "style": {
                "classes": ""
              },
              "toggleSwitch": {
                "color": {
                  "selected": "#2196F3",
                  "unselected": "#FFFFFF"
                }
              },
              "viewParams": {},
              "viewPath": "",
              "visible": true,
              "width": ""
            },
            {
              "align": "center",
              "boolean": "checkbox",
              "dateFormat": "MM/DD/YYYY",
              "editable": false,
              "field": "reason",
              "footer": {
                "align": "center",
                "justify": "left",
                "style": {
                  "classes": ""
                },
                "title": ""
              },
              "header": {
                "align": "center",
                "justify": "left",
                "style": {
                  "classes": ""
                },
                "title": ""
              },
              "justify": "auto",
              "number": "value",
              "numberFormat": "0,0.##",
              "progressBar": {
                "bar": {
                  "color": "#62A3F6",
                  "linecap": "round",
                  "width": 5
                },
                "max": 100,
                "track": {
                  "color": "#DADADA",
                  "linecap": "round",
                  "width": 2
                },
                "value": {
                  "color": "#7D7D7D",
                  "show": true
                }
              },
              "render": "auto",
              "resizable": true,
              "sortable": true,
              "strictWidth": false,
              "style": {
                "classes": ""
              },
              "toggleSwitch": {
                "color": {
                  "selected": "#2196F3",
                  "unselected": "#FFFFFF"
                }
              },
              "viewParams": {},
              "viewPath": "",
              "visible": true,
              "width": ""
            },
            {
              "align": "center",
              "boolean": "checkbox",
              "dateFormat": "MM/DD/YYYY",
              "editable": false,
              "field": "notes",
              "footer": {
                "align": "center",
                "justify": "left",
                "style": {
                  "classes": ""
                },
                "title": ""
              },
              "header": {
                "align": "center",
                "justify": "left",
                "style": {
                  "classes": ""
                },
                "title": ""
              },
              "justify": "auto",
              "number": "value",
              "numberFormat": "0,0.##",
              "progressBar": {
                "bar": {
                  "color": "#62A3F6",
                  "linecap": "round",
                  "width": 5
                },
                "max": 100,
                "track": {
                  "color": "#DADADA",
                  "linecap": "round",
                  "width": 2
                },
                "value": {
                  "color": "#7D7D7D",
                  "show": true
                }
              },
              "render": "auto",
              "resizable": true,
              "sortable": true,
              "strictWidth": false,
              "style": {
                "classes": ""
              },
              "toggleSwitch": {
                "color": {
                  "selected": "#2196F3",
                  "unselected": "#FFFFFF"
                }
              },
              "viewParams": {},
              "viewPath": "",
              "visible": true,
              "width": ""
            }
          ],
          "filter": {
            "enabled": true
          },
          "pager": {
            "initialOption": 50
          }
        },
        "type": "ia.display.table"
      },
      {
        "meta": {
          "name": "Label"
        },
        "position": {
          "height": 19.96,
          "width": 719.62,
          "x": 1199.81,
          "y": 32.93
        },
        "props": {
          "style": {
            "classes": "label"
          },
          "text": "Events"
        },
        "type": "ia.display.label"
      },
      {
        "meta": {
          "name": "ddownSource"
        },
        "position": {
          "height": 36,
          "width": 257,
          "x": 201.15,
          "y": 15
        },
        "propConfig": {
          "props.options": {
            "binding": {
              "config": {
                "queryPath": "dt_events_SELECT_sources",
                "returnFormat": "json"
              },
              "type": "query"
            }
          }
        },
        "props": {
          "value": "Track 902"
        },
        "type": "ia.input.dropdown"
      },
      {
        "meta": {
          "name": "Label_0"
        },
        "position": {
          "height": 36,
          "width": 76,
          "x": 120.63,
          "y": 15
        },
        "props": {
          "style": {
            "fontSize": 18,
            "fontWeight": "bold",
            "textAlign": "right"
          },
          "text": "Source: "
        },
        "type": "ia.display.label"
      },
      {
        "meta": {
          "name": "ReportViewer_0"
        },
        "position": {
          "height": 858,
          "width": 831,
          "x": 170.7,
          "y": 68.1244
        },
        "propConfig": {
          "props.params.EndDate": {
            "binding": {
              "config": {
                "path": "../dates/end/endDate.props.value"
              },
              "type": "property"
            }
          },
          "props.params.StartDate": {
            "binding": {
              "config": {
                "path": "../dates/start/startDate.props.value"
              },
              "type": "property"
            }
          },
          "props.params.track": {
            "binding": {
              "config": {
                "path": "../ddownSource.props.value"
              },
              "type": "property"
            }
          }
        },
        "props": {
          "page": 11,
          "pageCount": 1,
          "source": "Downtime",
          "zoomLevel": 75
        },
        "type": "ia.reporting.report-viewer"
      },
      {
        "children": [
          {
            "children": [
              {
                "meta": {
                  "name": "Label_0"
                },
                "position": {
                  "basis": "25px",
                  "shrink": 0
                },
                "props": {
                  "style": {
                    "classes": "pageHeader"
                  },
                  "text": "Start Date"
                },
                "type": "ia.display.label"
              },
              {
                "meta": {
                  "name": "Label_2"
                },
                "position": {
                  "basis": "25px",
                  "shrink": 0
                },
                "propConfig": {
                  "props.text": {
                    "binding": {
                      "config": {
                        "path": "../startDate.props.value"
                      },
                      "transforms": [
                        {
                          "formatType": "datetime",
                          "formatValue": {
                            "date": "medium",
                            "time": "medium"
                          },
                          "type": "format"
                        }
                      ],
                      "type": "property"
                    }
                  }
                },
                "props": {
                  "style": {
                    "classes": "label",
                    "cursor": "pointer",
                    "fontSize": "16px",
                    "textAlign": "center"
                  }
                },
                "type": "ia.display.label"
              },
              {
                "events": {
                  "dom": {
                    "onClick": {
                      "config": {
                        "script": "\tself.parent.parent.parent.getChild(\"ReportViewer_0\").props.page \u003d 1"
                      },
                      "scope": "G",
                      "type": "script"
                    }
                  },
                  "system": {
                    "onStartup": {
                      "config": {
                        "script": "\tcurrentTime \u003d system.date.now()\n\tself.props.value \u003d system.date.setTime(currentTime, 0, 0, 0)\n\t"
                      },
                      "enabled": false,
                      "scope": "G",
                      "type": "script"
                    }
                  }
                },
                "meta": {
                  "name": "startDate"
                },
                "position": {
                  "basis": "352px"
                },
                "propConfig": {
                  "props.style.backgroundColor": {
                    "binding": {
                      "config": {
                        "expression": "if({session.props.theme} \u003d \u0027light\u0027, \u0027#FFFFFF\u0027, \u0027#000000\u0027)"
                      },
                      "type": "expr"
                    }
                  }
                },
                "props": {
                  "formattedValue": "Jul 28, 2020 11:00 PM",
                  "formattedValues": {
                    "date": "Jul 28, 2020",
                    "datetime": "Jul 28, 2020 11:00 PM",
                    "time": "11:00 PM"
                  },
                  "value": {
                    "$": [
                      "ts",
                      192,
                      1596043334902
                    ],
                    "$ts": 1595995200000
                  }
                },
                "type": "ia.input.date-time-picker"
              }
            ],
            "meta": {
              "name": "start"
            },
            "position": {
              "basis": "250px",
              "shrink": 0
            },
            "props": {
              "direction": "column",
              "style": {
                "borderWidth": 1,
                "overflow": "hidden"
              }
            },
            "type": "ia.container.flex"
          },
          {
            "children": [
              {
                "meta": {
                  "name": "Label_0"
                },
                "position": {
                  "basis": "25px",
                  "shrink": 0
                },
                "props": {
                  "style": {
                    "classes": "pageHeader"
                  },
                  "text": "End Date"
                },
                "type": "ia.display.label"
              },
              {
                "meta": {
                  "name": "Label_2"
                },
                "position": {
                  "basis": "25px",
                  "shrink": 0
                },
                "propConfig": {
                  "props.text": {
                    "binding": {
                      "config": {
                        "path": "../endDate.props.value"
                      },
                      "transforms": [
                        {
                          "formatType": "datetime",
                          "formatValue": {
                            "date": "medium",
                            "time": "medium"
                          },
                          "type": "format"
                        }
                      ],
                      "type": "property"
                    }
                  }
                },
                "props": {
                  "style": {
                    "classes": "label",
                    "cursor": "pointer",
                    "fontSize": "16px",
                    "textAlign": "center"
                  }
                },
                "type": "ia.display.label"
              },
              {
                "events": {
                  "dom": {
                    "onClick": {
                      "config": {
                        "script": "\tself.parent.parent.parent.getChild(\"ReportViewer_0\").props.page \u003d 1"
                      },
                      "scope": "G",
                      "type": "script"
                    }
                  },
                  "system": {
                    "onStartup": {
                      "config": {
                        "script": "\tcurrentTime \u003d system.date.now()\n\tcurrentTime \u003d system.date.addDays(currentTime, 1)\n\tself.props.value \u003d system.date.setTime(currentTime, 0, 0, 0)\n\t"
                      },
                      "enabled": false,
                      "scope": "G",
                      "type": "script"
                    }
                  }
                },
                "meta": {
                  "name": "endDate"
                },
                "position": {
                  "basis": "352px"
                },
                "propConfig": {
                  "props.style.backgroundColor": {
                    "binding": {
                      "config": {
                        "expression": "if({session.props.theme} \u003d \u0027light\u0027, \u0027#FFFFFF\u0027, \u0027#000000\u0027)"
                      },
                      "type": "expr"
                    }
                  }
                },
                "props": {
                  "formattedValue": "Jul 29, 2020 12:22 PM",
                  "formattedValues": {
                    "date": "Jul 29, 2020",
                    "datetime": "Jul 29, 2020 12:22 PM",
                    "time": "12:22 PM"
                  },
                  "value": {
                    "$": [
                      "ts",
                      192,
                      1596043334902
                    ],
                    "$ts": 1596043334901
                  }
                },
                "type": "ia.input.date-time-picker"
              }
            ],
            "meta": {
              "name": "end"
            },
            "position": {
              "basis": "-399.6%",
              "shrink": 0
            },
            "props": {
              "direction": "column",
              "style": {
                "borderWidth": 1,
                "overflow": "hidden"
              }
            },
            "type": "ia.container.flex"
          }
        ],
        "events": {
          "dom": {
            "onMouseEnter": {
              "config": {
                "script": "\tself.position.height \u003d 405"
              },
              "scope": "G",
              "type": "script"
            },
            "onMouseLeave": {
              "config": {
                "script": "\tself.position.height \u003d 50"
              },
              "scope": "G",
              "type": "script"
            },
            "onMouseOut": {
              "config": {
                "script": "\tself.position.height \u003d 50"
              },
              "enabled": false,
              "scope": "G",
              "type": "script"
            }
          },
          "system": {
            "onStartup": {
              "config": {
                "script": "\tendTime \u003d system.date.now()\n\tyear \u003d system.date.getYear(endTime)\n\tmonth \u003d system.date.getMonth(endTime)\n\tday \u003d system.date.getDayOfMonth(endTime)\n\tstartTime \u003d system.date.getDate(year, month, day)\n\tself.getChild(\"start\").getChild(\"startDate\").props.value \u003d startTime\n\tself.getChild(\"end\").getChild(\"endDate\").props.value \u003d endTime"
              },
              "scope": "G",
              "type": "script"
            }
          }
        },
        "meta": {
          "name": "dates"
        },
        "position": {
          "height": 50,
          "width": 552,
          "x": 459.7,
          "y": 6
        },
        "props": {
          "justify": "center",
          "style": {
            "borderStyle": "solid",
            "borderWidth": 1,
            "overflow": "hidden"
          }
        },
        "type": "ia.container.flex"
      }
    ],
    "meta": {
      "name": "root"
    },
    "type": "ia.container.coord"
  }
}