{
  "custom": {},
  "params": {
    "path": "[Park]area905/Track 907"
  },
  "propConfig": {
    "params.path": {
      "paramDirection": "input",
      "persistent": true
    }
  },
  "props": {
    "defaultSize": {
      "height": 1030,
      "width": 1920
    }
  },
  "root": {
    "children": [
      {
        "meta": {
          "name": "EmbeddedView"
        },
        "position": {
          "height": 1,
          "width": 0.999
        },
        "propConfig": {
          "props.params.path": {
            "binding": {
              "config": {
                "path": "view.params.path"
              },
              "type": "property"
            }
          }
        },
        "props": {
          "params": {
            "hist": [
              {
                "mode": 0,
                "point": 0
              },
              {
                "mode": 0,
                "point": 0
              },
              {
                "mode": 0,
                "point": 0
              },
              {
                "mode": 0,
                "point": 0
              }
            ]
          },
          "path": "Templates/Track Maps/rewindTrackMap"
        },
        "type": "ia.display.view"
      }
    ],
    "meta": {
      "name": "root"
    },
    "props": {
      "mode": "percent"
    },
    "type": "ia.container.coord"
  }
}