{
  "custom": {},
  "params": {
    "direction": "left",
    "dispTagSuffix": "In/actualVel",
    "dispValText": "Speed",
    "dockedView": "value",
    "drvNum": "vfd1",
    "label": "Wheel #1",
    "path": "[Park]epicUniverse/Track 907/rv1"
  },
  "propConfig": {
    "params.direction": {
      "paramDirection": "input",
      "persistent": true
    },
    "params.dispTagSuffix": {
      "paramDirection": "input",
      "persistent": true
    },
    "params.dispValText": {
      "paramDirection": "input",
      "persistent": true
    },
    "params.dockedView": {
      "paramDirection": "input",
      "persistent": true
    },
    "params.drvNum": {
      "paramDirection": "input",
      "persistent": true
    },
    "params.label": {
      "paramDirection": "input",
      "persistent": true
    },
    "params.path": {
      "paramDirection": "input",
      "persistent": true
    }
  },
  "props": {
    "defaultSize": {
      "height": 47
    }
  },
  "root": {
    "children": [
      {
        "meta": {
          "name": "EmbeddedView"
        },
        "position": {
          "breakpoints": [
            {
              "colIndex": 0,
              "name": "sm",
              "order": 1,
              "rowIndex": 0,
              "span": 1
            },
            {
              "colIndex": 0,
              "name": "md",
              "order": 1,
              "rowIndex": 0,
              "span": 1
            },
            {
              "colIndex": 0,
              "name": "lg",
              "order": 1,
              "rowIndex": 0,
              "span": 1
            }
          ],
          "height": 47
        },
        "propConfig": {
          "props.params.dockedView": {
            "binding": {
              "config": {
                "path": "view.params.dockedView"
              },
              "type": "property"
            }
          },
          "props.params.drvNum": {
            "binding": {
              "config": {
                "path": "view.params.drvNum"
              },
              "type": "property"
            }
          },
          "props.params.name": {
            "binding": {
              "config": {
                "expression": "{view.params.path} + \u0027/\u0027 + {view.params.drvNum}"
              },
              "enabled": false,
              "type": "expr"
            }
          },
          "props.params.path": {
            "binding": {
              "config": {
                "path": "view.params.path"
              },
              "type": "property"
            }
          }
        },
        "props": {
          "params": {
            "direction": "left",
            "name": ""
          },
          "path": "Templates/Indicators/DockArrowPU"
        },
        "type": "ia.display.view"
      },
      {
        "meta": {
          "name": "driveStatus"
        },
        "position": {
          "breakpoints": [
            {
              "colIndex": 1,
              "name": "sm",
              "order": 1.5,
              "rowIndex": 0,
              "span": 1
            },
            {
              "colIndex": 1,
              "name": "md",
              "order": 1.5,
              "rowIndex": 0,
              "span": 1
            },
            {
              "colIndex": 1,
              "name": "lg",
              "order": 1.5,
              "rowIndex": 0,
              "span": 1
            }
          ],
          "height": 47
        },
        "propConfig": {
          "props.params.priority": {
            "binding": {
              "config": {
                "fallbackDelay": 2.5,
                "mode": "indirect",
                "references": {
                  "drvNum": "{view.params.drvNum}",
                  "path": "{view.params.path}"
                },
                "tagPath": "{path}/{drvNum}/almPriority/priority"
              },
              "type": "tag"
            }
          }
        },
        "props": {
          "path": "Templates/Indicators/Alarm"
        },
        "type": "ia.display.view"
      },
      {
        "meta": {
          "name": "lblDrvName"
        },
        "position": {
          "breakpoints": [
            {
              "colIndex": 2,
              "name": "sm",
              "order": 2,
              "rowIndex": 0,
              "span": 1
            },
            {
              "colIndex": 2,
              "name": "md",
              "order": 2,
              "rowIndex": 0,
              "span": 2
            },
            {
              "colIndex": 2,
              "name": "lg",
              "order": 2,
              "rowIndex": 0,
              "span": 2
            }
          ],
          "height": 47
        },
        "propConfig": {
          "props.text": {
            "binding": {
              "config": {
                "path": "view.params.label"
              },
              "type": "property"
            }
          }
        },
        "props": {
          "alignVertical": "center"
        },
        "type": "ia.display.label"
      },
      {
        "meta": {
          "name": "lblState"
        },
        "position": {
          "breakpoints": [
            {
              "colIndex": 3,
              "name": "sm",
              "order": 2.5,
              "rowIndex": 0,
              "span": 1
            },
            {
              "colIndex": 4,
              "name": "md",
              "order": 2.5,
              "rowIndex": 0,
              "span": 1
            },
            {
              "colIndex": 4,
              "name": "lg",
              "order": 2.5,
              "rowIndex": 0,
              "span": 1
            }
          ],
          "height": 47
        },
        "props": {
          "alignVertical": "center",
          "text": "State:"
        },
        "type": "ia.display.label"
      },
      {
        "meta": {
          "name": "lblStateDisplay"
        },
        "position": {
          "breakpoints": [
            {
              "colIndex": 4,
              "name": "sm",
              "order": 3,
              "rowIndex": 0,
              "span": 2
            },
            {
              "colIndex": 5,
              "name": "md",
              "order": 3,
              "rowIndex": 0,
              "span": 2
            },
            {
              "colIndex": 5,
              "name": "lg",
              "order": 3,
              "rowIndex": 0,
              "span": 2
            }
          ],
          "height": 47
        },
        "propConfig": {
          "props.text": {
            "binding": {
              "config": {
                "fallbackDelay": 2.5,
                "mode": "indirect",
                "references": {
                  "drvNum": "{view.params.drvNum}",
                  "path": "{view.params.path}"
                },
                "tagPath": "{path}/{drvNum}/In/state"
              },
              "transforms": [
                {
                  "fallback": "ERROR",
                  "inputType": "scalar",
                  "mappings": [
                    {
                      "input": 0,
                      "output": "Disabled"
                    },
                    {
                      "input": 1,
                      "output": "Enabled"
                    },
                    {
                      "input": 2,
                      "output": "Running"
                    },
                    {
                      "input": 3,
                      "output": "Drive Fault"
                    },
                    {
                      "input": 4,
                      "output": "Safe Off"
                    },
                    {
                      "input": 5,
                      "output": "Motor Fault"
                    }
                  ],
                  "outputType": "scalar",
                  "type": "map"
                }
              ],
              "type": "tag"
            }
          }
        },
        "props": {
          "alignVertical": "center"
        },
        "type": "ia.display.label"
      },
      {
        "meta": {
          "name": "lblSpeed"
        },
        "position": {
          "breakpoints": [
            {
              "colIndex": 6,
              "name": "sm",
              "order": 3.5,
              "rowIndex": 0,
              "span": 1
            },
            {
              "colIndex": 7,
              "name": "md",
              "order": 3.5,
              "rowIndex": 0,
              "span": 1
            },
            {
              "colIndex": 7,
              "name": "lg",
              "order": 3.5,
              "rowIndex": 0,
              "span": 2
            }
          ],
          "height": 47
        },
        "propConfig": {
          "props.text": {
            "binding": {
              "config": {
                "expression": "{view.params.dispValText} + \u0027:\u0027"
              },
              "type": "expr"
            }
          }
        },
        "props": {
          "alignVertical": "center",
          "style": {
            "textAlign": "right"
          }
        },
        "type": "ia.display.label"
      },
      {
        "meta": {
          "name": "lblSpeed_0"
        },
        "position": {
          "breakpoints": [
            {
              "colIndex": 7,
              "name": "sm",
              "order": 4,
              "rowIndex": 0,
              "span": 1
            },
            {
              "colIndex": 8,
              "name": "md",
              "order": 4,
              "rowIndex": 0,
              "span": 2
            },
            {
              "colIndex": 9,
              "name": "lg",
              "order": 4,
              "rowIndex": 0,
              "span": 2
            }
          ],
          "height": 47
        },
        "propConfig": {
          "props.text": {
            "binding": {
              "config": {
                "fallbackDelay": 2.5,
                "mode": "indirect",
                "references": {
                  "dispTagSuffix": "{view.params.dispTagSuffix}",
                  "drvNum": "{view.params.drvNum}",
                  "path": "{view.params.path}"
                },
                "tagPath": "{path}/{drvNum}/{dispTagSuffix}"
              },
              "type": "tag"
            }
          }
        },
        "props": {
          "alignVertical": "center",
          "style": {
            "textAlign": "right"
          }
        },
        "type": "ia.display.label"
      },
      {
        "meta": {
          "name": "lblSpeed_1"
        },
        "position": {
          "breakpoints": [
            {
              "colIndex": 8,
              "name": "sm",
              "order": 4.5,
              "rowIndex": 0,
              "span": 1
            },
            {
              "colIndex": 10,
              "name": "md",
              "order": 4.5,
              "rowIndex": 0,
              "span": 1
            },
            {
              "colIndex": 11,
              "name": "lg",
              "order": 4.5,
              "rowIndex": 0,
              "span": 1
            }
          ],
          "height": 47
        },
        "propConfig": {
          "props.text": {
            "binding": {
              "config": {
                "fallbackDelay": 2.5,
                "mode": "indirect",
                "references": {
                  "dispTagSuffix": "{view.params.dispTagSuffix}",
                  "drvNum": "{view.params.drvNum}",
                  "path": "{view.params.path}"
                },
                "tagPath": "{path}/{drvNum}/{dispTagSuffix}.EngUnit"
              },
              "type": "tag"
            }
          }
        },
        "props": {
          "alignVertical": "center"
        },
        "type": "ia.display.label"
      }
    ],
    "meta": {
      "name": "root"
    },
    "props": {
      "style": {
        "borderColor": "#000000",
        "borderStyle": "double"
      }
    },
    "type": "ia.container.column"
  }
}