{
  "custom": {
    "almPriority": 0,
    "displayCAD": true,
    "id": "[Park]epicUniverse/track902/Ride Equipment/rotarySwitch1",
    "mode": 99,
    "rootPath": "[Park]epicUniverse/track902",
    "state": 1
  },
  "params": {
    "iconPos": "right",
    "path": "[Park]epicUniverse/track902/Ride Equipment/rotarySwitch1",
    "rewind": {
      "enable": false,
      "mode": "",
      "priority": "",
      "state": ""
    }
  },
  "propConfig": {
    "custom.almPriority": {
      "binding": {
        "config": {
          "fallbackDelay": 2.5,
          "mode": "indirect",
          "references": {
            "1": "{view.params.path}"
          },
          "tagPath": "{1}/almPriority/priority"
        },
        "transforms": [
          {
            "expression": "if({view.params.rewind.enable}, {view.params.rewind.priority}, {value})",
            "type": "expression"
          }
        ],
        "type": "tag"
      },
      "persistent": true
    },
    "custom.displayCAD": {
      "binding": {
        "config": {
          "fallbackDelay": 2.5,
          "mode": "indirect",
          "references": {
            "rootPath": "{view.custom.rootPath}"
          },
          "tagPath": "{rootPath}/_trackLayer/displayCAD"
        },
        "type": "tag"
      },
      "persistent": true
    },
    "custom.id": {
      "binding": {
        "config": {
          "path": "view.params.path"
        },
        "type": "property"
      },
      "persistent": true
    },
    "custom.mode": {
      "binding": {
        "config": {
          "fallbackDelay": 2.5,
          "mode": "indirect",
          "references": {
            "1": "{view.params.path}"
          },
          "tagPath": "{1}/In/mode"
        },
        "transforms": [
          {
            "expression": "if({view.params.rewind.enable}, {view.params.rewind.mode}, {value})",
            "type": "expression"
          }
        ],
        "type": "tag"
      },
      "persistent": true
    },
    "custom.rootPath": {
      "binding": {
        "config": {
          "path": "view.params.path"
        },
        "transforms": [
          {
            "expression": "replace(substring({value}, 0, lastindexof({value}, \u0027/\u0027)), \u0027/Ride Equipment\u0027, \u0027\u0027)",
            "type": "expression"
          }
        ],
        "type": "property"
      },
      "persistent": true
    },
    "custom.state": {
      "binding": {
        "config": {
          "fallbackDelay": 2.5,
          "mode": "indirect",
          "references": {
            "1": "{view.params.path}"
          },
          "tagPath": "{1}/In/state"
        },
        "transforms": [
          {
            "expression": "if({view.params.rewind.enable}, {view.params.rewind.state}, {value})",
            "type": "expression"
          }
        ],
        "type": "tag"
      },
      "persistent": true
    },
    "params.iconPos": {
      "paramDirection": "input",
      "persistent": true
    },
    "params.path": {
      "paramDirection": "input",
      "persistent": true
    },
    "params.rewind": {
      "paramDirection": "input",
      "persistent": true
    },
    "params.rewind.enable": {
      "paramDirection": "input",
      "persistent": true
    },
    "params.rewind.mode": {
      "paramDirection": "input",
      "persistent": true
    },
    "params.rewind.state": {
      "paramDirection": "input",
      "persistent": true
    }
  },
  "props": {
    "defaultSize": {
      "height": 200,
      "width": 200
    }
  },
  "root": {
    "children": [
      {
        "children": [
          {
            "meta": {
              "name": "icon"
            },
            "position": {
              "basis": "100px",
              "grow": 1
            },
            "propConfig": {
              "position.display": {
                "binding": {
                  "config": {
                    "expression": "!{view.custom.displayCAD}"
                  },
                  "type": "expr"
                }
              }
            },
            "props": {
              "fit": {
                "mode": "fill"
              }
            },
            "type": "ia.display.image"
          },
          {
            "meta": {
              "name": "cad"
            },
            "position": {
              "basis": "100px",
              "grow": 1
            },
            "propConfig": {
              "position.display": {
                "binding": {
                  "config": {
                    "path": "view.custom.displayCAD"
                  },
                  "type": "property"
                }
              },
              "props.elements[0].fill": {
                "binding": {
                  "config": {
                    "expression": "if({session.props.theme} \u003d \u0027light\u0027, \u0027#555555\u0027, \u0027#FFFFFF\u0027)"
                  },
                  "type": "expr"
                }
              }
            },
            "props": {
              "elements": [
                {
                  "d": "M 13 2 A 1.0001 1.0001 0 0 0 12.085938 3.3710938 C 6.869741 4.6751808 3 9.3799691 3 15 C 3 21.627 8.373 27 15 27 C 21.627 27 27 21.627 27 15 C 27 9.3799691 23.130259 4.6751808 17.914062 3.3710938 A 1.0001 1.0001 0 0 0 17 2 L 13 2 z M 15 6 C 15.552 6 16 6.448 16 7 C 16 7.552 15.552 8 15 8 C 14.448 8 14 7.552 14 7 C 14 6.448 14.448 6 15 6 z M 15 11 C 17.206 11 19 12.794 19 15 C 19 17.206 17.206 19 15 19 C 12.794 19 11 17.206 11 15 C 11 12.794 12.794 11 15 11 z M 15 13 A 2 2 0 0 0 13 15 A 2 2 0 0 0 15 17 A 2 2 0 0 0 17 15 A 2 2 0 0 0 15 13 z M 7.9492188 18.007812 C 8.3359375 17.959906 8.7305 18.1415 8.9375 18.5 C 9.2135 18.978 9.0502656 19.589234 8.5722656 19.865234 C 8.0942656 20.141234 7.4810781 19.978 7.2050781 19.5 C 6.9290781 19.022 7.0942656 18.410766 7.5722656 18.134766 C 7.6917656 18.065766 7.8203125 18.023781 7.9492188 18.007812 z M 22.050781 18.007812 C 22.179688 18.023781 22.308234 18.065766 22.427734 18.134766 C 22.905734 18.410766 23.070922 19.022 22.794922 19.5 C 22.518922 19.978 21.905734 20.141234 21.427734 19.865234 C 20.949734 19.589234 20.7865 18.978 21.0625 18.5 C 21.2695 18.1415 21.664062 17.959906 22.050781 18.007812 z",
                  "name": "path2595",
                  "style": {
                    "classes": ""
                  },
                  "type": "path"
                }
              ],
              "fill": "#000000",
              "viewBox": "0 0 30 30"
            },
            "type": "ia.shapes.svg"
          }
        ],
        "events": {
          "dom": {
            "onClick": {
              "config": {
                "draggable": true,
                "id": "{view.custom.id}",
                "modal": false,
                "overlayDismiss": false,
                "resizable": true,
                "showCloseIcon": false,
                "type": "open",
                "viewParams": {
                  "id": "{view.custom.id}",
                  "path": "{view.params.path}"
                },
                "viewPath": "Templates/Popups/rotarySwitch"
              },
              "scope": "C",
              "type": "popup"
            }
          }
        },
        "meta": {
          "name": "device"
        },
        "position": {
          "basis": "300px",
          "grow": 1
        },
        "props": {
          "direction": "column",
          "style": {
            "classes": "Animations/btnHover Cursors/hand_on_hover"
          }
        },
        "type": "ia.container.flex"
      },
      {
        "children": [
          {
            "meta": {
              "name": "mode"
            },
            "position": {
              "basis": "100px",
              "grow": 1
            },
            "propConfig": {
              "props.params.mode": {
                "binding": {
                  "config": {
                    "path": "view.custom.mode"
                  },
                  "type": "property"
                }
              }
            },
            "props": {
              "path": "Templates/Indicators/Mode"
            },
            "type": "ia.display.view"
          },
          {
            "meta": {
              "name": "state"
            },
            "position": {
              "basis": "100px",
              "grow": 1
            },
            "propConfig": {
              "props.params.state": {
                "binding": {
                  "config": {
                    "path": "view.custom.state"
                  },
                  "type": "property"
                }
              }
            },
            "props": {
              "path": "Templates/Icons/rotarySwitch"
            },
            "type": "ia.display.view"
          },
          {
            "meta": {
              "name": "alarm"
            },
            "position": {
              "basis": "100px",
              "grow": 1
            },
            "propConfig": {
              "props.params.priority": {
                "binding": {
                  "config": {
                    "path": "view.custom.almPriority"
                  },
                  "type": "property"
                }
              }
            },
            "props": {
              "path": "Templates/Indicators/Alarm"
            },
            "type": "ia.display.view"
          }
        ],
        "meta": {
          "name": "status"
        },
        "position": {
          "basis": "100px"
        },
        "props": {
          "direction": "column"
        },
        "type": "ia.container.flex"
      }
    ],
    "meta": {
      "name": "root"
    },
    "propConfig": {
      "props.direction": {
        "binding": {
          "config": {
            "path": "view.params.iconPos"
          },
          "transforms": [
            {
              "expression": "if({value} \u003d \u0027left\u0027, \u0027row-reverse\u0027, \u0027row\u0027)",
              "type": "expression"
            }
          ],
          "type": "property"
        }
      }
    },
    "props": {
      "style": {
        "overflow": "hidden"
      }
    },
    "type": "ia.container.flex"
  }
}