{
  "custom": {},
  "params": {
    "running": "value"
  },
  "propConfig": {
    "params.running": {
      "paramDirection": "input",
      "persistent": true
    }
  },
  "props": {
    "defaultSize": {
      "height": 125,
      "width": 1026
    }
  },
  "root": {
    "children": [
      {
        "meta": {
          "name": "EmbeddedView_0"
        },
        "position": {
          "basis": "174px"
        },
        "props": {
          "path": "navCol",
          "useDefaultViewHeight": true
        },
        "type": "ia.display.view"
      }
    ],
    "meta": {
      "name": "root"
    },
    "props": {
      "direction": "column"
    },
    "type": "ia.container.flex"
  }
}