{
  "custom": {
    "pointMap": {
      "$": [
        "ds",
        192,
        711
      ],
      "$columns": [
        {
          "data": [
            0.0406,
            0.0406,
            0.0418,
            0.0418,
            0.0468,
            0.0468,
            0.0493,
            0.0493,
            0.0505,
            0.0542,
            0.0554,
            0.0566,
            0.0591,
            0.0591,
            0.0616,
            0.0641,
            0.0666,
            0.0666,
            0.0703,
            0.074,
            0.0765,
            0.0802,
            0.0839,
            0.0864,
            0.0876,
            0.0913,
            0.0938,
            0.0963,
            0.0988,
            0.1025,
            0.105,
            0.1087,
            0.1124,
            0.1149,
            0.1186,
            0.1211,
            0.1261,
            0.1286,
            0.1348,
            0.1373,
            0.1435,
            0.1522,
            0.1572,
            0.1647,
            0.1747,
            0.1834,
            0.1909,
            0.2021,
            0.2121,
            0.2258,
            0.237,
            0.247,
            0.2557,
            0.2669,
            0.2756,
            0.2868,
            0.293,
            0.303,
            0.313,
            0.3217,
            0.3304,
            0.3391,
            0.3478,
            0.3553,
            0.364,
            0.3702,
            0.3789,
            0.3851,
            0.3913,
            0.4,
            0.4075,
            0.4162,
            0.4274,
            0.4349,
            0.4461,
            0.4561,
            0.4698,
            0.4823,
            0.4923,
            0.5048,
            0.521,
            0.5347,
            0.5472,
            0.5547,
            0.5634,
            0.5734,
            0.5884,
            0.5921,
            0.5996,
            0.6058,
            0.612,
            0.617,
            0.6245,
            0.637,
            0.642,
            0.647,
            0.6557,
            0.6657,
            0.6744,
            0.6831,
            0.6968,
            0.7193,
            0.7318,
            0.7468,
            0.7568,
            0.7793,
            0.7955,
            0.8167,
            0.8267,
            0.8404,
            0.8591,
            0.8728,
            0.8865,
            0.8965,
            0.9015,
            0.904,
            0.904,
            0.8977,
            0.8914,
            0.8851,
            0.8763,
            0.8675,
            0.8575,
            0.8462,
            0.8374,
            0.8249,
            0.8174,
            0.8011,
            0.7886,
            0.7748,
            0.7648,
            0.756,
            0.7447,
            0.7372,
            0.7284,
            0.7196,
            0.7121,
            0.7046,
            0.6958,
            0.6883,
            0.6795,
            0.6695,
            0.6632,
            0.6519,
            0.6431,
            0.6343,
            0.6255,
            0.6142,
            0.6054,
            0.5966,
            0.5878,
            0.5803,
            0.5703,
            0.5615,
            0.5477,
            0.5402,
            0.5314,
            0.5239,
            0.5164,
            0.5051,
            0.4976,
            0.4888,
            0.48,
            0.47,
            0.4612,
            0.4524,
            0.4449,
            0.4349,
            0.4261,
            0.4173,
            0.406,
            0.3972,
            0.3847,
            0.3747,
            0.3634,
            0.3521,
            0.3383,
            0.3295,
            0.3157,
            0.3044,
            0.2919,
            0.2781,
            0.2668,
            0.2543,
            0.238,
            0.223,
            0.2105,
            0.198,
            0.1792,
            0.1667,
            0.1504,
            0.1379,
            0.1266,
            0.1166,
            0.1066,
            0.0966,
            0.0891,
            0.0828,
            0.0728,
            0.0653,
            0.059,
            0.0527,
            0.0452,
            0.0389,
            0.0414
          ],
          "name": "x",
          "type": "Float"
        },
        {
          "data": [
            0.792,
            0.78,
            0.766,
            0.746,
            0.73,
            0.718,
            0.698,
            0.678,
            0.664,
            0.65,
            0.634,
            0.614,
            0.6,
            0.582,
            0.564,
            0.55,
            0.53,
            0.518,
            0.5,
            0.482,
            0.462,
            0.438,
            0.42,
            0.402,
            0.386,
            0.372,
            0.354,
            0.34,
            0.326,
            0.31,
            0.288,
            0.268,
            0.256,
            0.232,
            0.208,
            0.188,
            0.168,
            0.15,
            0.126,
            0.114,
            0.094,
            0.08,
            0.068,
            0.054,
            0.042,
            0.032,
            0.022,
            0.02,
            0.02,
            0.024,
            0.026,
            0.03,
            0.04,
            0.05,
            0.06,
            0.07,
            0.084,
            0.094,
            0.106,
            0.116,
            0.134,
            0.148,
            0.162,
            0.17,
            0.18,
            0.19,
            0.202,
            0.216,
            0.228,
            0.232,
            0.246,
            0.256,
            0.266,
            0.274,
            0.284,
            0.288,
            0.3,
            0.304,
            0.308,
            0.308,
            0.302,
            0.298,
            0.294,
            0.284,
            0.272,
            0.258,
            0.24,
            0.228,
            0.214,
            0.198,
            0.182,
            0.166,
            0.152,
            0.126,
            0.114,
            0.1,
            0.09,
            0.076,
            0.066,
            0.054,
            0.042,
            0.026,
            0.02,
            0.014,
            0.014,
            0.014,
            0.012,
            0.014,
            0.02,
            0.018,
            0.026,
            0.032,
            0.042,
            0.052,
            0.068,
            0.084,
            0.106,
            0.124,
            0.146,
            0.168,
            0.184,
            0.202,
            0.216,
            0.236,
            0.252,
            0.27,
            0.284,
            0.308,
            0.324,
            0.334,
            0.35,
            0.364,
            0.372,
            0.386,
            0.394,
            0.404,
            0.414,
            0.424,
            0.434,
            0.444,
            0.456,
            0.468,
            0.48,
            0.49,
            0.5,
            0.508,
            0.52,
            0.532,
            0.54,
            0.548,
            0.562,
            0.568,
            0.582,
            0.588,
            0.602,
            0.61,
            0.62,
            0.628,
            0.634,
            0.646,
            0.658,
            0.666,
            0.672,
            0.684,
            0.692,
            0.7,
            0.71,
            0.722,
            0.728,
            0.732,
            0.74,
            0.75,
            0.762,
            0.77,
            0.782,
            0.79,
            0.798,
            0.808,
            0.816,
            0.826,
            0.836,
            0.844,
            0.856,
            0.86,
            0.87,
            0.88,
            0.884,
            0.89,
            0.9,
            0.904,
            0.906,
            0.908,
            0.912,
            0.912,
            0.91,
            0.908,
            0.904,
            0.898,
            0.894,
            0.884,
            0.872,
            0.856,
            0.838,
            0.818,
            0.798
          ],
          "name": "y",
          "type": "Float"
        }
      ]
    }
  },
  "events": null,
  "params": {
    "height": 600,
    "width": 800
  },
  "permissions": null,
  "propConfig": {
    "custom.pointMap": {
      "binding": {
        "config": {
          "fallbackDelay": 2.5,
          "mode": "direct",
          "tagPath": "[trackDemo]Epic Universe/905/Sample Track/pointMap"
        },
        "type": "tag"
      },
      "persistent": true
    },
    "params.height": {
      "paramDirection": "input",
      "persistent": true
    },
    "params.width": {
      "paramDirection": "input",
      "persistent": true
    }
  },
  "props": {
    "defaultSize": {
      "height": 500
    }
  },
  "root": {
    "children": [
      {
        "custom": {
          "path": "[trackDemo]Epic Universe/905/Gringotts/Car2",
          "point": 0
        },
        "meta": {
          "name": "EmbeddedView_9"
        },
        "position": {
          "height": 0.08,
          "width": 0.05,
          "x": 0.00812000036239624,
          "y": 0.6599999964237213
        },
        "propConfig": {
          "meta.visible": {
            "binding": {
              "config": {
                "fallbackDelay": 2.5,
                "mode": "indirect",
                "references": {
                  "1": "{this.props.params.path}"
                },
                "tagPath": "{1}/mode"
              },
              "transforms": [
                {
                  "expression": "if({value} \u003d 0, false, if(isNull({value}), false, true))",
                  "type": "expression"
                }
              ],
              "type": "tag"
            }
          }
        },
        "props": {
          "params": {
            "path": "[trackDemo]Epic Universe/905/Sample Track/Car2"
          },
          "path": "Templates/Devices/Car"
        },
        "type": "ia.display.view"
      },
      {
        "meta": {
          "name": "TrackMap"
        },
        "position": {
          "height": 0.928,
          "width": 0.9363,
          "x": 0.0319,
          "y": 0.036
        },
        "props": {
          "elements": [
            {
              "elements": [
                {
                  "d": "M 31.246889,93.079302 56.566115,-5.5711224 c 0,0 27.053455,-171.3861576 149.124565,-39.5506496 122.07109,131.835487 167.84776,56.425591 167.84776,56.425591 l 46.57974,-66.445092 c 0,0 37.74567,-65.390427 161.42296,-33.222537 123.6773,32.167856 -296.34365,292.14742 -296.34365,292.14742 0,0 -321.563074,198.92444 -276.2661551,1.05469 C 14.899527,178.76759 21.217098,123.32329 31.246889,93.079302 Z",
                  "fill": {
                    "paint": "none"
                  },
                  "name": "path815",
                  "stroke": {
                    "dasharray": "none",
                    "linecap": "butt",
                    "miterlimit": "4",
                    "opacity": "1",
                    "paint": "#aeaeae",
                    "width": "4"
                  },
                  "style": {},
                  "type": "path"
                }
              ],
              "name": "layer1",
              "transform": "translate(0,103)",
              "type": "group"
            }
          ],
          "viewBox": "0 0 610 400"
        },
        "type": "ia.shapes.svg"
      }
    ],
    "meta": {
      "name": "root"
    },
    "props": {
      "aspectRatio": "800:500",
      "mode": "percent"
    },
    "type": "ia.container.coord"
  }
}