{
  "custom": {
    "path": "[Park]epicUniverse/track902",
    "selection": {}
  },
  "params": {},
  "propConfig": {
    "custom.path": {
      "persistent": true
    },
    "custom.selection": {
      "persistent": true
    }
  },
  "props": {
    "defaultSize": {
      "height": 1270,
      "width": 1920
    }
  },
  "root": {
    "children": [
      {
        "meta": {
          "name": "Label"
        },
        "position": {
          "height": 25,
          "width": 300
        },
        "propConfig": {
          "props.text": {
            "binding": {
              "config": {
                "expression": "if({view.custom.path} \u003d \u0027\u0027, \r\n\t\u0027Select A Track\u0027, \r\n\t\u0027Track\u0027)"
              },
              "type": "expr"
            }
          }
        },
        "props": {
          "style": {
            "classes": "pageHeader",
            "paddingLeft": 10,
            "textAlign": "start"
          }
        },
        "type": "ia.display.label"
      },
      {
        "meta": {
          "name": "Label_0"
        },
        "position": {
          "height": 25,
          "width": 300,
          "y": 25
        },
        "propConfig": {
          "props.text": {
            "binding": {
              "config": {
                "path": "view.custom.path"
              },
              "type": "property"
            }
          }
        },
        "props": {
          "style": {
            "classes": "label",
            "cursor": "pointer",
            "fontSize": "16px",
            "paddingLeft": 10,
            "textAlign": "start"
          }
        },
        "type": "ia.display.label"
      },
      {
        "children": [
          {
            "children": [
              {
                "custom": {
                  "play": false,
                  "time": {
                    "$": [
                      "ts",
                      192,
                      1592350324438
                    ],
                    "$ts": 1592349649555
                  }
                },
                "events": {
                  "dom": {
                    "onClick": {
                      "config": {
                        "script": "\timport time\n\tcv \u003d self.props.controlValue\n\tplay \u003d self.parent.custom.play\n\t\n\tif cv \u003d\u003d 6 or cv \u003d\u003d 7:\n\t\tself.props.states[cv-1].unselectedStyle.classes \u003d \u0027Animations/click\u0027\n\telse:\n\t\tself.props.states[cv-1].selectedStyle.classes \u003d \u0027Animations/click\u0027\n\t\n\tdef step(direction):\n\t\tself.props.indicatorValue \u003d cv\n\t\tself.custom.play \u003d False\n\t\tcurTime \u003d self.getSibling(\"curTime\").custom.curTime\n\t\tsecOffset \u003d int(self.getSibling(\"secOffset\").props.value) * direction\n\t\tminOffset \u003d int(self.getSibling(\"minOffset\").props.value) * direction\n\t\tnewTime \u003d system.date.addSeconds(curTime, secOffset)\n\t\tnewTime \u003d system.date.addMinutes(newTime, minOffset)\n#\t\tself.getSibling(\"curTime\").custom.curTime \u003d newTime\n\t\tself.parent.custom.time \u003d newTime\n\t\n\tif cv \u003d\u003d 1:\n\t\t# Play\n\t\tself.parent.custom.play \u003d True\n\t\tself.props.indicatorValue \u003d cv\n\t\t\n\telif cv \u003d\u003d 2:\n\t\t# Pause\n\t\tself.parent.custom.play \u003d False\n\t\tself.props.indicatorValue \u003d cv\n\t\t\n\telif cv \u003d\u003d 3:\n\t\t# Step Forward\n\t\tstep(1)\n\telif cv \u003d\u003d 4:\n\t\t# Step Backward\n\t\tstep(-1)\n\telif cv \u003d\u003d 5:\n\t\t# Restart\n\t\tself.parent.custom.play \u003d False\n\t\tself.props.indicatorValue \u003d cv\n\t\tself.parent.custom.time \u003d self.parent.parent.parent.getChild(\"dates\").getChild(\"start\").getChild(\"startDate\").props.value\n\t\tself.parent.custom.direction \u003d 1\n\telif cv \u003d\u003d 6:\n\t\t# Play Realtime\n\t\tself.getSibling(\"secOffset\").props.value \u003d 1\n\t\tself.getSibling(\"minOffset\").props.value \u003d 0\n\t\tself.parent.custom.time \u003d system.date.addSeconds(system.date.now(), -2)\n\t\tself.props.indicatorValue \u003d 1\n\t\tself.parent.custom.play \u003d True\n\telif cv \u003d\u003d 7:\n\t\t# Reverse\n#\t\tself.props.indicatorValue \u003d 1\n\t\tself.parent.custom.direction \u003d self.parent.custom.direction * -1\n#\t\tself.parent.custom.play \u003d True\n\t\n\ttime.sleep(.25)\n\tif cv \u003d\u003d 6 or cv \u003d\u003d 7:\n\t\tself.props.states[cv-1].unselectedStyle.classes \u003d \u0027\u0027\n\telse:\n\t\tself.props.states[cv-1].selectedStyle.classes \u003d \u0027\u0027"
                      },
                      "scope": "G",
                      "type": "script"
                    }
                  }
                },
                "meta": {
                  "name": "control"
                },
                "position": {
                  "height": 350,
                  "width": 80,
                  "x": 15,
                  "y": 15
                },
                "props": {
                  "controlValue": 2,
                  "indicatorValue": 2,
                  "states": [
                    {
                      "selectedStyle": {
                        "backgroundColor": "#62ED2A",
                        "classes": ""
                      },
                      "text": "Play",
                      "unselectedStyle": {
                        "classes": ""
                      },
                      "value": 1
                    },
                    {
                      "selectedStyle": {
                        "backgroundColor": "#FF9B09",
                        "classes": ""
                      },
                      "text": "Pause",
                      "unselectedStyle": {
                        "classes": ""
                      },
                      "value": 2
                    },
                    {
                      "selectedStyle": {
                        "backgroundColor": "#FFDD09",
                        "classes": ""
                      },
                      "text": "Step Forward",
                      "unselectedStyle": {
                        "classes": ""
                      },
                      "value": 3
                    },
                    {
                      "selectedStyle": {
                        "backgroundColor": "#FFDD09",
                        "classes": ""
                      },
                      "text": "Step Backward",
                      "unselectedStyle": {
                        "classes": ""
                      },
                      "value": 4
                    },
                    {
                      "selectedStyle": {
                        "backgroundColor": "#FF2709",
                        "classes": ""
                      },
                      "text": "Restart",
                      "unselectedStyle": {
                        "classes": ""
                      },
                      "value": 5
                    },
                    {
                      "selectedStyle": {
                        "backgroundColor": "#FFDD09",
                        "classes": ""
                      },
                      "text": "Play Realtime",
                      "unselectedStyle": {
                        "classes": ""
                      },
                      "value": 6
                    },
                    {
                      "selectedStyle": {
                        "backgroundColor": "#FFDD09",
                        "classes": ""
                      },
                      "text": "Reverse Direction",
                      "unselectedStyle": {
                        "classes": ""
                      },
                      "value": 7
                    }
                  ]
                },
                "type": "ia.input.multi-state-button"
              },
              {
                "meta": {
                  "name": "Label"
                },
                "position": {
                  "height": 30,
                  "width": 200,
                  "x": 110,
                  "y": 15
                },
                "props": {
                  "style": {
                    "classes": "pageHeader"
                  },
                  "text": "Current Time"
                },
                "type": "ia.display.label"
              },
              {
                "meta": {
                  "name": "curTime"
                },
                "position": {
                  "height": 30,
                  "width": 200,
                  "x": 110,
                  "y": 45
                },
                "propConfig": {
                  "custom.curTime": {
                    "binding": {
                      "config": {
                        "bidirectional": true,
                        "path": "parent.custom.time"
                      },
                      "type": "property"
                    }
                  },
                  "props.text": {
                    "binding": {
                      "config": {
                        "path": "this.custom.curTime"
                      },
                      "transforms": [
                        {
                          "formatType": "datetime",
                          "formatValue": {
                            "date": "medium",
                            "time": "medium"
                          },
                          "type": "format"
                        }
                      ],
                      "type": "property"
                    }
                  }
                },
                "props": {
                  "style": {
                    "classes": "label",
                    "fontSize": "16px",
                    "textAlign": "center"
                  }
                },
                "type": "ia.display.label"
              },
              {
                "meta": {
                  "name": "Label_0"
                },
                "position": {
                  "height": 30,
                  "width": 200,
                  "x": 360,
                  "y": 15
                },
                "props": {
                  "style": {
                    "classes": "pageHeader"
                  },
                  "text": "Playback Offset"
                },
                "type": "ia.display.label"
              },
              {
                "meta": {
                  "name": "secOffset"
                },
                "position": {
                  "height": 25,
                  "width": 50,
                  "x": 400,
                  "y": 48
                },
                "props": {
                  "inputBounds": {
                    "maximum": 60,
                    "minimum": 1
                  },
                  "value": 1
                },
                "type": "ia.input.numeric-entry-field"
              },
              {
                "meta": {
                  "name": "minOffset"
                },
                "position": {
                  "height": 25,
                  "width": 50,
                  "x": 400,
                  "y": 78
                },
                "props": {
                  "inputBounds": {
                    "maximum": 60,
                    "minimum": 0
                  },
                  "value": 0
                },
                "type": "ia.input.numeric-entry-field"
              },
              {
                "meta": {
                  "name": "Label_1"
                },
                "position": {
                  "height": 30,
                  "width": 100,
                  "x": 460,
                  "y": 45
                },
                "props": {
                  "style": {
                    "classes": "label",
                    "fontSize": "16px",
                    "textAlign": "start"
                  },
                  "text": "Seconds"
                },
                "type": "ia.display.label"
              },
              {
                "meta": {
                  "name": "Label_2"
                },
                "position": {
                  "height": 30,
                  "width": 100,
                  "x": 460,
                  "y": 75
                },
                "props": {
                  "style": {
                    "classes": "label",
                    "fontSize": "16px",
                    "textAlign": "start"
                  },
                  "text": "Minutes"
                },
                "type": "ia.display.label"
              },
              {
                "meta": {
                  "name": "Table"
                },
                "position": {
                  "height": 712.0000000000001,
                  "width": 661,
                  "x": 110,
                  "y": 108
                },
                "propConfig": {
                  "props.data": {
                    "binding": {
                      "config": {
                        "path": "..../trackMap.props.params.rewindHist"
                      },
                      "type": "property"
                    }
                  }
                },
                "props": {
                  "columns": [
                    {
                      "align": "center",
                      "boolean": "checkbox",
                      "dateFormat": "MM/DD/YYYY",
                      "editable": false,
                      "field": "path",
                      "footer": {
                        "align": "center",
                        "justify": "left",
                        "style": {
                          "classes": ""
                        },
                        "title": ""
                      },
                      "header": {
                        "align": "center",
                        "justify": "left",
                        "style": {
                          "classes": ""
                        },
                        "title": ""
                      },
                      "justify": "auto",
                      "number": "value",
                      "numberFormat": "0,0.##",
                      "progressBar": {
                        "bar": {
                          "color": "#62A3F6",
                          "linecap": "round",
                          "width": 5
                        },
                        "max": 100,
                        "track": {
                          "color": "#DADADA",
                          "linecap": "round",
                          "width": 2
                        },
                        "value": {
                          "color": "#7D7D7D",
                          "show": true
                        }
                      },
                      "render": "auto",
                      "resizable": true,
                      "sort": "none",
                      "sortable": true,
                      "strictWidth": false,
                      "style": {
                        "classes": ""
                      },
                      "toggleSwitch": {
                        "color": {
                          "selected": "#2196F3",
                          "unselected": "#FFFFFF"
                        }
                      },
                      "viewParams": {},
                      "viewPath": "",
                      "visible": true,
                      "width": 50
                    },
                    {
                      "align": "center",
                      "boolean": "checkbox",
                      "dateFormat": "MM/DD/YYYY",
                      "editable": false,
                      "field": "actualPos",
                      "footer": {
                        "align": "center",
                        "justify": "left",
                        "style": {
                          "classes": ""
                        },
                        "title": ""
                      },
                      "header": {
                        "align": "center",
                        "justify": "left",
                        "style": {
                          "classes": ""
                        },
                        "title": ""
                      },
                      "justify": "auto",
                      "number": "value",
                      "numberFormat": "0,0.##",
                      "progressBar": {
                        "bar": {
                          "color": "#62A3F6",
                          "linecap": "round",
                          "width": 5
                        },
                        "max": 100,
                        "track": {
                          "color": "#DADADA",
                          "linecap": "round",
                          "width": 2
                        },
                        "value": {
                          "color": "#7D7D7D",
                          "show": true
                        }
                      },
                      "render": "auto",
                      "resizable": true,
                      "sort": "none",
                      "sortable": true,
                      "strictWidth": false,
                      "style": {
                        "classes": ""
                      },
                      "toggleSwitch": {
                        "color": {
                          "selected": "#2196F3",
                          "unselected": "#FFFFFF"
                        }
                      },
                      "viewParams": {},
                      "viewPath": "",
                      "visible": true,
                      "width": 25
                    },
                    {
                      "align": "center",
                      "boolean": "checkbox",
                      "dateFormat": "MM/DD/YYYY",
                      "editable": false,
                      "field": "mode",
                      "footer": {
                        "align": "center",
                        "justify": "left",
                        "style": {
                          "classes": ""
                        },
                        "title": ""
                      },
                      "header": {
                        "align": "center",
                        "justify": "left",
                        "style": {
                          "classes": ""
                        },
                        "title": ""
                      },
                      "justify": "auto",
                      "number": "value",
                      "numberFormat": "0,0.##",
                      "progressBar": {
                        "bar": {
                          "color": "#62A3F6",
                          "linecap": "round",
                          "width": 5
                        },
                        "max": 100,
                        "track": {
                          "color": "#DADADA",
                          "linecap": "round",
                          "width": 2
                        },
                        "value": {
                          "color": "#7D7D7D",
                          "show": true
                        }
                      },
                      "render": "auto",
                      "resizable": true,
                      "sort": "none",
                      "sortable": true,
                      "strictWidth": false,
                      "style": {
                        "classes": ""
                      },
                      "toggleSwitch": {
                        "color": {
                          "selected": "#2196F3",
                          "unselected": "#FFFFFF"
                        }
                      },
                      "viewParams": {},
                      "viewPath": "",
                      "visible": true,
                      "width": 25
                    }
                  ],
                  "pager": {
                    "initialOption": 50
                  },
                  "selection": {
                    "data": [
                      {
                        "actualPos": 0,
                        "mode": 1,
                        "path": "[Park]epicUniverse/track902/Ride Vehicles/rideVehicle3"
                      }
                    ],
                    "selectedColumn": "path",
                    "selectedRow": 2
                  }
                },
                "type": "ia.display.table"
              },
              {
                "meta": {
                  "name": "DateTimeInput",
                  "visible": false
                },
                "position": {
                  "height": 30,
                  "width": 200,
                  "x": 110,
                  "y": 75
                },
                "props": {
                  "formattedValues": {
                    "date": "Jun 16, 2020",
                    "datetime": "Jun 16, 2020 2:29 PM",
                    "time": "2:29 PM"
                  },
                  "pickerType": "date",
                  "value": {
                    "$": [
                      "ts",
                      192,
                      1592400381281
                    ],
                    "$ts": 1592339399555
                  }
                },
                "type": "ia.input.date-time-input"
              },
              {
                "meta": {
                  "name": "arrorCircleCCW"
                },
                "position": {
                  "height": 64,
                  "width": 64,
                  "x": 25,
                  "y": 370
                },
                "propConfig": {
                  "meta.visible": {
                    "binding": {
                      "config": {
                        "expression": "{parent.custom.direction} \u003d -1 \u0026\u0026 !{parent.custom.play}"
                      },
                      "type": "expr"
                    }
                  }
                },
                "props": {
                  "elements": [
                    {
                      "elements": [
                        {
                          "d": "M82.4 32.2a37.52 37.52 0 0 0-55 25.13L16.97 42.97.92 52.44A64.42 64.42 0 0 1 101.07 12.2l-.26 17.93z",
                          "fill": {
                            "opacity": "1",
                            "paint": "#AAAAAA"
                          },
                          "name": "path",
                          "type": "path"
                        },
                        {
                          "d": "M82.4 32.2a37.52 37.52 0 0 0-55 25.13L16.97 42.97.92 52.44A64.42 64.42 0 0 1 101.07 12.2l-.26 17.93z",
                          "fill": {
                            "opacity": "1",
                            "paint": "#AAAAAA"
                          },
                          "name": "path",
                          "transform": "rotate(120 64 64)",
                          "type": "path"
                        },
                        {
                          "d": "M82.4 32.2a37.52 37.52 0 0 0-55 25.13L16.97 42.97.92 52.44A64.42 64.42 0 0 1 101.07 12.2l-.26 17.93z",
                          "fill": {
                            "opacity": "1",
                            "paint": "#AAAAAA"
                          },
                          "name": "path",
                          "transform": "rotate(240 64 64)",
                          "type": "path"
                        }
                      ],
                      "name": "group",
                      "type": "group"
                    }
                  ],
                  "viewBox": "0 0 128 128"
                },
                "type": "ia.shapes.svg"
              },
              {
                "meta": {
                  "name": "arrorCircleCW"
                },
                "position": {
                  "height": 64,
                  "width": 64,
                  "x": 25,
                  "y": 370
                },
                "propConfig": {
                  "meta.visible": {
                    "binding": {
                      "config": {
                        "expression": "{parent.custom.direction} \u003d 1 \u0026\u0026 !{parent.custom.play}"
                      },
                      "type": "expr"
                    }
                  }
                },
                "props": {
                  "elements": [
                    {
                      "elements": [
                        {
                          "d": "M82.4 32.2a37.52 37.52 0 0 0-55 25.13L16.97 42.97.92 52.44A64.42 64.42 0 0 1 101.07 12.2l-.26 17.93z",
                          "fill": {
                            "opacity": "1",
                            "paint": "#AAAAAA"
                          },
                          "name": "path",
                          "transform": "translate(128,0) scale(-1, 1)",
                          "type": "path"
                        },
                        {
                          "d": "M82.4 32.2a37.52 37.52 0 0 0-55 25.13L16.97 42.97.92 52.44A64.42 64.42 0 0 1 101.07 12.2l-.26 17.93z",
                          "fill": {
                            "opacity": "1",
                            "paint": "#AAAAAA"
                          },
                          "name": "path",
                          "transform": "translate(128,0) scale(-1, 1) rotate(120 64 64)",
                          "type": "path"
                        },
                        {
                          "d": "M82.4 32.2a37.52 37.52 0 0 0-55 25.13L16.97 42.97.92 52.44A64.42 64.42 0 0 1 101.07 12.2l-.26 17.93z",
                          "fill": {
                            "opacity": "1",
                            "paint": "#AAAAAA"
                          },
                          "name": "path",
                          "transform": "translate(128,0) scale(-1, 1) rotate(240 64 64)",
                          "type": "path"
                        }
                      ],
                      "name": "group",
                      "type": "group"
                    }
                  ],
                  "viewBox": "0 0 128 128"
                },
                "type": "ia.shapes.svg"
              },
              {
                "meta": {
                  "name": "arrorCircle"
                },
                "position": {
                  "height": 64,
                  "width": 64,
                  "x": 25,
                  "y": 370
                },
                "propConfig": {
                  "meta.visible": {
                    "binding": {
                      "config": {
                        "path": "parent.custom.play"
                      },
                      "type": "property"
                    }
                  },
                  "props.source": {
                    "binding": {
                      "config": {
                        "path": "parent.custom.direction"
                      },
                      "transforms": [
                        {
                          "fallback": "/system/images/arrorCircleCW.svg",
                          "inputType": "scalar",
                          "mappings": [
                            {
                              "input": 1,
                              "output": "/system/images/arrorCircleCW.svg"
                            },
                            {
                              "input": -1,
                              "output": "/system/images/arrorCircleCCW.svg"
                            }
                          ],
                          "outputType": "scalar",
                          "type": "map"
                        }
                      ],
                      "type": "property"
                    }
                  }
                },
                "props": {
                  "fit": {
                    "mode": "fill"
                  }
                },
                "type": "ia.display.image"
              }
            ],
            "custom": {
              "direction": 1,
              "play": false,
              "time": {
                "$": [
                  "ts",
                  192,
                  1597425694374
                ],
                "$ts": 1594180800000
              }
            },
            "events": {
              "system": {
                "onStartup": {
                  "config": {
                    "script": "\t#\tdate \u003d system.date.now()\n#\tseconds \u003d system.date.getSecond(date)\n#\tdate \u003d system.date.addSeconds(date, -seconds)\n#\tdate \u003d system.date.addMinutes(date, -1)\n\tself.custom.time \u003d self.parent.parent.getChild(\"dates\").getChild(\"start\").getChild(\"startDate\").props.value\n\t"
                  },
                  "scope": "G",
                  "type": "script"
                }
              }
            },
            "meta": {
              "name": "playback"
            },
            "position": {
              "tabIndex": 1
            },
            "propConfig": {
              "custom.time": {
                "access": "PROTECTED",
                "onChange": {
                  "enabled": null,
                  "script": "\tdate \u003d system.date.format(currentValue.value, \u0027MM-dd-yyyy HH:mm:ss\u0027)\n\tdict \u003d {\u0027Time\u0027: str(date)}\n\tself.view.custom.selection \u003d dict"
                }
              },
              "custom.trigger": {
                "binding": {
                  "config": {
                    "expression": "if({this.custom.play}, now(1000), 0)"
                  },
                  "transforms": [
                    {
                      "code": "\tif self.custom.play:\n\t\tdateNow \u003d system.date.now()\n\t\tcurTime \u003d self.getChild(\"curTime\").custom.curTime\n\t\tif curTime \u003c dateNow:\n\t\t\tsecOffset \u003d int(self.getChild(\"secOffset\").props.value) * self.custom.direction\n\t\t\tminOffset \u003d int(self.getChild(\"minOffset\").props.value) * self.custom.direction\n\t\t\tnewTime \u003d system.date.addSeconds(curTime, secOffset)\n\t\t\tnewTime \u003d system.date.addMinutes(newTime, minOffset)\n#\t\t\tself.getChild(\"curTime\").custom.curTime \u003d newTime\n\t\t\tself.custom.time \u003d newTime\n\t\telse:\n\t\t\tself.custom.play \u003d False\n\t\t\tself.getChild(\"control\").props.controlValue \u003d 2\n\t\t\tself.getChild(\"control\").props.indicatorValue \u003d 2\n\t\t\tself.custom.time \u003d dateNow\n\treturn value",
                      "type": "script"
                    }
                  ],
                  "type": "expr"
                }
              }
            },
            "props": {
              "style": {
                "borderWidth": 1
              }
            },
            "type": "ia.container.coord"
          },
          {
            "meta": {
              "name": "alarms"
            },
            "propConfig": {
              "meta.visible": {
                "binding": {
                  "config": {
                    "expression": "if({.../trackMap.props.params.path} \u003d \u0027\u0027, false, true)"
                  },
                  "type": "expr"
                }
              },
              "props.data": {
                "binding": {
                  "config": {
                    "expression": "now(2000)"
                  },
                  "transforms": [
                    {
                      "code": "#\tlog \u003d system.util.getLogger(\u0027AlmRewind_AlmDataProp\u0027)\n\tvalue \u003d []\n\tif self.meta.visible:\n#\t\tlog.info(\u0027Alarm Summary Visible: \u0027 + str(self.meta.visible))\n\t\tendRange \u003d self.parent.parent.getChild(\"dates\").getChild(\"end\").getChild(\"endDate\").props.value\n#\t\tlog.info(\u0027End Range: \u0027 + str(endRange))\n\t\tstartRange \u003d self.parent.parent.getChild(\"dates\").getChild(\"start\").getChild(\"startDate\").props.value\n#\t\tlog.info(\u0027Start Range: \u0027 + str(startRange))\n\t\ttrack \u003d self.view.custom.path\n\t\ttrack \u003d \u0027*\u0027 + track[track.rindex(\u0027/\u0027)+1:] + \u0027*\u0027\n\t\tresults \u003d system.alarm.queryJournal(journalName\u003d\"alarmHistory\", startDate\u003dstartRange, endDate\u003dendRange, source \u003d track, priority\u003d[\"Critical\"])#, state\u003d[\"ActiveUnacked\", \"ClearUnacked\", \"ClearAcked\"])\n\t\tdata \u003d results.getDataset()\n\t\talarmsToSkip \u003d [\u0027evt:System Startup\u0027, \u0027evt:Alarms Shelved\u0027, \u0027evt:Alarms Unshelved\u0027]\n\t\t\n\t\tfor x in range(data.getRowCount()):\n\t\t\tsystemEvent \u003d data.getValueAt(x, \u0027isSystemEvent\u0027)\n\t\t\tif not systemEvent:\n\t\t\t\ttmpSource \u003d data.getValueAt(x,\u0027source\u0027)\n#\t\t\t\tif tmpSource not in alarmsToSkip:\n#\t\t\t\t\treturn data.getColumnNames()\n\t\t\t\tsource \u003d tmpSource.replace(\u0027prov:\u0027, \u0027[\u0027)\n\t\t\t\tsource \u003d source.replace(\u0027/tag:\u0027, \u0027]\u0027)\n\t\t\t\tsource \u003d source.replace(\u0027:\u0027, \u0027\u0027)\n\t\t\t\ttry:\n\t\t\t\t\tindex \u003d source.index(\u0027alm\u0027)\n\t\t\t\t\tsource \u003d source[:index-1]\n\t\t\t\t\ttime \u003d system.date.format(data.getValueAt(x,\u0027eventTime\u0027), \u0027MM-dd-yyyy HH:mm:ss\u0027)\n\t\t\t\t\tstate \u003d data.getValueAt(x,\u0027eventState\u0027)\n\t\t\t\t\tif state \u003d\u003d 0:\n\t\t\t\t\t\tstate \u003d \u0027ActiveUnacked\u0027\n\t\t\t\t\telif state \u003d\u003d 1:\n\t\t\t\t\t\tstate \u003d \u0027Cleared\u0027\n\t\t\t\t\telif state \u003d\u003d 2:\n\t\t\t\t\t\tstate \u003d \u0027ActiveAcked\u0027\n\t\t\t\t\tpriority \u003d data.getValueAt(x,\u0027priority\u0027)\n\t\t\t\t\tif priority \u003d\u003d 4:\n\t\t\t\t\t\tpriority \u003d \u0027Critical\u0027\n\t\t\t\t\tdict \u003d {\u0027Source\u0027:source, \u0027Priority\u0027:priority, \u0027Time\u0027:time, \u0027State\u0027:state}\n\t\t\t\t\tvalue.append(dict)\n\t\t\t\texcept:\n\t\t\t\t\tlogger \u003d system.util.getLogger(\u0027alarmRewindLogger\u0027)\n\t\t\t\t\tlogger.info(\u0027Failed parse alarm: \u0027 + tmpSource + \u0027, for track: \u0027 + track)\n\t\n\treturn sorted(value, key\u003dlambda i: i[\u0027Time\u0027], reverse\u003dTrue)\n",
                      "type": "script"
                    }
                  ],
                  "type": "expr"
                }
              },
              "props.selection.data": {
                "onChange": {
                  "enabled": null,
                  "script": "\tif currentValue.value:\n#\t\tself.view.custom.selection \u003d self.props.selection.data[0]\n\t\tself.getSibling(\"playback\").custom.time \u003d system.date.parse(self.props.selection.data[0][\u0027Time\u0027], \u0027MM-dd-yyyy HH:mm:ss\u0027)"
                }
              }
            },
            "props": {
              "columns": [
                {
                  "align": "center",
                  "boolean": "checkbox",
                  "dateFormat": "MMM DD, YYYY h:mm:ss a",
                  "editable": false,
                  "field": "Time",
                  "footer": {
                    "align": "center",
                    "justify": "left",
                    "style": {
                      "classes": ""
                    },
                    "title": ""
                  },
                  "header": {
                    "align": "center",
                    "justify": "left",
                    "style": {
                      "classes": ""
                    },
                    "title": ""
                  },
                  "justify": "auto",
                  "number": "value",
                  "numberFormat": "0,0.##",
                  "progressBar": {
                    "bar": {
                      "color": "#62A3F6",
                      "linecap": "round",
                      "width": 5
                    },
                    "max": 100,
                    "track": {
                      "color": "#DADADA",
                      "linecap": "round",
                      "width": 2
                    },
                    "value": {
                      "color": "#7D7D7D",
                      "show": true
                    }
                  },
                  "render": "date",
                  "resizable": true,
                  "sortable": true,
                  "strictWidth": false,
                  "style": {
                    "classes": ""
                  },
                  "toggleSwitch": {
                    "color": {
                      "selected": "#2196F3",
                      "unselected": "#FFFFFF"
                    }
                  },
                  "viewParams": {},
                  "viewPath": "",
                  "width": 21
                },
                {
                  "align": "center",
                  "boolean": "checkbox",
                  "dateFormat": "MM/DD/YYYY",
                  "editable": false,
                  "field": "Source",
                  "footer": {
                    "align": "center",
                    "justify": "left",
                    "style": {
                      "classes": ""
                    },
                    "title": ""
                  },
                  "header": {
                    "align": "center",
                    "justify": "left",
                    "style": {
                      "classes": ""
                    },
                    "title": ""
                  },
                  "justify": "auto",
                  "number": "value",
                  "numberFormat": "0,0.##",
                  "progressBar": {
                    "bar": {
                      "color": "#62A3F6",
                      "linecap": "round",
                      "width": 5
                    },
                    "max": 100,
                    "track": {
                      "color": "#DADADA",
                      "linecap": "round",
                      "width": 2
                    },
                    "value": {
                      "color": "#7D7D7D",
                      "show": true
                    }
                  },
                  "render": "string",
                  "resizable": true,
                  "sortable": true,
                  "strictWidth": false,
                  "style": {
                    "classes": ""
                  },
                  "toggleSwitch": {
                    "color": {
                      "selected": "#2196F3",
                      "unselected": "#FFFFFF"
                    }
                  },
                  "viewParams": {},
                  "viewPath": "",
                  "width": 55
                },
                {
                  "align": "center",
                  "boolean": "checkbox",
                  "dateFormat": "MM/DD/YYYY",
                  "editable": false,
                  "field": "State",
                  "footer": {
                    "align": "center",
                    "justify": "left",
                    "style": {
                      "classes": ""
                    },
                    "title": ""
                  },
                  "header": {
                    "align": "center",
                    "justify": "left",
                    "style": {
                      "classes": ""
                    },
                    "title": ""
                  },
                  "justify": "auto",
                  "number": "value",
                  "numberFormat": "0,0.##",
                  "progressBar": {
                    "bar": {
                      "color": "#62A3F6",
                      "linecap": "round",
                      "width": 5
                    },
                    "max": 100,
                    "track": {
                      "color": "#DADADA",
                      "linecap": "round",
                      "width": 2
                    },
                    "value": {
                      "color": "#7D7D7D",
                      "show": true
                    }
                  },
                  "render": "string",
                  "resizable": true,
                  "sort": "none",
                  "sortable": true,
                  "strictWidth": false,
                  "style": {
                    "classes": ""
                  },
                  "toggleSwitch": {
                    "color": {
                      "selected": "#2196F3",
                      "unselected": "#FFFFFF"
                    }
                  },
                  "viewParams": {},
                  "viewPath": "",
                  "visible": true,
                  "width": 14
                },
                {
                  "align": "center",
                  "boolean": "checkbox",
                  "dateFormat": "MM/DD/YYYY",
                  "editable": false,
                  "field": "Priority",
                  "footer": {
                    "align": "center",
                    "justify": "left",
                    "style": {
                      "classes": ""
                    },
                    "title": ""
                  },
                  "header": {
                    "align": "center",
                    "justify": "left",
                    "style": {
                      "classes": ""
                    },
                    "title": ""
                  },
                  "justify": "auto",
                  "number": "value",
                  "numberFormat": "0,0.##",
                  "progressBar": {
                    "bar": {
                      "color": "#62A3F6",
                      "linecap": "round",
                      "width": 5
                    },
                    "max": 100,
                    "track": {
                      "color": "#DADADA",
                      "linecap": "round",
                      "width": 2
                    },
                    "value": {
                      "color": "#7D7D7D",
                      "show": true
                    }
                  },
                  "render": "string",
                  "resizable": true,
                  "sort": "none",
                  "sortable": true,
                  "strictWidth": false,
                  "style": {
                    "classes": ""
                  },
                  "toggleSwitch": {
                    "color": {
                      "selected": "#2196F3",
                      "unselected": "#FFFFFF"
                    }
                  },
                  "viewParams": {},
                  "viewPath": "",
                  "visible": true,
                  "width": 10
                }
              ],
              "pager": {
                "activePage": 3
              }
            },
            "type": "ia.display.table"
          }
        ],
        "meta": {
          "name": "rewind"
        },
        "position": {
          "height": 855,
          "width": 775,
          "x": 1117,
          "y": 52
        },
        "propConfig": {
          "meta.visible": {
            "binding": {
              "config": {
                "expression": "if({../trackMap.props.params.path} \u003d \u0027\u0027, false, true)"
              },
              "type": "expr"
            }
          }
        },
        "props": {
          "tabSize": {
            "height": 30
          },
          "tabs": [
            "Alarms",
            "Playback"
          ]
        },
        "type": "ia.container.tab"
      },
      {
        "children": [
          {
            "children": [
              {
                "meta": {
                  "name": "Label_0"
                },
                "position": {
                  "basis": "25px",
                  "shrink": 0
                },
                "props": {
                  "style": {
                    "classes": "pageHeader"
                  },
                  "text": "Start Date"
                },
                "type": "ia.display.label"
              },
              {
                "meta": {
                  "name": "Label_2"
                },
                "position": {
                  "basis": "25px",
                  "shrink": 0
                },
                "propConfig": {
                  "props.text": {
                    "binding": {
                      "config": {
                        "path": "../startDate.props.value"
                      },
                      "transforms": [
                        {
                          "formatType": "datetime",
                          "formatValue": {
                            "date": "medium",
                            "time": "medium"
                          },
                          "type": "format"
                        }
                      ],
                      "type": "property"
                    }
                  }
                },
                "props": {
                  "style": {
                    "classes": "label",
                    "cursor": "pointer",
                    "fontSize": "16px",
                    "textAlign": "center"
                  }
                },
                "type": "ia.display.label"
              },
              {
                "events": {
                  "system": {
                    "onStartup": {
                      "config": {
                        "script": "\tcurrentTime \u003d system.date.now()\n\tself.props.value \u003d system.date.setTime(currentTime, 0, 0, 0)\n\t"
                      },
                      "scope": "G",
                      "type": "script"
                    }
                  }
                },
                "meta": {
                  "name": "startDate"
                },
                "position": {
                  "basis": "352px"
                },
                "propConfig": {
                  "props.style.backgroundColor": {
                    "binding": {
                      "config": {
                        "expression": "if({session.props.theme} \u003d \u0027light\u0027, \u0027#FFFFFF\u0027, \u0027#000000\u0027)"
                      },
                      "type": "expr"
                    }
                  },
                  "props.value": {
                    "onChange": {
                      "enabled": null,
                      "script": "\tif self.parent.parent.parent.getChild(\"rewind\").props.currentTabIndex \u003d\u003d 1:\n\t\tself.parent.parent.parent.getChild(\"rewind\").getChild(\"playback\").custom.time \u003d currentValue.value"
                    }
                  }
                },
                "props": {
                  "formattedValue": "Aug 13, 2020 11:00 PM",
                  "formattedValues": {
                    "date": "Aug 13, 2020",
                    "datetime": "Aug 13, 2020 11:00 PM",
                    "time": "11:00 PM"
                  },
                  "value": {
                    "$": [
                      "ts",
                      192,
                      1597425694370
                    ],
                    "$ts": 1597377600000
                  }
                },
                "type": "ia.input.date-time-picker"
              }
            ],
            "meta": {
              "name": "start"
            },
            "position": {
              "basis": "250px",
              "shrink": 0
            },
            "props": {
              "direction": "column",
              "style": {
                "borderWidth": 1,
                "overflow": "hidden"
              }
            },
            "type": "ia.container.flex"
          },
          {
            "children": [
              {
                "meta": {
                  "name": "Label_0"
                },
                "position": {
                  "basis": "25px",
                  "shrink": 0
                },
                "props": {
                  "style": {
                    "classes": "pageHeader"
                  },
                  "text": "End Date"
                },
                "type": "ia.display.label"
              },
              {
                "meta": {
                  "name": "Label_2"
                },
                "position": {
                  "basis": "25px",
                  "shrink": 0
                },
                "propConfig": {
                  "props.text": {
                    "binding": {
                      "config": {
                        "path": "../endDate.props.value"
                      },
                      "transforms": [
                        {
                          "formatType": "datetime",
                          "formatValue": {
                            "date": "medium",
                            "time": "medium"
                          },
                          "type": "format"
                        }
                      ],
                      "type": "property"
                    }
                  }
                },
                "props": {
                  "style": {
                    "classes": "label",
                    "cursor": "pointer",
                    "fontSize": "16px",
                    "textAlign": "center"
                  }
                },
                "type": "ia.display.label"
              },
              {
                "events": {
                  "system": {
                    "onStartup": {
                      "config": {
                        "script": "\tcurrentTime \u003d system.date.now()\n\tcurrentTime \u003d system.date.addDays(currentTime, 1)\n\tself.props.value \u003d system.date.setTime(currentTime, 0, 0, 0)\n\t"
                      },
                      "scope": "G",
                      "type": "script"
                    }
                  }
                },
                "meta": {
                  "name": "endDate"
                },
                "position": {
                  "basis": "352px"
                },
                "propConfig": {
                  "props.style.backgroundColor": {
                    "binding": {
                      "config": {
                        "expression": "if({session.props.theme} \u003d \u0027light\u0027, \u0027#FFFFFF\u0027, \u0027#000000\u0027)"
                      },
                      "type": "expr"
                    }
                  }
                },
                "props": {
                  "formattedValue": "Aug 14, 2020 11:00 PM",
                  "formattedValues": {
                    "date": "Aug 14, 2020",
                    "datetime": "Aug 14, 2020 11:00 PM",
                    "time": "11:00 PM"
                  },
                  "value": {
                    "$": [
                      "ts",
                      192,
                      1597425694369
                    ],
                    "$ts": 1597464000000
                  }
                },
                "type": "ia.input.date-time-picker"
              }
            ],
            "meta": {
              "name": "end"
            },
            "position": {
              "basis": "250px",
              "shrink": 0
            },
            "props": {
              "direction": "column",
              "style": {
                "borderWidth": 1,
                "overflow": "hidden"
              }
            },
            "type": "ia.container.flex"
          }
        ],
        "events": {
          "dom": {
            "onMouseEnter": {
              "config": {
                "script": "\tself.position.height \u003d 405"
              },
              "scope": "G",
              "type": "script"
            },
            "onMouseLeave": {
              "config": {
                "script": "\tself.position.height \u003d 50"
              },
              "scope": "G",
              "type": "script"
            }
          }
        },
        "meta": {
          "name": "dates"
        },
        "position": {
          "height": 50,
          "width": 500,
          "x": 1255
        },
        "propConfig": {
          "meta.visible": {
            "binding": {
              "config": {
                "expression": "if({../trackMap.props.params.path} \u003d \u0027\u0027, false, true)"
              },
              "type": "expr"
            }
          }
        },
        "props": {
          "justify": "center",
          "style": {
            "borderStyle": "solid",
            "borderWidth": 1,
            "overflow": "hidden"
          }
        },
        "type": "ia.container.flex"
      },
      {
        "meta": {
          "name": "alarmPath"
        },
        "position": {
          "height": 26,
          "width": 800,
          "x": 328
        },
        "propConfig": {
          "meta.visible": {
            "binding": {
              "config": {
                "expression": "if({view.custom.path} \u003d \u0027\u0027, False, True)"
              },
              "type": "expr"
            }
          },
          "props.text": {
            "binding": {
              "config": {
                "expression": "if(isGood({../alarms.props.selection.data[0].Source}), \r\n\t{../alarms.props.selection.data[0].Source},\r\n\t\u0027Select An Alarm\u0027)"
              },
              "type": "expr"
            }
          }
        },
        "props": {
          "style": {
            "classes": "pageHeader",
            "paddingLeft": 10,
            "textAlign": "start"
          }
        },
        "type": "ia.display.label"
      },
      {
        "meta": {
          "name": "trackMap"
        },
        "position": {
          "height": 1222,
          "width": 1028,
          "x": 73,
          "y": 49
        },
        "propConfig": {
          "meta.visible": {
            "binding": {
              "config": {
                "expression": "if({../trackMap.props.params.path} \u003d \u0027\u0027, false, true)"
              },
              "type": "expr"
            }
          },
          "props.params.path": {
            "binding": {
              "config": {
                "path": "view.custom.path"
              },
              "type": "property"
            }
          },
          "props.params.rewindHist": {
            "binding": {
              "config": {
                "path": "view.custom.selection"
              },
              "transforms": [
                {
                  "code": "\tlog \u003d system.util.getLogger(\u0027rewindHist\u0027)\n\tretVal \u003d []\n\ttrack \u003d self.props.params.path\n\t#if track is not None or zero length\n\tif track:\n\t\ttypeId \u003d system.tag.readBlocking([track + \u0027/_tagList/typeId\u0027])[0].value\n\t\t#gets just the UDT Type from the Type Id Path\n\t\tudtType \u003d typeId.replace(\u0027Devices/\u0027, \u0027\u0027)\n\t\t#browse all RV tags of UDT Type typeId in the RV Folder\n\t\tresults \u003d system.tag.browse(track + \u0027/Ride Vehicles\u0027, filter \u003d {\u0027typeId\u0027:typeId, \u0027tagType\u0027:\u0027udtInstance\u0027})\n\t\tvehicles \u003d results.getReturnedSize() \n\t\tcount \u003d range(1, vehicles + 1)\n\t\t\n\t\t#check if the value of the view.custom.selection is longer than 2\n\t\t#NOTE: This is an object that when populated contains the key/value pare of time/selected datetime value\n\t\t# \u003e 2 indicates there is a value in the curly brackets \"{}\" which account for 2 characters\n\t\tif len(str(value)) \u003e 2:\n\t\t\tselection \u003d value\n\t\t\ttry:\n\t\t\t\t#set start \u0026 end times\n\t\t\t\t#end time is the selected time while start time is end time minus 1 hour and 1 minute\n\t\t\t\tendTime \u003d  system.date.parse(selection[\u0027Time\u0027], \u0027MM-dd-yyyy HH:mm:ss\u0027)\n\t\t\t\tstartTime \u003d system.date.addHours(endTime, -1)\n\t\t\t\tstartTime \u003d system.date.addMinutes(startTime, -1)\n\t\t\t\t\n\t\t\t\tmodePaths \u003d []\n\t\t\t\tstatePaths \u003d []\n\t\t\t\tposPaths \u003d []\n\t\t\t\talmPaths \u003d []\n\t\t\t\t\n\t\t\t\t#for the count of number of vehicles, append the path lists with the tag path for the RV\n\t\t\t\t#NOTE: the RVs have to be named the same as the UDT Type in the typeId path\n\t\t\t\tfor x in count:\n\t\t\t\t\tmodePaths.append(track + \u0027/Ride Vehicles/\u0027 + udtType + str(x) + \u0027/In/mode\u0027)\n\t\t\t\t\tstatePaths.append(track + \u0027/Ride Vehicles/\u0027 + udtType + str(x) + \u0027/In/state\u0027)\n\t\t\t\t\tposPaths.append(track + \u0027/Ride Vehicles/\u0027 + udtType + str(x) + \u0027/lineEncoder/In/actualPos\u0027)\n\t\t\t\t\talmPaths.append(track + \u0027/Ride Vehicles/\u0027 + udtType + str(x) + \u0027/almPriority/priority\u0027)\n\t\t\t\t\n\t\t\t\t#the RV data for the above tag paths is queried against the tag history data\n\t\t\t\t#the mode, alarm, and state data are queried independent of the position data\n\t\t\t\tdata \u003d system.tag.queryTagHistory(paths\u003dmodePaths + almPaths + statePaths, startDate\u003dstartTime, endDate\u003dendTime, returnSize\u003d1, aggregationMode\u003d\"LastValue\", returnFormat\u003d\u0027Wide\u0027)\n\t\t\t\tposData \u003d system.tag.queryTagHistory(paths\u003dposPaths, startDate\u003dsystem.date.addSeconds(endTime, -1), endDate\u003dendTime, returnSize\u003d1, aggregationMode\u003d\"LastValue\", returnFormat\u003d\u0027Wide\u0027)\n\t\t\t\t#################################################################################################################\n\t\t\t\t#Currently not other equipments\u0027 historical data is queried\n\t\t\t\t#this logic should be added here in order to populate those equipment pieces\u0027 statues at the moment selected\n\t\t\t\t#################################################################################################################\n\t\t\t\t\n\t\t\t\t#again looping through each vehicle in the count\n\t\t\t\tfor x in count:\n\t\t\t\t\t#get the Mode, priority, \u0026 state\n\t\t\t\t\tmode \u003d data.getValueAt(0, x)\n\t\t\t\t\tpriority \u003d data.getValueAt(0, x + vehicles)\n\t\t\t\t\tstate \u003d data.getValueAt(0, x + (vehicles * 2))\n#\t\t\t\t\tlog.info(\u0027Vehicle #\u0027 + str(x) + \u0027 has a Mode \u003d \u0027 + str(mode) + \u0027, State \u003d \u0027 + str(state) + \u0027, \u0026 Priority \u003d \u0027 + str(priority))\n\t\t\t\t\tif mode \u003d\u003d None:\n\t\t\t\t\t\tmode \u003d 99 #Fallback value to \"No Comm\"\n\t\t\t\t\tif priority \u003d\u003d None:\n\t\t\t\t\t\tpriotiry \u003d 0\n\t\t\t\t\tif state \u003d\u003d None:\n\t\t\t\t\t\tstate \u003d 99\n\t\t\t\t\t#get the position\n\t\t\t\t\tactualPos \u003d posData.getValueAt(0, x)\n\t\t\t\t\t#for each vehicle create the dictionalry entry  to add to the return value list\n\t\t\t\t\tdict \u003d {\u0027path\u0027: track + \u0027/Ride Vehicles/\u0027 + udtType + str(x), \u0027mode\u0027:mode, \u0027actualPos\u0027:actualPos, \u0027priority\u0027: priority, \u0027state\u0027:state}\n\t\t\t\t\tretVal.append(dict)\n\t\t\t\n\t\t\t#in case something goes wrong\t\t\n\t\t\texcept:\n\t\t\t\tretVal \u003d []\n\t\t\t\tlogger \u003d system.util.getLogger(\"alarmRewind_MainView\")\n\t\t\t\tlogger.info(\u0027Error getting vehicle history for track: \u0027 + track + \u0027, at: \u0027 + selection[\u0027Time\u0027])\n\t\t#if track not \"true\" (None or zero length) set default values\n\t\telse:\n\t\t\tmode \u003d 1\n\t\t\tstate \u003d 1\n\t\t\tpriority \u003d 0\n\t\t\tactualPos \u003d 0 \n\t\t\tfor x in count:\n\t\t\t\tdict \u003d {\u0027path\u0027: track + \u0027/Ride Vehicles/\u0027 + udtType + str(x), \u0027mode\u0027:mode, \u0027actualPos\u0027:actualPos, \u0027priority\u0027: priority, \u0027state\u0027:state}\n\t\t\t\tretVal.append(dict)\n\treturn retVal\n\t",
                  "type": "script"
                }
              ],
              "type": "property"
            }
          },
          "props.path": {
            "binding": {
              "config": {
                "expression": "\u0027Main Views/Track Maps/\u0027 + substring({view.custom.path}, lastindexof({view.custom.path}, \u0027/\u0027) + 1)"
              },
              "type": "expr"
            }
          }
        },
        "props": {
          "params": {
            "rewind": true
          }
        },
        "type": "ia.display.view"
      },
      {
        "children": [
          {
            "children": [
              {
                "meta": {
                  "name": "Label_0"
                },
                "position": {
                  "basis": "265px",
                  "shrink": 0
                },
                "props": {
                  "style": {
                    "classes": "label",
                    "fontSize": "16px",
                    "fontWeight": "bold",
                    "padding": 10,
                    "textAlign": "start"
                  },
                  "text": "Browse Tracks"
                },
                "type": "ia.display.label"
              },
              {
                "events": {
                  "dom": {
                    "onClick": {
                      "config": {
                        "script": "\tself.parent.parent.getChild(\"Tree\").props.selection[0] \u003d \u0027\u0027\n#\tself.view.custom.selection \u003d {}\n\tself.view.custom.path \u003d \u0027\u0027"
                      },
                      "scope": "G",
                      "type": "script"
                    }
                  }
                },
                "meta": {
                  "name": "Icon"
                },
                "position": {
                  "basis": "30px",
                  "shrink": 0
                },
                "propConfig": {
                  "meta.visible": {
                    "binding": {
                      "config": {
                        "path": ".../Tree.props.selection"
                      },
                      "transforms": [
                        {
                          "code": "\ttry:\n\t\tif self.parent.parent.getChild(\"Tree\").props.selection[0]:\n\t\t\tvalue \u003d True\n\t\telse:\n\t\t\tvalue \u003d False\n\texcept:\n\t\tvalue \u003d False\n\treturn value",
                          "type": "script"
                        }
                      ],
                      "type": "property"
                    }
                  }
                },
                "props": {
                  "path": "material/clear",
                  "style": {
                    "cursor": "pointer"
                  }
                },
                "type": "ia.display.icon"
              }
            ],
            "meta": {
              "name": "FlexContainer"
            },
            "position": {
              "basis": "30px",
              "shrink": 0
            },
            "props": {
              "style": {
                "overflow": "visible"
              }
            },
            "type": "ia.container.flex"
          },
          {
            "meta": {
              "name": "Tree"
            },
            "position": {
              "basis": "200px",
              "grow": 1
            },
            "propConfig": {
              "props.items": {
                "binding": {
                  "config": {
                    "expression": "\u0027[Park]epicUniverse\u0027"
                  },
                  "transforms": [
                    {
                      "code": "\t\n\t### Recursively builds a tag tree, starting from the specified path\n\tdef tagTree(path):\n\t\tretVal \u003d []\n\t\tdict \u003d {}\n\t\t\n\t\t### Browse the curent path\t\n\t\tresults \u003d system.tag.browse(path)\n\t\t\n\t\t### Loop through every item in the results\n\t\tfor res in results.getResults():\n\t\t\t### if item has children and is not in the Data Types folder\n\t\t\tif res[\u0027hasChildren\u0027] and str(res[\u0027tagType\u0027]) !\u003d \u0027AtomicTag\u0027 and str(res[\u0027name\u0027]) !\u003d \u0027_types_\u0027:\n\t\t\t\tif str(res[\u0027tagType\u0027]) \u003d\u003d \u0027Folder\u0027:\n\t\t\t\t\tnewVal \u003d tagTree(res[\u0027fullPath\u0027])\n\t\t\t\t\tif newVal !\u003d []:\n\t\t\t\t\t\tretVal.append(newVal[0])\n\t\t\t\t\t\tprint newVal\n\t\t\t\telif str(res[\u0027tagType\u0027]) \u003d\u003d \u0027UdtInstance\u0027:\n\t\t\t\t\tif str(res[\u0027typeId\u0027]).find(\u0027trackMap\u0027) !\u003d -1:\n\t\t\t\t\t\ttrackPath \u003d str(res[\u0027fullPath\u0027]).replace(\u0027/\u0027 + res[\u0027name\u0027], \u0027\u0027)\n\t\t\t\t\t\ttrackName \u003d system.tag.readBlocking([trackPath + \u0027/_navMetaData/label\u0027])[0].value\n\t\t\t\t\t\tdict \u003d {\u0027items\u0027:[], \u0027label\u0027: trackName, \u0027data\u0027: trackPath, \u0027expanded\u0027:False}\n\t\t\t\t\t\tretVal.append(dict.copy())\n\t\t\t\t\t\n\t\t### After all items under the path have been added to the list, return the list.\n\t\treturn retVal\n\t\t\n\tdict \u003d {}\n\ttagList \u003d []\n\thistPath \u003d value #+ value[1:-1]\n\t\n\ttagList \u003d tagTree(histPath)\n\treturn tagList",
                      "type": "script"
                    }
                  ],
                  "type": "expr"
                }
              },
              "props.selectionData": {
                "onChange": {
                  "enabled": null,
                  "script": "\tif len(self.props.selectionData) \u003e 0:\n\t\tself.view.custom.path \u003d self.props.selectionData[0].value\n\t\tself.view.custom.selection \u003d {}\n\telse:\n\t\tself.view.custom.path \u003d \u0027\u0027"
                }
              }
            },
            "props": {
              "appearance": {
                "defaultNodeIcons": {
                  "collapsed": {
                    "color": "#5F707E",
                    "path": "material/folder"
                  },
                  "empty": {
                    "color": "#869DB1",
                    "path": "material/stop"
                  },
                  "expanded": {
                    "color": "#5F707E",
                    "path": "material/folder_open"
                  }
                },
                "expandIcons": {
                  "collapsed": {
                    "color": "#869DB1",
                    "path": "material/arrow_right"
                  },
                  "empty": {
                    "color": "#869DB1"
                  },
                  "expanded": {
                    "color": "#869DB1",
                    "path": "material/arrow_drop_down"
                  }
                },
                "unselectedStyle": {
                  "classes": "label"
                }
              },
              "selection": [
                "0"
              ],
              "selectionData": [
                {
                  "itemPath": "0",
                  "value": "[Park]epicUniverse/track902"
                }
              ]
            },
            "type": "ia.display.tree"
          }
        ],
        "events": {
          "dom": {
            "onMouseEnter": {
              "config": {
                "script": "#\tself.position.width \u003d 450\n\tself.position.height \u003d 650"
              },
              "scope": "G",
              "type": "script"
            },
            "onMouseLeave": {
              "config": {
                "script": "#\tself.position.width \u003d 300\n\tself.position.height \u003d 30"
              },
              "scope": "G",
              "type": "script"
            }
          }
        },
        "meta": {
          "name": "tracks"
        },
        "position": {
          "height": 30,
          "width": 300,
          "x": 0.0006,
          "y": 50
        },
        "props": {
          "direction": "column",
          "style": {
            "borderWidth": 1,
            "overflow": "hidden"
          }
        },
        "type": "ia.container.flex"
      }
    ],
    "meta": {
      "name": "root"
    },
    "type": "ia.container.coord"
  }
}