{
  "custom": {},
  "params": {},
  "props": {
    "defaultSize": {
      "height": 1030,
      "width": 1920
    }
  },
  "root": {
    "children": [
      {
        "meta": {
          "name": "tblEvents"
        },
        "position": {
          "height": 0.9485,
          "width": 0.3748,
          "x": 0.6245,
          "y": 0.0515
        },
        "propConfig": {
          "props.data": {
            "binding": {
              "config": {
                "parameters": {
                  "source": "{../ddownSource.props.value}"
                },
                "queryPath": "dt_events_SELECT_details",
                "returnFormat": "json"
              },
              "transforms": [
                {
                  "code": "\tnewVal \u003d []\n\tif len(value) \u003d\u003d 0:\n\t\tnewVal.append({\u0027eventTime\u0027:\u0027\u0027, \u0027eventType\u0027:\u0027\u0027, \u0027reason\u0027:\u0027\u0027, \u0027notes\u0027:\u0027\u0027})\n\telse:\n\t\tnewVal \u003d value\n\treturn newVal",
                  "type": "script"
                }
              ],
              "type": "query"
            }
          }
        },
        "props": {
          "columns": [
            {
              "align": "center",
              "boolean": "checkbox",
              "dateFormat": "HH:mm:ss",
              "editable": false,
              "field": "eventTime",
              "footer": {
                "align": "center",
                "justify": "left",
                "style": {
                  "classes": ""
                },
                "title": ""
              },
              "header": {
                "align": "center",
                "justify": "left",
                "style": {
                  "classes": ""
                },
                "title": ""
              },
              "justify": "auto",
              "number": "value",
              "numberFormat": "0,0.##",
              "progressBar": {
                "bar": {
                  "color": "#62A3F6",
                  "linecap": "round",
                  "width": 5
                },
                "max": 100,
                "track": {
                  "color": "#DADADA",
                  "linecap": "round",
                  "width": 2
                },
                "value": {
                  "color": "#7D7D7D",
                  "show": true
                }
              },
              "render": "date",
              "resizable": true,
              "sortable": true,
              "strictWidth": false,
              "style": {
                "classes": ""
              },
              "toggleSwitch": {
                "color": {
                  "selected": "#2196F3",
                  "unselected": "#FFFFFF"
                }
              },
              "viewParams": {},
              "viewPath": "",
              "visible": true,
              "width": ""
            },
            {
              "align": "center",
              "boolean": "checkbox",
              "dateFormat": "MM/DD/YYYY",
              "editable": false,
              "field": "eventType",
              "footer": {
                "align": "center",
                "justify": "left",
                "style": {
                  "classes": ""
                },
                "title": ""
              },
              "header": {
                "align": "center",
                "justify": "left",
                "style": {
                  "classes": ""
                },
                "title": ""
              },
              "justify": "auto",
              "number": "value",
              "numberFormat": "0,0.##",
              "progressBar": {
                "bar": {
                  "color": "#62A3F6",
                  "linecap": "round",
                  "width": 5
                },
                "max": 100,
                "track": {
                  "color": "#DADADA",
                  "linecap": "round",
                  "width": 2
                },
                "value": {
                  "color": "#7D7D7D",
                  "show": true
                }
              },
              "render": "auto",
              "resizable": true,
              "sortable": true,
              "strictWidth": false,
              "style": {
                "classes": ""
              },
              "toggleSwitch": {
                "color": {
                  "selected": "#2196F3",
                  "unselected": "#FFFFFF"
                }
              },
              "viewParams": {},
              "viewPath": "",
              "visible": true,
              "width": ""
            },
            {
              "align": "center",
              "boolean": "checkbox",
              "dateFormat": "MM/DD/YYYY",
              "editable": false,
              "field": "reason",
              "footer": {
                "align": "center",
                "justify": "left",
                "style": {
                  "classes": ""
                },
                "title": ""
              },
              "header": {
                "align": "center",
                "justify": "left",
                "style": {
                  "classes": ""
                },
                "title": ""
              },
              "justify": "auto",
              "number": "value",
              "numberFormat": "0,0.##",
              "progressBar": {
                "bar": {
                  "color": "#62A3F6",
                  "linecap": "round",
                  "width": 5
                },
                "max": 100,
                "track": {
                  "color": "#DADADA",
                  "linecap": "round",
                  "width": 2
                },
                "value": {
                  "color": "#7D7D7D",
                  "show": true
                }
              },
              "render": "auto",
              "resizable": true,
              "sortable": true,
              "strictWidth": false,
              "style": {
                "classes": ""
              },
              "toggleSwitch": {
                "color": {
                  "selected": "#2196F3",
                  "unselected": "#FFFFFF"
                }
              },
              "viewParams": {},
              "viewPath": "",
              "visible": true,
              "width": ""
            },
            {
              "align": "center",
              "boolean": "checkbox",
              "dateFormat": "MM/DD/YYYY",
              "editable": false,
              "field": "notes",
              "footer": {
                "align": "center",
                "justify": "left",
                "style": {
                  "classes": ""
                },
                "title": ""
              },
              "header": {
                "align": "center",
                "justify": "left",
                "style": {
                  "classes": ""
                },
                "title": ""
              },
              "justify": "auto",
              "number": "value",
              "numberFormat": "0,0.##",
              "progressBar": {
                "bar": {
                  "color": "#62A3F6",
                  "linecap": "round",
                  "width": 5
                },
                "max": 100,
                "track": {
                  "color": "#DADADA",
                  "linecap": "round",
                  "width": 2
                },
                "value": {
                  "color": "#7D7D7D",
                  "show": true
                }
              },
              "render": "auto",
              "resizable": true,
              "sortable": true,
              "strictWidth": false,
              "style": {
                "classes": ""
              },
              "toggleSwitch": {
                "color": {
                  "selected": "#2196F3",
                  "unselected": "#FFFFFF"
                }
              },
              "viewParams": {},
              "viewPath": "",
              "visible": true,
              "width": ""
            }
          ],
          "filter": {
            "enabled": true
          },
          "pager": {
            "initialOption": 50
          }
        },
        "type": "ia.display.table"
      },
      {
        "meta": {
          "name": "Label"
        },
        "position": {
          "height": 0.0194,
          "width": 0.3748,
          "x": 0.6249,
          "y": 0.032
        },
        "props": {
          "style": {
            "classes": "label"
          },
          "text": "Events"
        },
        "type": "ia.display.label"
      },
      {
        "meta": {
          "name": "ddownSource"
        },
        "position": {
          "height": 0.035,
          "width": 0.1333,
          "x": 0.2305,
          "y": 0.0536
        },
        "propConfig": {
          "props.options": {
            "binding": {
              "config": {
                "queryPath": "dt_events_SELECT_sources",
                "returnFormat": "json"
              },
              "type": "query"
            }
          }
        },
        "props": {
          "value": "Track 902"
        },
        "type": "ia.input.dropdown"
      },
      {
        "meta": {
          "name": "Label_0"
        },
        "position": {
          "height": 0.0194,
          "width": 0.1349,
          "x": 0.2305,
          "y": 0.032
        },
        "props": {
          "style": {
            "classes": "label"
          },
          "text": "Source"
        },
        "type": "ia.display.label"
      },
      {
        "meta": {
          "name": "PieChart"
        },
        "position": {
          "height": 0.7689,
          "width": 0.5651,
          "x": 0.0154,
          "y": 0.1204
        },
        "propConfig": {
          "custom.dataLen": {
            "binding": {
              "config": {
                "path": "this.props.data"
              },
              "transforms": [
                {
                  "code": "\tvalue \u003d len(value)\n\treturn value",
                  "type": "script"
                }
              ],
              "type": "property"
            }
          },
          "custom.filterLen": {
            "binding": {
              "config": {
                "expression": "len({../tblEvents.props.filter.text})"
              },
              "type": "expr"
            }
          },
          "meta.visible": {
            "binding": {
              "config": {
                "expression": "{this.custom.dataLen} + {this.custom.filterLen}"
              },
              "transforms": [
                {
                  "code": "\tif self.custom.dataLen \u003e 0 and (\u0027down\u0027 not in self.getSibling(\"tblEvents\").props.filter.text and \u0027Down\u0027 not in self.getSibling(\"tblEvents\").props.filter.text):\n\t\tvalue \u003d True\n\telse:\n\t\tvalue \u003d False\n\treturn value",
                  "type": "script"
                }
              ],
              "type": "expr"
            }
          },
          "props.data": {
            "binding": {
              "config": {
                "parameters": {
                  "source": "{../ddownSource.props.value}"
                },
                "queryPath": "dt_events_SELECT_totals",
                "returnFormat": "json"
              },
              "type": "query"
            }
          }
        },
        "props": {
          "colors": [
            "#FFFF8A",
            "#8AFF8A",
            "#FF8A8A",
            "#00A9C6",
            "#E69300"
          ],
          "showLegend": false,
          "style": {
            "classes": "label"
          },
          "title": "Event Percentages"
        },
        "type": "ia.chart.pie"
      },
      {
        "meta": {
          "name": "Label_1"
        },
        "position": {
          "height": 0.0194,
          "width": 0.1057,
          "x": 0.0344,
          "y": 0.8893
        },
        "propConfig": {
          "meta.visible": {
            "binding": {
              "config": {
                "path": "../PieChart.meta.visible"
              },
              "type": "property"
            }
          },
          "props.text": {
            "binding": {
              "config": {
                "expression": "{../PieChart.props.data[0].eventType} + \u0027 \u0027 + toString(dateFormat(fromMillis({../PieChart.props.data[0].Total}*1000), \u0027HH:mm:ss.ms\u0027))"
              },
              "type": "expr"
            }
          }
        },
        "props": {
          "style": {
            "classes": "label"
          }
        },
        "type": "ia.display.label"
      },
      {
        "meta": {
          "name": "Label_2"
        },
        "position": {
          "height": 0.0194,
          "width": 0.1057,
          "x": 0.2443,
          "y": 0.8893
        },
        "propConfig": {
          "meta.visible": {
            "binding": {
              "config": {
                "path": "../PieChart.meta.visible"
              },
              "type": "property"
            }
          },
          "props.text": {
            "binding": {
              "config": {
                "expression": "{../PieChart.props.data[1].eventType} + \u0027 \u0027 + toString(dateFormat(fromMillis({../PieChart.props.data[1].Total}*1000), \u0027HH:mm:ss.ms\u0027))"
              },
              "type": "expr"
            }
          }
        },
        "props": {
          "style": {
            "classes": "label"
          }
        },
        "type": "ia.display.label"
      },
      {
        "meta": {
          "name": "Label_3"
        },
        "position": {
          "height": 0.0194,
          "width": 0.1057,
          "x": 0.4542,
          "y": 0.8893
        },
        "propConfig": {
          "meta.visible": {
            "binding": {
              "config": {
                "path": "../PieChart.meta.visible"
              },
              "type": "property"
            }
          },
          "props.text": {
            "binding": {
              "config": {
                "expression": "{../PieChart.props.data[2].eventType} + \u0027 \u0027 + toString(dateFormat(fromMillis({../PieChart.props.data[2].Total}*1000), \u0027HH:mm:ss.ms\u0027))"
              },
              "type": "expr"
            }
          }
        },
        "props": {
          "style": {
            "classes": "label"
          }
        },
        "type": "ia.display.label"
      },
      {
        "meta": {
          "name": "PieChart_DownTimes"
        },
        "position": {
          "height": 0.7689,
          "width": 0.5651,
          "x": 0.0154,
          "y": 0.1204
        },
        "propConfig": {
          "custom.dataLen": {
            "binding": {
              "config": {
                "path": "this.props.data"
              },
              "transforms": [
                {
                  "code": "\tvalue \u003d len(value)\n\treturn value",
                  "type": "script"
                }
              ],
              "type": "property"
            }
          },
          "custom.filterLen": {
            "binding": {
              "config": {
                "expression": "len({../tblEvents.props.filter.text})"
              },
              "type": "expr"
            }
          },
          "meta.visible": {
            "binding": {
              "config": {
                "expression": "{this.custom.dataLen} + {this.custom.filterLen}"
              },
              "transforms": [
                {
                  "code": "\tif self.custom.dataLen \u003e 0 and (\u0027down\u0027 in self.getSibling(\"tblEvents\").props.filter.text or \u0027Down\u0027 in self.getSibling(\"tblEvents\").props.filter.text):\n\t\tvalue \u003d True\n\telse:\n\t\tvalue \u003d False\n\treturn value",
                  "type": "script"
                }
              ],
              "type": "expr"
            }
          },
          "props.data": {
            "binding": {
              "config": {
                "parameters": {
                  "source": "{../ddownSource.props.value}"
                },
                "queryPath": "dt_events_SELECT_downtime_totals",
                "returnFormat": "json"
              },
              "type": "query"
            }
          }
        },
        "props": {
          "colors": [
            "#FFFF8A",
            "#8AFF8A",
            "#FF8A8A",
            "#00A9C6",
            "#E69300"
          ],
          "style": {
            "classes": "label"
          },
          "title": "Event Percentages"
        },
        "type": "ia.chart.pie"
      }
    ],
    "meta": {
      "name": "root"
    },
    "props": {
      "mode": "percent"
    },
    "type": "ia.container.coord"
  }
}