{
  "custom": {},
  "params": {
    "tags": []
  },
  "propConfig": {
    "params.tags": {
      "access": "PUBLIC",
      "paramDirection": "inout",
      "persistent": true
    }
  },
  "props": {},
  "root": {
    "children": [
      {
        "events": {
          "component": {
            "onEditCellCommit": {
              "config": {
                "script": "\tself.props.data[event.row][event.column] \u003d event.value"
              },
              "scope": "G",
              "type": "script"
            }
          }
        },
        "meta": {
          "name": "Table"
        },
        "position": {
          "basis": "400px",
          "grow": 1
        },
        "propConfig": {
          "props.data": {
            "binding": {
              "config": {
                "bidirectional": true,
                "path": "view.params.tags"
              },
              "type": "property"
            }
          }
        },
        "props": {
          "cells": {
            "allowEditOn": "single-click"
          },
          "columns": [
            {
              "align": "center",
              "boolean": "checkbox",
              "dateFormat": "MM/DD/YYYY",
              "editable": false,
              "field": "name",
              "footer": {
                "align": "center",
                "justify": "left",
                "style": {
                  "classes": ""
                },
                "title": ""
              },
              "header": {
                "align": "center",
                "justify": "left",
                "style": {
                  "classes": ""
                },
                "title": "Name"
              },
              "justify": "auto",
              "number": "value",
              "numberFormat": "0,0.##",
              "progressBar": {
                "bar": {
                  "color": "",
                  "style": {
                    "classes": ""
                  }
                },
                "max": 100,
                "min": 0,
                "track": {
                  "color": "",
                  "style": {
                    "classes": ""
                  }
                },
                "value": {
                  "enabled": true,
                  "format": "0,0.##",
                  "justify": "center",
                  "style": {
                    "classes": ""
                  }
                }
              },
              "render": "auto",
              "resizable": true,
              "sort": "none",
              "sortable": true,
              "strictWidth": false,
              "style": {
                "classes": ""
              },
              "toggleSwitch": {
                "color": {
                  "selected": "",
                  "unselected": ""
                }
              },
              "viewParams": {},
              "viewPath": "",
              "visible": true,
              "width": ""
            },
            {
              "align": "center",
              "boolean": "checkbox",
              "dateFormat": "MM/DD/YYYY",
              "editable": false,
              "field": "arrayLength",
              "footer": {
                "align": "center",
                "justify": "left",
                "style": {
                  "classes": ""
                },
                "title": ""
              },
              "header": {
                "align": "center",
                "justify": "left",
                "style": {
                  "classes": ""
                },
                "title": "Array"
              },
              "justify": "auto",
              "number": "value",
              "numberFormat": "0,0.##",
              "progressBar": {
                "bar": {
                  "color": "",
                  "style": {
                    "classes": ""
                  }
                },
                "max": 100,
                "min": 0,
                "track": {
                  "color": "",
                  "style": {
                    "classes": ""
                  }
                },
                "value": {
                  "enabled": true,
                  "format": "0,0.##",
                  "justify": "center",
                  "style": {
                    "classes": ""
                  }
                }
              },
              "render": "auto",
              "resizable": true,
              "sort": "none",
              "sortable": true,
              "strictWidth": false,
              "style": {
                "classes": ""
              },
              "toggleSwitch": {
                "color": {
                  "selected": "",
                  "unselected": ""
                }
              },
              "viewParams": {},
              "viewPath": "",
              "visible": true,
              "width": ""
            },
            {
              "align": "center",
              "boolean": "checkbox",
              "dateFormat": "MM/DD/YYYY",
              "editable": false,
              "field": "dataType",
              "footer": {
                "align": "center",
                "justify": "left",
                "style": {
                  "classes": ""
                },
                "title": ""
              },
              "header": {
                "align": "center",
                "justify": "left",
                "style": {
                  "classes": ""
                },
                "title": "Data Type"
              },
              "justify": "auto",
              "number": "value",
              "numberFormat": "0,0.##",
              "progressBar": {
                "bar": {
                  "color": "",
                  "style": {
                    "classes": ""
                  }
                },
                "max": 100,
                "min": 0,
                "track": {
                  "color": "",
                  "style": {
                    "classes": ""
                  }
                },
                "value": {
                  "enabled": true,
                  "format": "0,0.##",
                  "justify": "center",
                  "style": {
                    "classes": ""
                  }
                }
              },
              "render": "auto",
              "resizable": true,
              "sort": "none",
              "sortable": true,
              "strictWidth": false,
              "style": {
                "classes": ""
              },
              "toggleSwitch": {
                "color": {
                  "selected": "",
                  "unselected": ""
                }
              },
              "viewParams": {},
              "viewPath": "",
              "visible": true,
              "width": ""
            },
            {
              "align": "center",
              "boolean": "checkbox",
              "dateFormat": "MM/DD/YYYY",
              "editable": false,
              "field": "description",
              "footer": {
                "align": "center",
                "justify": "left",
                "style": {
                  "classes": ""
                },
                "title": ""
              },
              "header": {
                "align": "center",
                "justify": "left",
                "style": {
                  "classes": ""
                },
                "title": "Description"
              },
              "justify": "auto",
              "number": "value",
              "numberFormat": "0,0.##",
              "progressBar": {
                "bar": {
                  "color": "",
                  "style": {
                    "classes": ""
                  }
                },
                "max": 100,
                "min": 0,
                "track": {
                  "color": "",
                  "style": {
                    "classes": ""
                  }
                },
                "value": {
                  "enabled": true,
                  "format": "0,0.##",
                  "justify": "center",
                  "style": {
                    "classes": ""
                  }
                }
              },
              "render": "auto",
              "resizable": true,
              "sort": "none",
              "sortable": true,
              "strictWidth": false,
              "style": {
                "classes": ""
              },
              "toggleSwitch": {
                "color": {
                  "selected": "",
                  "unselected": ""
                }
              },
              "viewParams": {},
              "viewPath": "",
              "visible": true,
              "width": ""
            },
            {
              "align": "center",
              "boolean": "checkbox",
              "dateFormat": "MM/DD/YYYY",
              "editable": true,
              "field": "simulationFunction",
              "footer": {
                "align": "center",
                "justify": "left",
                "style": {
                  "classes": ""
                },
                "title": ""
              },
              "header": {
                "align": "center",
                "justify": "left",
                "style": {
                  "classes": ""
                },
                "title": "Simulation Function"
              },
              "justify": "auto",
              "number": "value",
              "numberFormat": "0,0.##",
              "progressBar": {
                "bar": {
                  "color": "",
                  "style": {
                    "classes": ""
                  }
                },
                "max": 100,
                "min": 0,
                "track": {
                  "color": "",
                  "style": {
                    "classes": ""
                  }
                },
                "value": {
                  "enabled": true,
                  "format": "0,0.##",
                  "justify": "center",
                  "style": {
                    "classes": ""
                  }
                }
              },
              "render": "string",
              "resizable": true,
              "sort": "none",
              "sortable": true,
              "strictWidth": false,
              "style": {
                "classes": ""
              },
              "toggleSwitch": {
                "color": {
                  "selected": "",
                  "unselected": ""
                }
              },
              "viewParams": {},
              "viewPath": "",
              "visible": true,
              "width": ""
            },
            {
              "align": "center",
              "boolean": "checkbox",
              "dateFormat": "MM/DD/YYYY",
              "editable": true,
              "field": "selected",
              "footer": {
                "align": "center",
                "justify": "left",
                "style": {
                  "classes": ""
                },
                "title": ""
              },
              "header": {
                "align": "center",
                "justify": "left",
                "style": {
                  "classes": ""
                },
                "title": "Selected"
              },
              "justify": "auto",
              "number": "value",
              "numberFormat": "0,0.##",
              "progressBar": {
                "bar": {
                  "color": "",
                  "style": {
                    "classes": ""
                  }
                },
                "max": 100,
                "min": 0,
                "track": {
                  "color": "",
                  "style": {
                    "classes": ""
                  }
                },
                "value": {
                  "enabled": true,
                  "format": "0,0.##",
                  "justify": "center",
                  "style": {
                    "classes": ""
                  }
                }
              },
              "render": "boolean",
              "resizable": true,
              "sort": "none",
              "sortable": true,
              "strictWidth": false,
              "style": {
                "classes": ""
              },
              "toggleSwitch": {
                "color": {
                  "selected": "",
                  "unselected": ""
                }
              },
              "viewParams": {},
              "viewPath": "",
              "visible": true,
              "width": ""
            }
          ],
          "filter": {
            "enabled": true
          },
          "selection": {
            "enableRowSelection": false
          }
        },
        "type": "ia.display.table"
      }
    ],
    "meta": {
      "name": "root"
    },
    "props": {
      "direction": "column"
    },
    "type": "ia.container.flex"
  }
}