{
  "custom": {
    "operatorStart": true,
    "runningCondition": true
  },
  "params": {
    "path": "[Park]epicUniverse/track902"
  },
  "propConfig": {
    "custom.operatorStart": {
      "binding": {
        "config": {
          "fallbackDelay": 2.5,
          "mode": "indirect",
          "references": {
            "1": "{view.params.path}"
          },
          "tagPath": "{1}/_dtEvents/operatorStart"
        },
        "type": "tag"
      },
      "persistent": true
    },
    "custom.runningCondition": {
      "binding": {
        "config": {
          "fallbackDelay": 2.5,
          "mode": "indirect",
          "references": {
            "1": "{view.params.path}"
          },
          "tagPath": "{1}/_dtEvents/runningCondition"
        },
        "type": "tag"
      },
      "persistent": true
    },
    "params.path": {
      "paramDirection": "input",
      "persistent": true
    }
  },
  "props": {
    "defaultSize": {
      "height": 50,
      "width": 50
    }
  },
  "root": {
    "children": [
      {
        "events": {
          "dom": {
            "onClick": {
              "config": {
                "draggable": false,
                "id": "bxuC8D87",
                "modal": false,
                "overlayDismiss": false,
                "resizable": false,
                "showCloseIcon": false,
                "type": "open",
                "viewParams": {
                  "id": "bxuC8D87",
                  "path": "{view.params.path}"
                },
                "viewPath": "Templates/Downtime/Faceplate"
              },
              "scope": "C",
              "type": "popup"
            }
          }
        },
        "meta": {
          "name": "Icon"
        },
        "position": {
          "height": 1,
          "width": 1
        },
        "propConfig": {
          "meta.visible": {
            "binding": {
              "config": {
                "expression": "if(!{view.custom.runningCondition} \u0026\u0026 !{view.custom.operatorStart}, true, false)"
              },
              "type": "expr"
            }
          }
        },
        "props": {
          "color": "#FFFF00",
          "path": "material/add_alert",
          "style": {
            "cursor": "pointer"
          }
        },
        "type": "ia.display.icon"
      }
    ],
    "meta": {
      "name": "root"
    },
    "props": {
      "aspectRatio": "30:30",
      "mode": "percent"
    },
    "type": "ia.container.coord"
  }
}