{
  "custom": {},
  "params": {},
  "props": {
    "defaultSize": {
      "height": 100,
      "width": 100
    }
  },
  "root": {
    "children": [
      {
        "children": [
          {
            "meta": {
              "name": "Label"
            },
            "position": {
              "basis": "94px"
            },
            "props": {
              "alignVertical": "bottom",
              "style": {
                "color": "#FFFFFF",
                "textAlign": "center"
              },
              "text": "I/O Server:"
            },
            "type": "ia.display.label"
          },
          {
            "meta": {
              "name": "connected_black-24px"
            },
            "position": {
              "basis": "100px"
            },
            "propConfig": {
              "props.source": {
                "binding": {
                  "config": {
                    "path": "parent.meta.path"
                  },
                  "transforms": [
                    {
                      "expression": "tag({value})",
                      "type": "expression"
                    },
                    {
                      "fallback": "/system/images/IconsSymbols/StateMode/disconnected.svg",
                      "inputType": "scalar",
                      "mappings": [
                        {
                          "input": true,
                          "output": "/system/images/IconsSymbols/StateMode/connected_green.svg"
                        },
                        {
                          "input": false,
                          "output": "/system/images/IconsSymbols/StateMode/disconnected.svg"
                        }
                      ],
                      "outputType": "scalar",
                      "type": "map"
                    }
                  ],
                  "type": "property"
                }
              }
            },
            "props": {
              "fit": {
                "mode": "fill"
              }
            },
            "type": "ia.display.image"
          }
        ],
        "events": {
          "dom": {
            "onClick": {
              "config": {
                "script": "\tpath \u003d self.meta.path\n\tconnected \u003d system.tag.readBlocking([path])[0].value\n\tconnected \u003d not connected\n\tsystem.tag.writeBlocking([path], [connected])"
              },
              "scope": "G",
              "type": "script"
            }
          }
        },
        "meta": {
          "name": "fcIOServer",
          "path": "[Park]epicUniverse/System/kepware/connected"
        },
        "position": {
          "basis": "200px"
        },
        "props": {
          "direction": "column"
        },
        "type": "ia.container.flex"
      }
    ],
    "meta": {
      "name": "root"
    },
    "props": {
      "direction": "column"
    },
    "type": "ia.container.flex"
  }
}