{
  "custom": {},
  "params": {
    "path": "[Park]OtherEquipDemo/RVSafetySignatures/rv1SafeSign"
  },
  "propConfig": {
    "params.path": {
      "paramDirection": "input",
      "persistent": true
    }
  },
  "props": {
    "defaultSize": {
      "height": 110,
      "width": 380
    }
  },
  "root": {
    "children": [
      {
        "meta": {
          "name": "Label"
        },
        "position": {
          "height": 20,
          "width": 145,
          "x": 10,
          "y": 10
        },
        "propConfig": {
          "props.text": {
            "binding": {
              "config": {
                "fallbackDelay": 2.5,
                "mode": "indirect",
                "references": {
                  "path": "{view.params.path}"
                },
                "tagPath": "{path}/metaData/Description"
              },
              "type": "tag"
            }
          }
        },
        "props": {
          "style": {
            "classes": "label_underline_14"
          }
        },
        "type": "ia.display.label"
      },
      {
        "meta": {
          "name": "Label_0"
        },
        "position": {
          "height": 20,
          "width": 77,
          "x": 10,
          "y": 45
        },
        "props": {
          "text": "Signature:"
        },
        "type": "ia.display.label"
      },
      {
        "meta": {
          "name": "Label_1"
        },
        "position": {
          "height": 45,
          "width": 190,
          "x": 85,
          "y": 45
        },
        "propConfig": {
          "props.text": {
            "binding": {
              "config": {
                "fallbackDelay": 2.5,
                "mode": "indirect",
                "references": {
                  "path": "{view.params.path}"
                },
                "tagPath": "{path}/plcSafetySign"
              },
              "type": "tag"
            }
          }
        },
        "props": {
          "style": {
            "borderColor": "#CCCCCC",
            "borderStyle": "solid",
            "borderWidth": 2
          }
        },
        "type": "ia.display.label"
      },
      {
        "meta": {
          "name": "Label_2"
        },
        "position": {
          "height": 20,
          "width": 147,
          "x": 155,
          "y": 10
        },
        "props": {
          "text": "KEYSWITCH IN RUN:"
        },
        "type": "ia.display.label"
      },
      {
        "meta": {
          "name": "Label_3"
        },
        "position": {
          "height": 22,
          "width": 55,
          "x": 298,
          "y": 9
        },
        "propConfig": {
          "props.style.backgroundColor": {
            "binding": {
              "config": {
                "fallbackDelay": 2.5,
                "mode": "indirect",
                "references": {
                  "path": "{view.params.path}"
                },
                "tagPath": "{path}/kswMode"
              },
              "transforms": [
                {
                  "expression": "if({value} \u003d 2, \"#FFFFFF\", \"#FF0000\")",
                  "type": "expression"
                }
              ],
              "type": "tag"
            }
          },
          "props.style.color": {
            "binding": {
              "config": {
                "fallbackDelay": 2.5,
                "mode": "indirect",
                "references": {
                  "path": "{view.params.path}"
                },
                "tagPath": "{path}/kswMode"
              },
              "transforms": [
                {
                  "expression": "if({value} \u003d 2, \"#000000\", \"#FFFFFF\")",
                  "type": "expression"
                }
              ],
              "type": "tag"
            }
          },
          "props.text": {
            "binding": {
              "config": {
                "fallbackDelay": 2.5,
                "mode": "indirect",
                "references": {
                  "path": "{view.params.path}"
                },
                "tagPath": "{path}/kswMode"
              },
              "transforms": [
                {
                  "expression": "if({value} \u003d 2, \"YES\", \"NO\")",
                  "type": "expression"
                }
              ],
              "type": "tag"
            }
          }
        },
        "props": {
          "style": {
            "borderColor": "#D5D5D5",
            "borderStyle": "inset",
            "fontWeight": "bold",
            "textAlign": "center"
          }
        },
        "type": "ia.display.label"
      },
      {
        "meta": {
          "name": "Label_4"
        },
        "position": {
          "height": 22,
          "width": 97,
          "x": 277,
          "y": 45
        },
        "propConfig": {
          "props.style.backgroundColor": {
            "binding": {
              "config": {
                "fallbackDelay": 2.5,
                "mode": "indirect",
                "references": {
                  "path": "{view.params.path}"
                },
                "tagPath": "{path}/rvOnline"
              },
              "transforms": [
                {
                  "expression": "if({value} \u003d true, \"#FFFFFF\", \"#000000\")",
                  "type": "expression"
                }
              ],
              "type": "tag"
            }
          },
          "props.style.color": {
            "binding": {
              "config": {
                "fallbackDelay": 2.5,
                "mode": "indirect",
                "references": {
                  "path": "{view.params.path}"
                },
                "tagPath": "{path}/rvOnline"
              },
              "transforms": [
                {
                  "expression": "if({value} \u003d true, \"#000000\", \"#FFFF00\")",
                  "type": "expression"
                }
              ],
              "type": "tag"
            }
          },
          "props.text": {
            "binding": {
              "config": {
                "fallbackDelay": 2.5,
                "mode": "indirect",
                "references": {
                  "path": "{view.params.path}"
                },
                "tagPath": "{path}/rvOnline"
              },
              "transforms": [
                {
                  "expression": "if({value} \u003d true, \"RV Online\", \"RV Offline\")",
                  "type": "expression"
                }
              ],
              "type": "tag"
            }
          }
        },
        "props": {
          "style": {
            "borderColor": "#D5D5D5",
            "borderStyle": "inset",
            "borderWidth": 3,
            "fontWeight": "bold",
            "textAlign": "center"
          }
        },
        "type": "ia.display.label"
      }
    ],
    "meta": {
      "name": "root"
    },
    "props": {
      "style": {
        "borderColor": "#D5D5D5",
        "borderStyle": "ridge",
        "borderWidth": 3
      }
    },
    "type": "ia.container.coord"
  }
}