{
  "custom": {},
  "params": {
    "id": "",
    "path": "[Park]epicUniverse/track902/rideVehicle2"
  },
  "propConfig": {
    "params.id": {
      "paramDirection": "input",
      "persistent": true
    },
    "params.path": {
      "paramDirection": "input",
      "persistent": true
    }
  },
  "props": {
    "defaultSize": {
      "height": 971,
      "width": 667
    }
  },
  "root": {
    "children": [
      {
        "children": [
          {
            "children": [
              {
                "children": [
                  {
                    "children": [
                      {
                        "meta": {
                          "name": "device"
                        },
                        "position": {
                          "basis": "30px"
                        },
                        "propConfig": {
                          "props.text": {
                            "binding": {
                              "config": {
                                "fallbackDelay": 2.5,
                                "mode": "indirect",
                                "references": {
                                  "path": "{view.params.path}"
                                },
                                "tagPath": "{path}/metaData/displayName"
                              },
                              "transforms": [
                                {
                                  "expression": "upper({value})",
                                  "type": "expression"
                                }
                              ],
                              "type": "tag"
                            }
                          }
                        },
                        "props": {
                          "style": {
                            "classes": "frameHeader",
                            "textAlign": "center",
                            "textDecoration": "underline"
                          }
                        },
                        "type": "ia.display.label"
                      },
                      {
                        "meta": {
                          "name": "EmbeddedView"
                        },
                        "position": {
                          "basis": "90px"
                        },
                        "propConfig": {
                          "props.params.path": {
                            "binding": {
                              "config": {
                                "path": "view.params.path"
                              },
                              "type": "property"
                            }
                          }
                        },
                        "props": {
                          "params": {
                            "mapView": false
                          },
                          "path": "Templates/Devices/rideVehicle"
                        },
                        "type": "ia.display.view"
                      },
                      {
                        "meta": {
                          "name": "Label_0"
                        },
                        "position": {
                          "basis": "30px"
                        },
                        "propConfig": {
                          "props.text": {
                            "binding": {
                              "config": {
                                "fallbackDelay": 2.5,
                                "mode": "indirect",
                                "references": {
                                  "path": "{view.params.path}"
                                },
                                "tagPath": "{path}/lineEncoder/In/actualPos"
                              },
                              "transforms": [
                                {
                                  "expression": "\u0027Position: \u0027 + {value}",
                                  "type": "expression"
                                }
                              ],
                              "type": "tag"
                            }
                          }
                        },
                        "props": {
                          "style": {
                            "borderStyle": "inset",
                            "classes": "label"
                          }
                        },
                        "type": "ia.display.label"
                      }
                    ],
                    "meta": {
                      "name": "FlexContainer_0"
                    },
                    "position": {
                      "basis": "200px"
                    },
                    "props": {
                      "direction": "column",
                      "style": {
                        "classes": "themeStyles/backgroundDarkTheme"
                      }
                    },
                    "type": "ia.container.flex"
                  },
                  {
                    "children": [
                      {
                        "meta": {
                          "name": "RVRobot"
                        },
                        "position": {
                          "height": 90,
                          "rotate": {},
                          "width": 90,
                          "x": 30,
                          "y": 22
                        },
                        "propConfig": {
                          "position.rotate.angle": {
                            "binding": {
                              "config": {
                                "fallbackDelay": 2.5,
                                "mode": "indirect",
                                "references": {
                                  "path": "{view.params.path}"
                                },
                                "tagPath": "{path}/axis1/In/actualPos"
                              },
                              "type": "tag"
                            }
                          }
                        },
                        "props": {
                          "fit": {
                            "mode": "fill"
                          },
                          "source": "/system/images/Devices/RVRobot_2.png"
                        },
                        "type": "ia.display.image"
                      },
                      {
                        "meta": {
                          "name": "position"
                        },
                        "position": {
                          "height": 20,
                          "width": 100,
                          "x": 25,
                          "y": 130
                        },
                        "propConfig": {
                          "props.text": {
                            "binding": {
                              "config": {
                                "fallbackDelay": 2.5,
                                "mode": "indirect",
                                "references": {
                                  "path": "{view.params.path}"
                                },
                                "tagPath": "{path}/axis1/In/actualPos"
                              },
                              "transforms": [
                                {
                                  "expression": "toString({value}) + \u0027 deg\u0027",
                                  "type": "expression"
                                }
                              ],
                              "type": "tag"
                            }
                          }
                        },
                        "props": {
                          "style": {
                            "classes": "label"
                          }
                        },
                        "type": "ia.display.label"
                      }
                    ],
                    "meta": {
                      "name": "CoordinateContainer"
                    },
                    "position": {
                      "basis": "150px",
                      "shrink": 0
                    },
                    "type": "ia.container.coord"
                  }
                ],
                "meta": {
                  "name": "FlexContainer_0"
                },
                "position": {
                  "basis": "150px",
                  "shrink": 0
                },
                "props": {
                  "style": {
                    "overflow": "visible"
                  }
                },
                "type": "ia.container.flex"
              },
              {
                "meta": {
                  "name": "EmbeddedView"
                },
                "position": {
                  "basis": "300px",
                  "shrink": 0
                },
                "propConfig": {
                  "props.params.name": {
                    "binding": {
                      "config": {
                        "path": "view.params.path"
                      },
                      "transforms": [
                        {
                          "expression": "\u0027Ride Vehicle \u0027 + substring({value}, lastIndexOf({value}, \u0027Vehicle\u0027)+7)",
                          "type": "expression"
                        }
                      ],
                      "type": "property"
                    }
                  },
                  "props.params.path": {
                    "binding": {
                      "config": {
                        "path": "view.params.path"
                      },
                      "type": "property"
                    }
                  }
                },
                "props": {
                  "params": {
                    "hideTopDropdown": true,
                    "wrapInstances": true
                  },
                  "path": "Templates/Lists/systems"
                },
                "type": "ia.display.view"
              },
              {
                "meta": {
                  "name": "EmbeddedView_0"
                },
                "position": {
                  "basis": "320px",
                  "shrink": 0
                },
                "propConfig": {
                  "props.params.path": {
                    "binding": {
                      "config": {
                        "path": "view.params.path"
                      },
                      "type": "property"
                    }
                  }
                },
                "props": {
                  "path": "Templates/Equipment/seatModule"
                },
                "type": "ia.display.view"
              },
              {
                "meta": {
                  "name": "EmbeddedView_1"
                },
                "position": {
                  "basis": "400px",
                  "shrink": 0
                },
                "propConfig": {
                  "props.params.path": {
                    "binding": {
                      "config": {
                        "path": "view.params.path"
                      },
                      "type": "property"
                    }
                  }
                },
                "props": {
                  "path": "Templates/Equipment/robot"
                },
                "type": "ia.display.view"
              }
            ],
            "meta": {
              "name": "FlexContainer"
            },
            "position": {
              "basis": "700px",
              "grow": 1
            },
            "props": {
              "direction": "column"
            },
            "type": "ia.container.flex"
          },
          {
            "events": {
              "component": {
                "onActionPerformed": {
                  "config": {
                    "draggable": true,
                    "id": "{view.params.id}",
                    "modal": false,
                    "overlayDismiss": false,
                    "resizable": true,
                    "showCloseIcon": false,
                    "type": "close",
                    "viewPath": ""
                  },
                  "scope": "C",
                  "type": "popup"
                }
              }
            },
            "meta": {
              "name": "Button_0"
            },
            "position": {
              "basis": "45px",
              "shrink": 0
            },
            "props": {
              "style": {
                "classes": "button",
                "cursor": "pointer"
              },
              "text": "Close"
            },
            "type": "ia.input.button"
          }
        ],
        "meta": {
          "name": "home"
        },
        "props": {
          "direction": "column"
        },
        "type": "ia.container.flex"
      }
    ],
    "meta": {
      "name": "root"
    },
    "props": {
      "currentTabIndex": 2,
      "menuStyle": {
        "backgroundColor": "#555555"
      },
      "style": {
        "backgroundColor": "#555555",
        "borderBottomLeftRadius": 5,
        "borderBottomRightRadius": 5,
        "borderStyle": "outset",
        "borderTopLeftRadius": 5,
        "borderTopRightRadius": 5,
        "borderWidth": 3
      },
      "tabSize": {
        "height": 35
      },
      "tabStyle": {
        "active": {
          "backgroundColor": "#EEEEEE",
          "borderBottomLeftRadius": 5,
          "borderBottomRightRadius": 5,
          "borderColor": "#000000",
          "borderStyle": "outset",
          "borderTopLeftRadius": 5,
          "borderTopRightRadius": 5,
          "borderWidth": 2
        },
        "inactive": {
          "backgroundColor": "#555555",
          "borderBottomLeftRadius": 5,
          "borderBottomRightRadius": 5,
          "borderColor": "#D5D5D5",
          "borderStyle": "outset",
          "borderTopLeftRadius": 5,
          "borderTopRightRadius": 5,
          "borderWidth": 2,
          "color": "#FFFFFF"
        }
      },
      "tabs": [
        {
          "viewPath": "Templates/Popups/tabIcons/home"
        },
        {
          "viewPath": "Templates/Popups/tabIcons/maintenance"
        },
        {
          "viewPath": "Templates/Popups/tabIcons/trend"
        },
        {
          "viewPath": "Templates/Popups/tabIcons/alarms"
        },
        {
          "viewPath": "Templates/Popups/tabIcons/labels"
        }
      ]
    },
    "type": "ia.container.tab"
  }
}