{
  "custom": {},
  "params": {},
  "props": {},
  "root": {
    "children": [
      {
        "meta": {
          "name": "EmbeddedView"
        },
        "position": {
          "height": 0.95,
          "width": 0.95,
          "x": 0.025,
          "y": 0.025
        },
        "props": {
          "path": "Templates/Diagnostics/audit"
        },
        "type": "ia.display.view"
      }
    ],
    "meta": {
      "name": "root"
    },
    "props": {
      "mode": "percent"
    },
    "type": "ia.container.coord"
  }
}