{
  "custom": {},
  "params": {
    "text": "value",
    "value": true
  },
  "propConfig": {
    "params.state": {
      "paramDirection": "input"
    },
    "params.text": {
      "paramDirection": "input",
      "persistent": true
    },
    "params.value": {
      "paramDirection": "input"
    }
  },
  "props": {
    "defaultSize": {
      "height": 45,
      "width": 85
    }
  },
  "root": {
    "children": [
      {
        "meta": {
          "name": "path_1"
        },
        "position": {
          "height": 1,
          "width": 1
        },
        "propConfig": {
          "props.style.classes": {
            "binding": {
              "config": {
                "path": "view.params.value"
              },
              "transforms": [
                {
                  "fallback": null,
                  "inputType": "scalar",
                  "mappings": [
                    {
                      "input": true,
                      "output": "High_Performance_HMI_On"
                    },
                    {
                      "input": false,
                      "output": "High_Performance_HMI_On"
                    }
                  ],
                  "outputType": "scalar",
                  "type": "map"
                }
              ],
              "type": "property"
            }
          }
        },
        "props": {
          "path": "M40,0 l376,0 0,145 -376,0 0,-145z",
          "style": {}
        },
        "type": "ia.shapes.path"
      },
      {
        "meta": {
          "name": "Label"
        },
        "position": {
          "height": 1,
          "width": 1
        },
        "propConfig": {
          "props.style.color": {
            "binding": {
              "config": {
                "path": "view.params.value"
              },
              "transforms": [
                {
                  "fallback": "#FFFFFF",
                  "inputType": "scalar",
                  "mappings": [
                    {
                      "input": false,
                      "output": "#FFFFFF"
                    },
                    {
                      "input": true,
                      "output": "#000000"
                    }
                  ],
                  "outputType": "color",
                  "type": "map"
                }
              ],
              "type": "property"
            }
          },
          "props.text": {
            "binding": {
              "config": {
                "path": "view.params.text"
              },
              "type": "property"
            }
          }
        },
        "props": {
          "style": {
            "classes": "label"
          }
        },
        "type": "ia.display.label"
      }
    ],
    "meta": {
      "name": "root"
    },
    "props": {
      "mode": "percent",
      "style": {
        "classes": "HMI_Clickable"
      }
    },
    "type": "ia.container.coord"
  }
}