{
  "custom": {
    "almPriority": 0,
    "greensplosion": true,
    "mode": 1,
    "number": 1,
    "selected": false
  },
  "params": {
    "mapView": true,
    "path": "[Park]epicUniverse/track902/rideVehicle1",
    "rewind": {
      "enable": false,
      "mode": "",
      "priority": ""
    }
  },
  "propConfig": {
    "custom.almPriority": {
      "binding": {
        "config": {
          "fallbackDelay": 2.5,
          "mode": "indirect",
          "references": {
            "1": "{view.params.path}"
          },
          "tagPath": "{1}/almPriority/priority"
        },
        "transforms": [
          {
            "expression": "if({view.params.rewind.enable}, {view.params.rewind.priority}, {value})",
            "type": "expression"
          }
        ],
        "type": "tag"
      },
      "persistent": true
    },
    "custom.greensplosion": {
      "binding": {
        "config": {
          "fallbackDelay": 2.5,
          "mode": "expression",
          "tagPath": "substring({view.params.path}, 0, lastindexof({view.params.path}, \u0027/\u0027)) + \u0027/_trackLayer/greensplosion\u0027"
        },
        "type": "tag"
      },
      "persistent": true
    },
    "custom.mode": {
      "binding": {
        "config": {
          "fallbackDelay": 2.5,
          "mode": "indirect",
          "references": {
            "1": "{view.params.path}"
          },
          "tagPath": "{1}/In/mode"
        },
        "transforms": [
          {
            "expression": "if({view.params.rewind.enable}, {view.params.rewind.mode}, {value})",
            "type": "expression"
          }
        ],
        "type": "tag"
      },
      "persistent": true
    },
    "custom.number": {
      "binding": {
        "config": {
          "fallbackDelay": 2.5,
          "mode": "indirect",
          "references": {
            "path": "{view.params.path}"
          },
          "tagPath": "{path}/number"
        },
        "type": "tag"
      },
      "persistent": true
    },
    "custom.selected": {
      "binding": {
        "config": {
          "fallbackDelay": 2.5,
          "mode": "indirect",
          "references": {
            "1": "{view.params.path}"
          },
          "tagPath": "{1}/In/selected"
        },
        "type": "tag"
      },
      "persistent": true
    },
    "params.mapView": {
      "paramDirection": "input",
      "persistent": true
    },
    "params.path": {
      "paramDirection": "input",
      "persistent": true
    },
    "params.rewind": {
      "paramDirection": "input",
      "persistent": true
    },
    "params.rewind.enable": {
      "paramDirection": "input",
      "persistent": true
    },
    "params.rewind.mode": {
      "paramDirection": "input",
      "persistent": true
    }
  },
  "props": {
    "defaultSize": {
      "height": 200,
      "width": 200
    }
  },
  "root": {
    "children": [
      {
        "meta": {
          "name": "rideVehicle_old",
          "visible": false
        },
        "position": {
          "height": 0.4,
          "width": 0.4,
          "x": 0.3,
          "y": 0.3
        },
        "propConfig": {
          "meta.visible": {
            "binding": {
              "config": {
                "expression": "!{view.custom.greensplosion}"
              },
              "type": "expr"
            },
            "persistent": true
          },
          "position.height": {
            "binding": {
              "config": {
                "expression": "if({view.params.mapView}, 0.4, 1)"
              },
              "type": "expr"
            },
            "persistent": true
          },
          "position.width": {
            "binding": {
              "config": {
                "expression": "if({view.params.mapView}, 0.4, 1)"
              },
              "type": "expr"
            },
            "persistent": true
          },
          "position.x": {
            "binding": {
              "config": {
                "expression": "if({view.params.mapView}, 0.3, 0)"
              },
              "type": "expr"
            },
            "persistent": true
          },
          "position.y": {
            "binding": {
              "config": {
                "expression": "if({view.params.mapView}, 0.3, 0)"
              },
              "type": "expr"
            },
            "persistent": true
          },
          "props.elements[0].elements[0].fill.paint": {
            "binding": {
              "config": {
                "path": "view.custom.mode"
              },
              "transforms": [
                {
                  "fallback": "#000000",
                  "inputType": "scalar",
                  "mappings": [
                    {
                      "input": 0,
                      "output": "#AAAAAA"
                    },
                    {
                      "input": 1,
                      "output": "#FFFFFF"
                    },
                    {
                      "input": 2,
                      "output": "#0000FF"
                    },
                    {
                      "input": 3,
                      "output": "#FF8C00"
                    },
                    {
                      "input": 4,
                      "output": "#FAFAFB"
                    },
                    {
                      "input": 5,
                      "output": "#000000"
                    },
                    {
                      "input": 6,
                      "output": "#FF0000"
                    },
                    {
                      "input": 7,
                      "output": "#FFFF00"
                    }
                  ],
                  "outputType": "color",
                  "type": "map"
                }
              ],
              "type": "property"
            },
            "persistent": true
          }
        },
        "props": {
          "elements": [
            {
              "elements": [
                {
                  "cx": "50.285122",
                  "cy": "247.47083",
                  "fill": {
                    "opacity": "1",
                    "paint": "#FFFFFF",
                    "rule": "evenodd"
                  },
                  "name": "path815",
                  "r": "49",
                  "stroke": {
                    "dasharray": "none",
                    "dashoffset": "0",
                    "linecap": "butt",
                    "miterlimit": "4",
                    "opacity": "1",
                    "paint": "#000000",
                    "width": "1"
                  },
                  "style": {
                    "opacity": "1",
                    "vectorEffect": "none"
                  },
                  "type": "circle"
                },
                {
                  "cx": "50.285122",
                  "cy": "247.47083",
                  "fill": {
                    "opacity": "1",
                    "paint": "#FFFFFF",
                    "rule": "evenodd"
                  },
                  "name": "path817",
                  "r": "39.56044",
                  "stroke": {
                    "dasharray": "none",
                    "dashoffset": "0",
                    "linecap": "butt",
                    "miterlimit": "4",
                    "opacity": "1",
                    "paint": "#000000",
                    "width": "0.87912089"
                  },
                  "style": {
                    "opacity": "1",
                    "vectorEffect": "none"
                  },
                  "type": "circle"
                }
              ],
              "name": "layer1",
              "transform": "translate(0,-197)",
              "type": "group"
            }
          ]
        },
        "type": "ia.shapes.svg"
      },
      {
        "meta": {
          "name": "rideVehicle"
        },
        "position": {
          "height": 0.4,
          "width": 0.4,
          "x": 0.3,
          "y": 0.3
        },
        "propConfig": {
          "meta.visible": {
            "binding": {
              "config": {
                "path": "view.custom.greensplosion"
              },
              "type": "property"
            },
            "persistent": true
          },
          "position.height": {
            "binding": {
              "config": {
                "expression": "if({view.params.mapView}, 0.4, 1)"
              },
              "type": "expr"
            },
            "persistent": true
          },
          "position.width": {
            "binding": {
              "config": {
                "expression": "if({view.params.mapView}, 0.4, 1)"
              },
              "type": "expr"
            },
            "persistent": true
          },
          "position.x": {
            "binding": {
              "config": {
                "expression": "if({view.params.mapView}, 0.3, 0)"
              },
              "type": "expr"
            },
            "persistent": true
          },
          "position.y": {
            "binding": {
              "config": {
                "expression": "if({view.params.mapView}, \r\n\tif({view.custom.mode} \u003d 5, 0.25, \r\n\t\tif({view.custom.mode} \u003d 7,\t0.35, 0.3)), \r\n\t\t0)"
              },
              "type": "expr"
            },
            "persistent": true
          },
          "props.source": {
            "binding": {
              "config": {
                "path": "view.custom.mode"
              },
              "transforms": [
                {
                  "fallback": "/system/images/VehicleIcons/No Comm.svg",
                  "inputType": "scalar",
                  "mappings": [
                    {
                      "input": 0,
                      "output": "/system/images/VehicleIcons/Disabled.svg"
                    },
                    {
                      "input": 1,
                      "output": "/system/images/VehicleIcons/Active.svg"
                    },
                    {
                      "input": 2,
                      "output": "/system/images/VehicleIcons/ADA.svg"
                    },
                    {
                      "input": 3,
                      "output": "/system/images/VehicleIcons/Active.svg"
                    },
                    {
                      "input": 4,
                      "output": "/system/images/VehicleIcons/Active.svg"
                    },
                    {
                      "input": 5,
                      "output": "/system/images/VehicleIcons/No Comm.svg"
                    },
                    {
                      "input": 6,
                      "output": "/system/images/VehicleIcons/Faulted.svg"
                    },
                    {
                      "input": 7,
                      "output": "/system/images/VehicleIcons/Yaw Disabled.svg"
                    }
                  ],
                  "outputType": "scalar",
                  "type": "map"
                }
              ],
              "type": "property"
            },
            "persistent": true
          }
        },
        "props": {
          "fit": {
            "mode": "fill"
          },
          "source": "/system/images/VehicleIcons/Active.svg"
        },
        "type": "ia.display.image"
      },
      {
        "meta": {
          "name": "Label"
        },
        "position": {
          "height": 0.8,
          "width": 1,
          "y": 0.1
        },
        "propConfig": {
          "position.y": {
            "binding": {
              "config": {
                "expression": "if({view.custom.number} \u003e 9 \u0026\u0026 {view.custom.greensplosion},\r\n\tif({view.custom.mode} \u003d 5, 0.15,\r\n\t\tif({view.custom.mode} \u003d 7,\t0.05, 0.1)), 0.1)"
              },
              "type": "expr"
            },
            "persistent": true
          },
          "props.text": {
            "binding": {
              "config": {
                "path": "view.custom.number"
              },
              "type": "property"
            },
            "persistent": true
          }
        },
        "props": {
          "alignVertical": "center",
          "style": {
            "classes": "rideVehicle/text"
          },
          "text": 1
        },
        "type": "ia.display.label"
      },
      {
        "meta": {
          "name": "alarmInd",
          "visible": false
        },
        "position": {
          "height": 0.3,
          "width": 0.3,
          "y": 0.35
        },
        "propConfig": {
          "meta.visible": {
            "binding": {
              "config": {
                "path": "view.params.mapView"
              },
              "type": "property"
            },
            "persistent": true
          },
          "props.params.priority": {
            "binding": {
              "config": {
                "path": "view.custom.almPriority"
              },
              "type": "property"
            },
            "persistent": true
          }
        },
        "props": {
          "params": {
            "priority": 0
          },
          "path": "Templates/Indicators/Alarm"
        },
        "type": "ia.display.view"
      },
      {
        "meta": {
          "name": "mode",
          "visible": false
        },
        "position": {
          "height": 0.3,
          "width": 0.3,
          "x": 0.7,
          "y": 0.35
        },
        "propConfig": {
          "meta.visible": {
            "binding": {
              "config": {
                "path": "view.params.mapView"
              },
              "type": "property"
            },
            "persistent": true
          },
          "props.params.mode": {
            "binding": {
              "config": {
                "path": "view.custom.mode"
              },
              "type": "property"
            },
            "persistent": true
          }
        },
        "props": {
          "params": {
            "mode": 1
          },
          "path": "Templates/Indicators/Mode"
        },
        "type": "ia.display.view"
      }
    ],
    "events": {
      "dom": {
        "onClick": [
          {
            "config": {
              "script": "\tif self.view.params.mapView:\n\t\tsystem.perspective.openPopup(\u0027rideVehicle\u0027 + str(self.view.custom.number)\n\t\t\t, \u0027Templates/Popups/rideVehicle\u0027\n\t\t\t, params \u003d {\u0027path\u0027:self.view.params.path}\n\t\t\t, overlayDismiss \u003d True\n\t\t\t, showCloseIcon \u003d False\n#\t\t\t, draggable \u003d False\n#\t\t\t, position  \u003d {\u0027left\u0027: 0, \u0027top\u0027: 0}\n\t\t\t)\n\t\t\t\n\telse:\n\t\tpath \u003d self.view.params.path + \u0027/In/selected\u0027\n\t\ttagR \u003d system.tag.readBlocking([path])\n\t\tval \u003d tagR[0].value\n\t\tval \u003d not val\n\t\tsystem.tag.writeBlocking([path], [val])"
            },
            "scope": "G",
            "type": "script"
          },
          {
            "config": {
              "draggable": true,
              "id": "UxC22pCF",
              "modal": false,
              "overlayDismiss": false,
              "resizable": true,
              "showCloseIcon": true,
              "title": "{view.params.path}",
              "type": "open",
              "viewParams": {
                "path": "{view.params.path}"
              },
              "viewPath": "Templates/Popups/rideVehicle"
            },
            "enabled": false,
            "scope": "C",
            "type": "popup"
          }
        ]
      }
    },
    "meta": {
      "name": "root"
    },
    "props": {
      "aspectRatio": "1:1",
      "mode": "percent",
      "style": {
        "cursor": "pointer",
        "overflow": "hidden"
      }
    },
    "type": "ia.container.coord"
  }
}