{
  "custom": {},
  "params": {
    "state": 5
  },
  "propConfig": {
    "params.state": {
      "paramDirection": "input",
      "persistent": true
    }
  },
  "props": {
    "defaultSize": {
      "height": 100,
      "width": 100
    }
  },
  "root": {
    "children": [
      {
        "meta": {
          "name": "rotary"
        },
        "position": {
          "basis": "100px",
          "grow": 1
        },
        "propConfig": {
          "props.elements[0].style.classes": {
            "binding": {
              "config": {
                "path": "view.params.state"
              },
              "transforms": [
                {
                  "fallback": "Modes/RideEquipment/noComm",
                  "inputType": "scalar",
                  "mappings": [
                    {
                      "input": 0,
                      "output": "Modes/RideEquipment/disabled"
                    },
                    {
                      "input": 1,
                      "output": "Modes/RideEquipment/active"
                    },
                    {
                      "input": 3,
                      "output": "Modes/RideEquipment/maint"
                    },
                    {
                      "input": 5,
                      "output": "Modes/RideEquipment/noComm"
                    },
                    {
                      "input": 6,
                      "output": "Modes/RideEquipment/faulted"
                    }
                  ],
                  "outputType": "style-list",
                  "type": "map"
                },
                {
                  "expression": "if({value} !\u003d \u0027Modes/RideEquipment/noComm\u0027, {value}, \r\n\tif({session.props.theme} \u003d \u0027light\u0027, \u0027Modes/RideEquipment/noCommLight\u0027, \u0027Modes/RideEquipment/noCommDark\u0027))",
                  "type": "expression"
                }
              ],
              "type": "property"
            }
          }
        },
        "props": {
          "elements": [
            {
              "d": "M 13 2 A 1.0001 1.0001 0 0 0 12.085938 3.3710938 C 6.869741 4.6751808 3 9.3799691 3 15 C 3 21.627 8.373 27 15 27 C 21.627 27 27 21.627 27 15 C 27 9.3799691 23.130259 4.6751808 17.914062 3.3710938 A 1.0001 1.0001 0 0 0 17 2 L 13 2 z M 15 6 C 15.552 6 16 6.448 16 7 C 16 7.552 15.552 8 15 8 C 14.448 8 14 7.552 14 7 C 14 6.448 14.448 6 15 6 z M 15 11 C 17.206 11 19 12.794 19 15 C 19 17.206 17.206 19 15 19 C 12.794 19 11 17.206 11 15 C 11 12.794 12.794 11 15 11 z M 15 13 A 2 2 0 0 0 13 15 A 2 2 0 0 0 15 17 A 2 2 0 0 0 17 15 A 2 2 0 0 0 15 13 z M 7.9492188 18.007812 C 8.3359375 17.959906 8.7305 18.1415 8.9375 18.5 C 9.2135 18.978 9.0502656 19.589234 8.5722656 19.865234 C 8.0942656 20.141234 7.4810781 19.978 7.2050781 19.5 C 6.9290781 19.022 7.0942656 18.410766 7.5722656 18.134766 C 7.6917656 18.065766 7.8203125 18.023781 7.9492188 18.007812 z M 22.050781 18.007812 C 22.179688 18.023781 22.308234 18.065766 22.427734 18.134766 C 22.905734 18.410766 23.070922 19.022 22.794922 19.5 C 22.518922 19.978 21.905734 20.141234 21.427734 19.865234 C 20.949734 19.589234 20.7865 18.978 21.0625 18.5 C 21.2695 18.1415 21.664062 17.959906 22.050781 18.007812 z",
              "name": "path2595",
              "style": {},
              "type": "path"
            }
          ],
          "fill": "#000000",
          "viewBox": "0 0 30 30"
        },
        "type": "ia.shapes.svg"
      }
    ],
    "meta": {
      "name": "root"
    },
    "props": {
      "direction": "column"
    },
    "type": "ia.container.flex"
  }
}