{
  "custom": {},
  "params": {
    "path": "[Park]epicUniverse/track902/Ride Vehicles/rideVehicle3"
  },
  "propConfig": {
    "params.path": {
      "paramDirection": "input",
      "persistent": true
    }
  },
  "props": {
    "defaultSize": {
      "height": 95,
      "width": 189
    }
  },
  "root": {
    "children": [
      {
        "meta": {
          "name": "Label"
        },
        "position": {
          "height": 20,
          "width": 127,
          "x": 5,
          "y": 8
        },
        "props": {
          "style": {
            "classes": "label label_underline"
          },
          "text": "Button State"
        },
        "type": "ia.display.label"
      },
      {
        "meta": {
          "name": "EmbeddedView"
        },
        "position": {
          "height": 36,
          "width": 49,
          "x": 132
        },
        "propConfig": {
          "props.params.priority": {
            "binding": {
              "config": {
                "fallbackDelay": 2.5,
                "mode": "indirect",
                "references": {
                  "path": "{view.params.path}"
                },
                "tagPath": "{path}/robot/brake/almPriority/priority"
              },
              "type": "tag"
            }
          }
        },
        "props": {
          "path": "Templates/Indicators/Alarm"
        },
        "type": "ia.display.view"
      },
      {
        "meta": {
          "name": "stModProx1"
        },
        "position": {
          "height": 30,
          "width": 30,
          "x": 53.5,
          "y": 33
        },
        "propConfig": {
          "props.style.backgroundColor": {
            "binding": {
              "config": {
                "fallbackDelay": 2.5,
                "mode": "indirect",
                "references": {
                  "path": "{view.params.path}"
                },
                "tagPath": "{path}/robot/brake/Cmd/engage"
              },
              "transforms": [
                {
                  "expression": "if({value} \u003d True, \u0027#00D900\u0027, \u0027#D5D5D5\u0027)",
                  "type": "expression"
                }
              ],
              "type": "tag"
            }
          }
        },
        "props": {
          "style": {
            "borderBottomLeftRadius": 50,
            "borderBottomRightRadius": 50,
            "borderStyle": "solid",
            "borderTopLeftRadius": 50,
            "borderTopRightRadius": 50,
            "borderWidth": 2,
            "textAlign": "center"
          }
        },
        "type": "ia.display.label"
      },
      {
        "meta": {
          "name": "Label_1"
        },
        "position": {
          "height": 20,
          "width": 87,
          "x": 25,
          "y": 63.5
        },
        "propConfig": {
          "meta.visible": {
            "binding": {
              "config": {
                "fallbackDelay": 2.5,
                "mode": "indirect",
                "references": {
                  "path": "{view.params.path}"
                },
                "tagPath": "{path}/robot/brake/Cmd/engage"
              },
              "type": "tag"
            }
          }
        },
        "props": {
          "style": {
            "classes": "label",
            "textAlign": "center"
          },
          "text": "Pressed"
        },
        "type": "ia.display.label"
      }
    ],
    "meta": {
      "name": "root"
    },
    "props": {
      "style": {
        "classes": "puSection"
      }
    },
    "type": "ia.container.coord"
  }
}