{
  "custom": {
    "almPath": "*epicUniverse/track902*"
  },
  "params": {
    "basis": 40,
    "header": "header",
    "instances": [
      {
        "basis": 30,
        "header": "compressor01",
        "instancePosition": [],
        "instanceStyle": {},
        "path": "[Park]epicUniverse/track902/Utility/compressor01",
        "typeId": "Devices/Utility/compressorList"
      },
      {
        "basis": 30,
        "header": "compressor02",
        "instancePosition": [],
        "instanceStyle": {},
        "path": "[Park]epicUniverse/track902/Utility/compressor02",
        "typeId": "Devices/Utility/compressorList"
      },
      {
        "basis": 30,
        "header": "compressor03",
        "instancePosition": [],
        "instanceStyle": {},
        "path": "[Park]epicUniverse/track902/Utility/compressor03",
        "typeId": "Devices/Utility/compressorList"
      },
      {
        "basis": 30,
        "header": "compressor04",
        "instancePosition": [],
        "instanceStyle": {},
        "path": "[Park]epicUniverse/track902/Utility/compressor04",
        "typeId": "Devices/Utility/compressorList"
      },
      {
        "basis": 30,
        "header": "hydraulicPump01",
        "instancePosition": [],
        "instanceStyle": {},
        "path": "[Park]epicUniverse/track902/Utility/hydraulicPump01",
        "typeId": "Devices/Utility/hydraulicPumpList"
      },
      {
        "basis": 30,
        "header": "hydraulicPump02",
        "instancePosition": [],
        "instanceStyle": {},
        "path": "[Park]epicUniverse/track902/Utility/hydraulicPump02",
        "typeId": "Devices/Utility/hydraulicPumpList"
      },
      {
        "basis": 30,
        "header": "hydraulicPump03",
        "instancePosition": [],
        "instanceStyle": {},
        "path": "[Park]epicUniverse/track902/Utility/hydraulicPump03",
        "typeId": "Devices/Utility/hydraulicPumpList"
      },
      {
        "basis": 30,
        "header": "MCC01",
        "instancePosition": [],
        "instanceStyle": {},
        "path": "[Park]epicUniverse/track902/Utility/MCC01",
        "typeId": "Devices/Utility/mainMCCList"
      },
      {
        "basis": 30,
        "header": "MCC02",
        "instancePosition": [],
        "instanceStyle": {},
        "path": "[Park]epicUniverse/track902/Utility/MCC02",
        "typeId": "Devices/Utility/mainMCCList"
      }
    ],
    "path": "[Park]epicUniverse/track902",
    "wrapInstances": true
  },
  "propConfig": {
    "custom.almPath": {
      "binding": {
        "config": {
          "path": "view.params.path"
        },
        "transforms": [
          {
            "code": "\tindex \u003d value.index(\u0027]\u0027)\n\tvalue \u003d \u0027*\u0027 + value[index+1:] + \u0027*\u0027\n\treturn value",
            "type": "script"
          }
        ],
        "type": "property"
      },
      "persistent": true
    },
    "params.basis": {
      "paramDirection": "output",
      "persistent": true
    },
    "params.header": {
      "paramDirection": "input",
      "persistent": true
    },
    "params.instances": {
      "paramDirection": "input",
      "persistent": true
    },
    "params.instances[8]": {
      "paramDirection": "input",
      "persistent": true
    },
    "params.instances[8].basis": {
      "paramDirection": "input",
      "persistent": true
    },
    "params.instances[8].header": {
      "paramDirection": "input",
      "persistent": true
    },
    "params.instances[8].instancePosition": {
      "paramDirection": "input",
      "persistent": true
    },
    "params.instances[8].instanceStyle": {
      "paramDirection": "input",
      "persistent": true
    },
    "params.instances[8].path": {
      "paramDirection": "input",
      "persistent": true
    },
    "params.instances[8].typeID": {
      "paramDirection": "input",
      "persistent": true
    },
    "params.path": {
      "paramDirection": "input",
      "persistent": true
    },
    "params.tags[0]": {
      "paramDirection": "input",
      "persistent": true
    },
    "params.wrapInstances": {
      "paramDirection": "input",
      "persistent": true
    }
  },
  "props": {
    "defaultSize": {
      "height": 40,
      "width": 350
    }
  },
  "root": {
    "children": [
      {
        "children": [
          {
            "meta": {
              "name": "EmbeddedView_0"
            },
            "position": {
              "basis": "25px",
              "shrink": 0
            },
            "propConfig": {
              "props.params.priority": {
                "binding": {
                  "config": {
                    "fallbackDelay": 2.5,
                    "mode": "indirect",
                    "references": {
                      "1": "{view.params.path}"
                    },
                    "tagPath": "{1}/almPriority/priority"
                  },
                  "type": "tag"
                }
              }
            },
            "props": {
              "path": "Templates/Indicators/Alarm"
            },
            "type": "ia.display.view"
          },
          {
            "meta": {
              "name": "Label"
            },
            "position": {
              "basis": "200px",
              "grow": 1
            },
            "propConfig": {
              "props.text": {
                "binding": {
                  "config": {
                    "path": "view.params.header"
                  },
                  "type": "property"
                }
              }
            },
            "props": {
              "style": {
                "classes": "frameHeader"
              }
            },
            "type": "ia.display.label"
          },
          {
            "meta": {
              "name": "lblPlus"
            },
            "position": {
              "basis": "50px",
              "shrink": 0
            },
            "props": {
              "style": {
                "borderStyle": "outset",
                "borderWidth": 2,
                "classes": "Animations/btnHover frameHeader",
                "cursor": "pointer"
              },
              "text": "+"
            },
            "type": "ia.display.label"
          }
        ],
        "events": {
          "dom": {
            "onClick": {
              "config": {
                "script": "\tself.getSibling(\u0027FlexRepeater\u0027).position.display \u003d not self.getSibling(\u0027FlexRepeater\u0027).position.display\n\t\t\n\tif self.getSibling(\u0027FlexRepeater\u0027).position.display !\u003d True:\n\t\tself.getChild(\u0027lblPlus\u0027).props.text \u003d \u0027+\u0027\n\t\tself.view.props.defaultSize.height \u003d 40\n\t\tself.view.params.basis \u003d 40\n\telse:\n\t\tself.getChild(\u0027lblPlus\u0027).props.text \u003d \u0027-\u0027\n\t\tbasis \u003d self.getSibling(\u0027FlexRepeater\u0027).position.basis\n\t\tself.view.props.defaultSize.height \u003d int(basis.replace(\u0027px\u0027, \u0027\u0027)) + 40\n\t\tself.view.params.basis \u003d int(basis.replace(\u0027px\u0027, \u0027\u0027)) + 40"
              },
              "scope": "G",
              "type": "script"
            }
          }
        },
        "meta": {
          "name": "header"
        },
        "position": {
          "basis": "40px"
        },
        "props": {
          "style": {
            "classes": "deviceList"
          }
        },
        "type": "ia.container.flex"
      },
      {
        "meta": {
          "name": "FlexRepeater"
        },
        "position": {
          "display": false
        },
        "propConfig": {
          "position.basis": {
            "binding": {
              "config": {
                "path": "view.params.instances"
              },
              "transforms": [
                {
                  "code": "\tinstNum \u003d len(value)\n\tif self.view.params.wrapInstances:\n\t\tif instNum % 2 !\u003d 0:\n\t\t\tinstNum \u003d (instNum + 1) / 2\n\t\telse:\n\t\t\tinstNum \u003d instNum / 2\n\t\t\n\ttot \u003d instNum * 50\n\t\n\tif self.position.display:\n\t\tself.view.props.defaultSize.height \u003d tot + 40\n\t\tself.view.params.basis \u003d tot + 40\n\telse:\n\t\tself.view.props.defaultSize.height \u003d 40\n\t\tself.view.params.basis \u003d 40\n\ttot \u003d str(tot) + \u0027px\u0027\n\treturn tot\n\t",
                  "type": "script"
                }
              ],
              "type": "property"
            }
          },
          "props.instances": {
            "binding": {
              "config": {
                "path": "this.position.display"
              },
              "transforms": [
                {
                  "expression": "if({value}, {view.params.instances}, \u0027[{}]\u0027)",
                  "type": "expression"
                }
              ],
              "type": "property"
            }
          },
          "props.wrap": {
            "binding": {
              "config": {
                "expression": "if({view.params.wrapInstances}, \u0027wrap\u0027, \u0027nowrap\u0027)"
              },
              "type": "expr"
            }
          }
        },
        "props": {
          "alignContent": "center",
          "alignItems": "center",
          "direction": "column",
          "elementPosition": {
            "basis": "50px",
            "grow": 0,
            "shrink": 0
          },
          "path": "Templates/Lists/device",
          "useDefaultViewHeight": false,
          "useDefaultViewWidth": false
        },
        "type": "ia.display.flex-repeater"
      }
    ],
    "meta": {
      "name": "root"
    },
    "props": {
      "direction": "column"
    },
    "type": "ia.container.flex"
  }
}