{
  "custom": {},
  "params": {
    "direction": "right",
    "dockedView": "value",
    "name": "value",
    "path": "value"
  },
  "propConfig": {
    "params.direction": {
      "paramDirection": "input",
      "persistent": true
    },
    "params.dockedView": {
      "paramDirection": "input",
      "persistent": true
    },
    "params.name": {
      "paramDirection": "input",
      "persistent": true
    },
    "params.path": {
      "paramDirection": "input",
      "persistent": true
    }
  },
  "props": {
    "defaultSize": {
      "height": 180,
      "width": 100
    }
  },
  "root": {
    "children": [
      {
        "custom": {
          "hide": true
        },
        "events": {
          "dom": {
            "onClick": {
              "config": {
                "draggable": false,
                "id": "zjSySit1",
                "modal": false,
                "overlayDismiss": true,
                "position": {
                  "height": 900,
                  "left": 0,
                  "top": 40
                },
                "positionType": "exact",
                "resizable": true,
                "showCloseIcon": true,
                "title": "Ride Configuration",
                "type": "toggle",
                "viewParams": {
                  "name": "{view.params.name}",
                  "path": "{view.params.path}"
                },
                "viewPath": "{view.params.dockedView}"
              },
              "scope": "C",
              "type": "popup"
            },
            "onMouseEnter": {
              "config": {
                "script": "\tself.props.style.backgroundColor \u003d \u0027#2B2B2B\u0027"
              },
              "scope": "G",
              "type": "script"
            },
            "onMouseLeave": {
              "config": {
                "script": "\tself.props.style.backgroundColor \u003d \u0027#2B2B2B59\u0027"
              },
              "scope": "G",
              "type": "script"
            }
          }
        },
        "meta": {
          "name": "Icon"
        },
        "position": {
          "height": 1,
          "width": 1
        },
        "propConfig": {
          "props.path": {
            "binding": {
              "config": {
                "expression": "\u0027material/keyboard_arrow_\u0027 + {view.params.direction}"
              },
              "type": "expr"
            }
          }
        },
        "props": {
          "color": "#FFFFFF",
          "style": {
            "backgroundColor": "#2B2B2B59",
            "cursor": "pointer"
          }
        },
        "type": "ia.display.icon"
      }
    ],
    "meta": {
      "name": "root"
    },
    "props": {
      "mode": "percent"
    },
    "type": "ia.container.coord"
  }
}