{
  "custom": {},
  "params": {
    "almPath": "value",
    "icon": "/system/images/IconsSymbols/rotary_switch white.svg",
    "path": "value"
  },
  "propConfig": {
    "params.almPath": {
      "paramDirection": "input",
      "persistent": true
    },
    "params.icon": {
      "paramDirection": "input",
      "persistent": true
    },
    "params.path": {
      "paramDirection": "input",
      "persistent": true
    }
  },
  "props": {
    "defaultSize": {
      "height": 100,
      "width": 100
    }
  },
  "root": {
    "children": [
      {
        "events": {
          "dom": {
            "onClick": {
              "config": {
                "draggable": true,
                "id": "IXOLAU2q",
                "modal": false,
                "overlayDismiss": false,
                "resizable": true,
                "showCloseIcon": true,
                "type": "open",
                "viewParams": {
                  "almPath": "{view.params.almPath}",
                  "path": "{view.params.path}"
                },
                "viewPath": "Templates/Popups/rotarySwitch"
              },
              "scope": "C",
              "type": "popup"
            }
          }
        },
        "meta": {
          "name": "button"
        },
        "position": {
          "height": 1,
          "rotate": {
            "anchor": "0% 75%"
          },
          "width": 1
        },
        "propConfig": {
          "props.image.source": {
            "binding": {
              "config": {
                "path": "view.params.icon"
              },
              "type": "property"
            }
          }
        },
        "props": {
          "image": {
            "height": 100,
            "width": 100
          },
          "style": {
            "backgroundColor": "#FAFAFB00",
            "borderStyle": "none"
          },
          "text": ""
        },
        "type": "ia.input.button"
      }
    ],
    "meta": {
      "name": "root"
    },
    "props": {
      "mode": "percent"
    },
    "type": "ia.container.coord"
  }
}