{
  "custom": {},
  "params": {
    "label": "Seat Module",
    "path": "[Park]epicUniverse/track902/rideVehicle1/seatMod"
  },
  "propConfig": {
    "params.label": {
      "paramDirection": "input",
      "persistent": true
    },
    "params.path": {
      "paramDirection": "input",
      "persistent": true
    }
  },
  "props": {
    "defaultSize": {
      "height": 490,
      "width": 355
    }
  },
  "root": {
    "children": [
      {
        "meta": {
          "name": "txtDevDesc"
        },
        "position": {
          "height": 20,
          "width": 180,
          "x": 159,
          "y": 35
        },
        "propConfig": {
          "props.text": {
            "binding": {
              "config": {
                "bidirectional": true,
                "fallbackDelay": 2.5,
                "mode": "indirect",
                "references": {
                  "path": "{view.params.path}"
                },
                "tagPath": "{path}/metaData/Description"
              },
              "type": "tag"
            }
          }
        },
        "type": "ia.input.text-field"
      },
      {
        "meta": {
          "name": "lblDevDesc"
        },
        "position": {
          "height": 20,
          "width": 147,
          "x": 8,
          "y": 35
        },
        "props": {
          "style": {
            "color": "#FFFFFF"
          },
          "text": "Device Description:"
        },
        "type": "ia.display.label"
      },
      {
        "meta": {
          "name": "lblCtrlSysDesc"
        },
        "position": {
          "height": 20,
          "width": 147,
          "x": 8,
          "y": 95
        },
        "props": {
          "style": {
            "color": "#FFFFFF"
          },
          "text": "Description:"
        },
        "type": "ia.display.label"
      },
      {
        "meta": {
          "name": "lblCtrlSys"
        },
        "position": {
          "height": 20,
          "width": 329,
          "x": 8,
          "y": 70
        },
        "props": {
          "style": {
            "borderBottomColor": "#FFFFFF",
            "borderBottomStyle": "solid",
            "borderBottomWidth": 1,
            "color": "#FFFFFF"
          },
          "text": "Control System"
        },
        "type": "ia.display.label"
      },
      {
        "meta": {
          "name": "lblDevDesc_0"
        },
        "position": {
          "height": 20,
          "width": 350,
          "x": 1.5,
          "y": 5
        },
        "propConfig": {
          "props.text": {
            "binding": {
              "config": {
                "path": "view.params.label"
              },
              "type": "property"
            }
          }
        },
        "props": {
          "style": {
            "borderBottomColor": "#FFFFFF",
            "borderBottomStyle": "solid",
            "borderBottomWidth": 1,
            "color": "#FFFFFF"
          }
        },
        "type": "ia.display.label"
      },
      {
        "meta": {
          "name": "lblButton3Desc"
        },
        "position": {
          "height": 20,
          "width": 147,
          "x": 8,
          "y": 200
        },
        "props": {
          "style": {
            "color": "#FFFFFF"
          },
          "text": "Button 3 Desc:"
        },
        "type": "ia.display.label"
      },
      {
        "meta": {
          "name": "lblButton4Desc"
        },
        "position": {
          "height": 20,
          "width": 147,
          "x": 8,
          "y": 225
        },
        "props": {
          "style": {
            "color": "#FFFFFF"
          },
          "text": "Button 4 Desc:"
        },
        "type": "ia.display.label"
      },
      {
        "meta": {
          "name": "lblButton2Desc"
        },
        "position": {
          "height": 20,
          "width": 147,
          "x": 8,
          "y": 175
        },
        "props": {
          "style": {
            "color": "#FFFFFF"
          },
          "text": "Button 2 Desc:"
        },
        "type": "ia.display.label"
      },
      {
        "meta": {
          "name": "lblButton1Desc"
        },
        "position": {
          "height": 20,
          "width": 147,
          "x": 8,
          "y": 150
        },
        "props": {
          "style": {
            "color": "#FFFFFF"
          },
          "text": "Button 1 Desc:"
        },
        "type": "ia.display.label"
      },
      {
        "meta": {
          "name": "lblButtons"
        },
        "position": {
          "height": 20,
          "width": 329,
          "x": 8,
          "y": 125
        },
        "props": {
          "style": {
            "borderBottomColor": "#FFFFFF",
            "borderBottomStyle": "solid",
            "borderBottomWidth": 1,
            "color": "#FFFFFF"
          },
          "text": "Buttons"
        },
        "type": "ia.display.label"
      },
      {
        "meta": {
          "name": "lblProxesDesc3"
        },
        "position": {
          "height": 20,
          "width": 147,
          "x": 8,
          "y": 335
        },
        "props": {
          "style": {
            "color": "#FFFFFF"
          },
          "text": "Prox 3 Desc:"
        },
        "type": "ia.display.label"
      },
      {
        "meta": {
          "name": "lblProxesDesc4"
        },
        "position": {
          "height": 20,
          "width": 147,
          "x": 8,
          "y": 360
        },
        "props": {
          "style": {
            "color": "#FFFFFF"
          },
          "text": "Prox 4 Desc:"
        },
        "type": "ia.display.label"
      },
      {
        "meta": {
          "name": "lblProxesDesc2"
        },
        "position": {
          "height": 20,
          "width": 147,
          "x": 8,
          "y": 310
        },
        "props": {
          "style": {
            "color": "#FFFFFF"
          },
          "text": "Prox 2 Desc:"
        },
        "type": "ia.display.label"
      },
      {
        "meta": {
          "name": "lblProxesDesc1"
        },
        "position": {
          "height": 20,
          "width": 147,
          "x": 8,
          "y": 285
        },
        "props": {
          "style": {
            "color": "#FFFFFF"
          },
          "text": "Prox 1 Desc:"
        },
        "type": "ia.display.label"
      },
      {
        "meta": {
          "name": "lblProxes"
        },
        "position": {
          "height": 20,
          "width": 329,
          "x": 8,
          "y": 260
        },
        "props": {
          "style": {
            "borderBottomColor": "#FFFFFF",
            "borderBottomStyle": "solid",
            "borderBottomWidth": 1,
            "color": "#FFFFFF"
          },
          "text": "Proxes"
        },
        "type": "ia.display.label"
      },
      {
        "meta": {
          "name": "lblProxesDesc7"
        },
        "position": {
          "height": 20,
          "width": 147,
          "x": 8,
          "y": 435
        },
        "props": {
          "style": {
            "color": "#FFFFFF"
          },
          "text": "Prox 7 Desc:"
        },
        "type": "ia.display.label"
      },
      {
        "meta": {
          "name": "lblProxesDesc8"
        },
        "position": {
          "height": 20,
          "width": 147,
          "x": 8,
          "y": 460
        },
        "props": {
          "style": {
            "color": "#FFFFFF"
          },
          "text": "Prox 8 Desc:"
        },
        "type": "ia.display.label"
      },
      {
        "meta": {
          "name": "lblProxesDesc6"
        },
        "position": {
          "height": 20,
          "width": 147,
          "x": 8,
          "y": 410
        },
        "props": {
          "style": {
            "color": "#FFFFFF"
          },
          "text": "Prox 6 Desc:"
        },
        "type": "ia.display.label"
      },
      {
        "meta": {
          "name": "lblProxesDesc5"
        },
        "position": {
          "height": 20,
          "width": 147,
          "x": 8,
          "y": 385
        },
        "props": {
          "style": {
            "color": "#FFFFFF"
          },
          "text": "Prox 5 Desc:"
        },
        "type": "ia.display.label"
      },
      {
        "meta": {
          "name": "txtCtrlSysDes"
        },
        "position": {
          "height": 20,
          "width": 180,
          "x": 159,
          "y": 95
        },
        "propConfig": {
          "props.text": {
            "binding": {
              "config": {
                "bidirectional": true,
                "fallbackDelay": 2.5,
                "mode": "indirect",
                "references": {
                  "path": "{view.params.path}"
                },
                "tagPath": "{path}/ctlSystem/metaData/Description"
              },
              "type": "tag"
            }
          }
        },
        "type": "ia.input.text-field"
      },
      {
        "meta": {
          "name": "txtButton1Desc"
        },
        "position": {
          "height": 20,
          "width": 180,
          "x": 159,
          "y": 150
        },
        "propConfig": {
          "props.text": {
            "binding": {
              "config": {
                "bidirectional": true,
                "fallbackDelay": 2.5,
                "mode": "indirect",
                "references": {
                  "path": "{view.params.path}"
                },
                "tagPath": "{path}/In/button1/metaData/Description"
              },
              "type": "tag"
            }
          }
        },
        "type": "ia.input.text-field"
      },
      {
        "meta": {
          "name": "txtButton2Desc"
        },
        "position": {
          "height": 20,
          "width": 180,
          "x": 159,
          "y": 175
        },
        "propConfig": {
          "props.text": {
            "binding": {
              "config": {
                "bidirectional": true,
                "fallbackDelay": 2.5,
                "mode": "indirect",
                "references": {
                  "path": "{view.params.path}"
                },
                "tagPath": "{path}/In/button2/metaData/Description"
              },
              "type": "tag"
            }
          }
        },
        "type": "ia.input.text-field"
      },
      {
        "meta": {
          "name": "txtButton3Desc"
        },
        "position": {
          "height": 20,
          "width": 180,
          "x": 159,
          "y": 200
        },
        "propConfig": {
          "props.text": {
            "binding": {
              "config": {
                "bidirectional": true,
                "fallbackDelay": 2.5,
                "mode": "indirect",
                "references": {
                  "path": "{view.params.path}"
                },
                "tagPath": "{path}/In/button3/metaData/Description"
              },
              "type": "tag"
            }
          }
        },
        "type": "ia.input.text-field"
      },
      {
        "meta": {
          "name": "txtButton4Desc"
        },
        "position": {
          "height": 20,
          "width": 180,
          "x": 159,
          "y": 225
        },
        "propConfig": {
          "props.text": {
            "binding": {
              "config": {
                "bidirectional": true,
                "fallbackDelay": 2.5,
                "mode": "indirect",
                "references": {
                  "path": "{view.params.path}"
                },
                "tagPath": "{path}/In/button4/metaData/Description"
              },
              "type": "tag"
            }
          }
        },
        "type": "ia.input.text-field"
      },
      {
        "meta": {
          "name": "txtProxesDesc1"
        },
        "position": {
          "height": 20,
          "width": 180,
          "x": 159,
          "y": 285
        },
        "propConfig": {
          "props.text": {
            "binding": {
              "config": {
                "bidirectional": true,
                "fallbackDelay": 2.5,
                "mode": "indirect",
                "references": {
                  "path": "{view.params.path}"
                },
                "tagPath": "{path}/In/prox1/metaData/Description"
              },
              "type": "tag"
            }
          }
        },
        "type": "ia.input.text-field"
      },
      {
        "meta": {
          "name": "txtProxesDesc2"
        },
        "position": {
          "height": 20,
          "width": 180,
          "x": 159,
          "y": 310
        },
        "propConfig": {
          "props.text": {
            "binding": {
              "config": {
                "bidirectional": true,
                "fallbackDelay": 2.5,
                "mode": "indirect",
                "references": {
                  "path": "{view.params.path}"
                },
                "tagPath": "{path}/In/prox2/metaData/Description"
              },
              "type": "tag"
            }
          }
        },
        "type": "ia.input.text-field"
      },
      {
        "meta": {
          "name": "txtProxesDesc3"
        },
        "position": {
          "height": 20,
          "width": 180,
          "x": 159,
          "y": 335
        },
        "propConfig": {
          "props.text": {
            "binding": {
              "config": {
                "bidirectional": true,
                "fallbackDelay": 2.5,
                "mode": "indirect",
                "references": {
                  "path": "{view.params.path}"
                },
                "tagPath": "{path}/In/prox3/metaData/Description"
              },
              "type": "tag"
            }
          }
        },
        "type": "ia.input.text-field"
      },
      {
        "meta": {
          "name": "txtProxesDesc4"
        },
        "position": {
          "height": 20,
          "width": 180,
          "x": 159,
          "y": 360
        },
        "propConfig": {
          "props.text": {
            "binding": {
              "config": {
                "bidirectional": true,
                "fallbackDelay": 2.5,
                "mode": "indirect",
                "references": {
                  "path": "{view.params.path}"
                },
                "tagPath": "{path}/In/prox4/metaData/Description"
              },
              "type": "tag"
            }
          }
        },
        "type": "ia.input.text-field"
      },
      {
        "meta": {
          "name": "txtProxesDesc5"
        },
        "position": {
          "height": 20,
          "width": 180,
          "x": 159,
          "y": 385
        },
        "propConfig": {
          "props.text": {
            "binding": {
              "config": {
                "bidirectional": true,
                "fallbackDelay": 2.5,
                "mode": "indirect",
                "references": {
                  "path": "{view.params.path}"
                },
                "tagPath": "{path}/In/prox5/metaData/Description"
              },
              "type": "tag"
            }
          }
        },
        "type": "ia.input.text-field"
      },
      {
        "meta": {
          "name": "txtProxesDesc6"
        },
        "position": {
          "height": 20,
          "width": 180,
          "x": 159,
          "y": 410
        },
        "propConfig": {
          "props.text": {
            "binding": {
              "config": {
                "bidirectional": true,
                "fallbackDelay": 2.5,
                "mode": "indirect",
                "references": {
                  "path": "{view.params.path}"
                },
                "tagPath": "{path}/In/prox6/metaData/Description"
              },
              "type": "tag"
            }
          }
        },
        "type": "ia.input.text-field"
      },
      {
        "meta": {
          "name": "txtProxesDesc7"
        },
        "position": {
          "height": 20,
          "width": 180,
          "x": 159,
          "y": 435
        },
        "propConfig": {
          "props.text": {
            "binding": {
              "config": {
                "bidirectional": true,
                "fallbackDelay": 2.5,
                "mode": "indirect",
                "references": {
                  "path": "{view.params.path}"
                },
                "tagPath": "{path}/In/prox7/metaData/Description"
              },
              "type": "tag"
            }
          }
        },
        "type": "ia.input.text-field"
      },
      {
        "meta": {
          "name": "txtProxesDesc8"
        },
        "position": {
          "height": 20,
          "width": 180,
          "x": 159,
          "y": 460
        },
        "propConfig": {
          "props.text": {
            "binding": {
              "config": {
                "bidirectional": true,
                "fallbackDelay": 2.5,
                "mode": "indirect",
                "references": {
                  "path": "{view.params.path}"
                },
                "tagPath": "{path}/In/prox8/metaData/Description"
              },
              "type": "tag"
            }
          }
        },
        "type": "ia.input.text-field"
      }
    ],
    "meta": {
      "name": "root"
    },
    "props": {
      "style": {
        "backgroundColor": "#555555",
        "borderColor": "#FFFFFF",
        "borderStyle": "solid",
        "borderWidth": 1
      }
    },
    "type": "ia.container.coord"
  }
}