{
  "custom": {
    "key": "test"
  },
  "events": null,
  "params": {
    "name": "BYPV142",
    "path": "[trackDemo]Epic Universe/905/Sample Track/Car1",
    "typeId": "MCU_BYPV"
  },
  "permissions": null,
  "propConfig": {
    "custom.key": {
      "binding": {
        "config": {
          "fallbackDelay": 2.5,
          "mode": "indirect",
          "references": {
            "1": "{view.params.path}"
          },
          "tagPath": "{1}/Description"
        },
        "type": "tag"
      },
      "persistent": true
    },
    "params.name": {
      "paramDirection": "input",
      "persistent": true
    },
    "params.path": {
      "paramDirection": "input",
      "persistent": true
    },
    "params.typeId": {
      "paramDirection": "input",
      "persistent": true
    }
  },
  "props": {
    "defaultSize": {
      "height": 60,
      "width": 550
    }
  },
  "root": {
    "children": [
      {
        "events": {
          "dom": {
            "onClick": {
              "config": {
                "draggable": true,
                "id": "gFImvjqH",
                "modal": false,
                "overlayDismiss": false,
                "resizable": true,
                "showCloseIcon": true,
                "title": "{view.custom.key}",
                "type": "open",
                "viewParams": {
                  "path": "{view.params.path}"
                },
                "viewPath": "Templates/Popups/car"
              },
              "scope": "C",
              "type": "popup"
            }
          }
        },
        "meta": {
          "name": "Label"
        },
        "position": {
          "height": 1,
          "width": 0.8182,
          "x": 0.1818,
          "y": 0
        },
        "propConfig": {
          "meta.visible": {
            "binding": {
              "config": {
                "fallbackDelay": 2.5,
                "mode": "indirect",
                "references": {
                  "1": "{view.params.path}"
                },
                "tagPath": "{1}/mode"
              },
              "transforms": [
                {
                  "expression": "if({value} \u003d 0, false, true)",
                  "type": "expression"
                }
              ],
              "type": "tag"
            }
          },
          "props.text": {
            "binding": {
              "config": {
                "fallbackDelay": 2.5,
                "mode": "indirect",
                "references": {
                  "1": "{view.params.path}"
                },
                "tagPath": "{1}/actualPos"
              },
              "transforms": [
                {
                  "fallback": "Hidden",
                  "inputType": "range",
                  "mappings": [
                    {
                      "input": {
                        "max": 40,
                        "min": 0
                      },
                      "output": "Front Straight"
                    },
                    {
                      "input": {
                        "max": 65,
                        "min": 41
                      },
                      "output": "Curve 1"
                    },
                    {
                      "input": {
                        "max": 90,
                        "min": 66
                      },
                      "output": "Curve 2"
                    },
                    {
                      "input": {
                        "max": 118,
                        "min": 91
                      },
                      "output": "Curve 3"
                    },
                    {
                      "input": {
                        "max": 185,
                        "min": 119
                      },
                      "output": "Back Straight"
                    },
                    {
                      "input": {
                        "max": 205,
                        "min": 186
                      },
                      "output": "Curve 4"
                    }
                  ],
                  "outputType": "scalar",
                  "type": "map"
                }
              ],
              "type": "tag"
            }
          }
        },
        "props": {
          "alignVertical": "center",
          "style": {
            "cursor": "pointer",
            "fontWeight": "bold",
            "textAlign": "center"
          }
        },
        "type": "ia.display.label"
      },
      {
        "meta": {
          "name": "EmbeddedView"
        },
        "position": {
          "height": 1,
          "width": 0.1091,
          "x": 0.0455,
          "y": 0
        },
        "propConfig": {
          "props.params.path": {
            "binding": {
              "config": {
                "path": "view.params.path"
              },
              "type": "property"
            }
          }
        },
        "props": {
          "path": "Templates/Devices/Car"
        },
        "type": "ia.display.view"
      }
    ],
    "meta": {
      "name": "root"
    },
    "props": {
      "mode": "percent"
    },
    "type": "ia.container.coord"
  }
}