{
  "custom": {},
  "params": {},
  "props": {
    "defaultSize": {
      "width": 200
    }
  },
  "root": {
    "children": [
      {
        "meta": {
          "name": "Label"
        },
        "position": {
          "height": 22,
          "width": 200,
          "y": 46
        },
        "props": {
          "alignVertical": "center",
          "style": {
            "classes": "label label_underline"
          },
          "text": "Alarm Legend"
        },
        "type": "ia.display.label"
      },
      {
        "meta": {
          "name": "Label_0"
        },
        "position": {
          "height": 20,
          "width": 89,
          "x": 55,
          "y": 75
        },
        "props": {
          "alignVertical": "center",
          "style": {
            "classes": "label",
            "textAlign": "left"
          },
          "text": "- Critical"
        },
        "type": "ia.display.label"
      },
      {
        "meta": {
          "name": "Label_1"
        },
        "position": {
          "height": 20,
          "width": 89,
          "x": 55,
          "y": 115
        },
        "props": {
          "alignVertical": "center",
          "style": {
            "classes": "label",
            "textAlign": "left"
          },
          "text": "- High"
        },
        "type": "ia.display.label"
      },
      {
        "meta": {
          "name": "Label_3"
        },
        "position": {
          "height": 20,
          "width": 89,
          "x": 55,
          "y": 155
        },
        "props": {
          "alignVertical": "center",
          "style": {
            "classes": "label",
            "textAlign": "left"
          },
          "text": "- Medium"
        },
        "type": "ia.display.label"
      },
      {
        "meta": {
          "name": "Label_4"
        },
        "position": {
          "height": 20,
          "width": 89,
          "x": 55,
          "y": 195
        },
        "props": {
          "alignVertical": "center",
          "style": {
            "classes": "label",
            "textAlign": "left"
          },
          "text": "- Low"
        },
        "type": "ia.display.label"
      },
      {
        "meta": {
          "name": "Label_2"
        },
        "position": {
          "height": 22,
          "width": 200,
          "y": 287
        },
        "props": {
          "alignVertical": "center",
          "style": {
            "classes": "label label_underline"
          },
          "text": "Mode Legend"
        },
        "type": "ia.display.label"
      },
      {
        "custom": {
          "mode": 0
        },
        "meta": {
          "name": "Icon"
        },
        "position": {
          "height": 30,
          "width": 30,
          "x": 12,
          "y": 310
        },
        "propConfig": {
          "props.color": {
            "binding": {
              "config": {
                "path": "session.props.theme"
              },
              "transforms": [
                {
                  "fallback": "#000000",
                  "inputType": "scalar",
                  "mappings": [
                    {
                      "input": "light",
                      "output": "#FFFFFF"
                    },
                    {
                      "input": "dark",
                      "output": "#FFFFFF"
                    }
                  ],
                  "outputType": "color",
                  "type": "map"
                }
              ],
              "type": "property"
            }
          },
          "props.path": {
            "binding": {
              "config": {
                "path": "this.custom.mode"
              },
              "transforms": [
                {
                  "fallback": "",
                  "inputType": "scalar",
                  "mappings": [
                    {
                      "input": 0,
                      "output": "material/cancel"
                    },
                    {
                      "input": 1,
                      "output": "material/accessibility"
                    },
                    {
                      "input": 2,
                      "output": "material/build"
                    },
                    {
                      "input": 3,
                      "output": "material/exit_to_app"
                    },
                    {
                      "input": 4,
                      "output": "material/iso"
                    }
                  ],
                  "outputType": "scalar",
                  "type": "map"
                }
              ],
              "type": "property"
            }
          }
        },
        "type": "ia.display.icon"
      },
      {
        "custom": {
          "mode": 1
        },
        "meta": {
          "name": "Icon_0"
        },
        "position": {
          "height": 30,
          "width": 30,
          "x": 12,
          "y": 345
        },
        "propConfig": {
          "props.color": {
            "binding": {
              "config": {
                "path": "session.props.theme"
              },
              "transforms": [
                {
                  "fallback": "#000000",
                  "inputType": "scalar",
                  "mappings": [
                    {
                      "input": "light",
                      "output": "#FFFFFF"
                    },
                    {
                      "input": "dark",
                      "output": "#FFFFFF"
                    }
                  ],
                  "outputType": "color",
                  "type": "map"
                }
              ],
              "type": "property"
            }
          },
          "props.path": {
            "binding": {
              "config": {
                "path": "this.custom.mode"
              },
              "transforms": [
                {
                  "fallback": "",
                  "inputType": "scalar",
                  "mappings": [
                    {
                      "input": 0,
                      "output": "material/cancel"
                    },
                    {
                      "input": 1,
                      "output": "material/accessibility"
                    },
                    {
                      "input": 2,
                      "output": "material/build"
                    },
                    {
                      "input": 3,
                      "output": "material/exit_to_app"
                    },
                    {
                      "input": 4,
                      "output": "material/iso"
                    }
                  ],
                  "outputType": "scalar",
                  "type": "map"
                }
              ],
              "type": "property"
            }
          }
        },
        "type": "ia.display.icon"
      },
      {
        "custom": {
          "mode": 2
        },
        "meta": {
          "name": "Icon_1"
        },
        "position": {
          "height": 30,
          "width": 30,
          "x": 12,
          "y": 380
        },
        "propConfig": {
          "props.color": {
            "binding": {
              "config": {
                "path": "session.props.theme"
              },
              "transforms": [
                {
                  "fallback": "#000000",
                  "inputType": "scalar",
                  "mappings": [
                    {
                      "input": "light",
                      "output": "#FFFFFF"
                    },
                    {
                      "input": "dark",
                      "output": "#FFFFFF"
                    }
                  ],
                  "outputType": "color",
                  "type": "map"
                }
              ],
              "type": "property"
            }
          },
          "props.path": {
            "binding": {
              "config": {
                "path": "this.custom.mode"
              },
              "transforms": [
                {
                  "fallback": "",
                  "inputType": "scalar",
                  "mappings": [
                    {
                      "input": 0,
                      "output": "material/cancel"
                    },
                    {
                      "input": 1,
                      "output": "material/accessibility"
                    },
                    {
                      "input": 2,
                      "output": "material/build"
                    },
                    {
                      "input": 3,
                      "output": "material/exit_to_app"
                    },
                    {
                      "input": 4,
                      "output": "material/iso"
                    }
                  ],
                  "outputType": "scalar",
                  "type": "map"
                }
              ],
              "type": "property"
            }
          }
        },
        "type": "ia.display.icon"
      },
      {
        "custom": {
          "mode": 3
        },
        "meta": {
          "name": "Icon_2"
        },
        "position": {
          "height": 30,
          "width": 30,
          "x": 12,
          "y": 415
        },
        "propConfig": {
          "props.color": {
            "binding": {
              "config": {
                "path": "session.props.theme"
              },
              "transforms": [
                {
                  "fallback": "#000000",
                  "inputType": "scalar",
                  "mappings": [
                    {
                      "input": "light",
                      "output": "#FFFFFF"
                    },
                    {
                      "input": "dark",
                      "output": "#FFFFFF"
                    }
                  ],
                  "outputType": "color",
                  "type": "map"
                }
              ],
              "type": "property"
            }
          },
          "props.path": {
            "binding": {
              "config": {
                "path": "this.custom.mode"
              },
              "transforms": [
                {
                  "fallback": "",
                  "inputType": "scalar",
                  "mappings": [
                    {
                      "input": 0,
                      "output": "material/cancel"
                    },
                    {
                      "input": 1,
                      "output": "material/accessibility"
                    },
                    {
                      "input": 2,
                      "output": "material/build"
                    },
                    {
                      "input": 3,
                      "output": "material/exit_to_app"
                    },
                    {
                      "input": 4,
                      "output": "material/iso"
                    }
                  ],
                  "outputType": "scalar",
                  "type": "map"
                }
              ],
              "type": "property"
            }
          }
        },
        "type": "ia.display.icon"
      },
      {
        "meta": {
          "name": "Label_5"
        },
        "position": {
          "height": 20,
          "width": 89,
          "x": 55,
          "y": 315
        },
        "props": {
          "alignVertical": "center",
          "style": {
            "classes": "label",
            "textAlign": "left"
          },
          "text": "- Disabled"
        },
        "type": "ia.display.label"
      },
      {
        "meta": {
          "name": "Label_6"
        },
        "position": {
          "height": 20,
          "width": 89,
          "x": 55,
          "y": 350
        },
        "props": {
          "alignVertical": "center",
          "style": {
            "classes": "label",
            "textAlign": "left"
          },
          "text": "- ADA"
        },
        "type": "ia.display.label"
      },
      {
        "meta": {
          "name": "Label_7"
        },
        "position": {
          "height": 20,
          "width": 89,
          "x": 55,
          "y": 385
        },
        "props": {
          "alignVertical": "center",
          "style": {
            "classes": "label",
            "textAlign": "left"
          },
          "text": "- Maintenance"
        },
        "type": "ia.display.label"
      },
      {
        "meta": {
          "name": "Label_8"
        },
        "position": {
          "height": 20,
          "width": 89,
          "x": 55,
          "y": 420
        },
        "props": {
          "alignVertical": "center",
          "style": {
            "classes": "label",
            "textAlign": "left"
          },
          "text": "- Egress"
        },
        "type": "ia.display.label"
      },
      {
        "meta": {
          "name": "iconCrit"
        },
        "position": {
          "height": 36,
          "width": 49,
          "x": 12,
          "y": 69
        },
        "props": {
          "params": {
            "priority": 4
          },
          "path": "Templates/Indicators/Alarm"
        },
        "type": "ia.display.view"
      },
      {
        "meta": {
          "name": "iconHigh"
        },
        "position": {
          "height": 36,
          "width": 49,
          "x": 12,
          "y": 109
        },
        "props": {
          "params": {
            "priority": 3
          },
          "path": "Templates/Indicators/Alarm"
        },
        "type": "ia.display.view"
      },
      {
        "meta": {
          "name": "iconMedium"
        },
        "position": {
          "height": 36,
          "width": 49,
          "x": 12,
          "y": 149
        },
        "props": {
          "params": {
            "priority": 2
          },
          "path": "Templates/Indicators/Alarm"
        },
        "type": "ia.display.view"
      },
      {
        "meta": {
          "name": "iconLow"
        },
        "position": {
          "height": 36,
          "width": 49,
          "x": 12,
          "y": 189
        },
        "props": {
          "params": {
            "priority": 1
          },
          "path": "Templates/Indicators/Alarm"
        },
        "type": "ia.display.view"
      },
      {
        "meta": {
          "name": "Label_9"
        },
        "position": {
          "height": 8,
          "width": 200,
          "y": 36
        },
        "props": {
          "style": {
            "classes": "label_underline"
          }
        },
        "type": "ia.display.label"
      },
      {
        "events": {
          "dom": {
            "onClick": {
              "config": {
                "script": "\tsystem.tag.writeBlocking([\u0027[Park]_nav/updateNav\u0027], [True])"
              },
              "scope": "G",
              "type": "script"
            }
          }
        },
        "meta": {
          "name": "iconRefresh"
        },
        "position": {
          "height": 40,
          "width": 40,
          "x": 124.496,
          "y": 1.9935
        },
        "propConfig": {
          "props.color": {
            "binding": {
              "config": {
                "expression": "if({[Park]_nav/updateNav} \u003d True, \u0027#0000FF\u0027, \u0027#808080\u0027)"
              },
              "type": "expr"
            }
          }
        },
        "props": {
          "path": "material/refresh",
          "style": {
            "cursor": "pointer"
          }
        },
        "type": "ia.display.icon"
      },
      {
        "meta": {
          "name": "Label_10"
        },
        "position": {
          "height": 22,
          "width": 200,
          "y": 506
        },
        "props": {
          "alignVertical": "center",
          "style": {
            "classes": "label label_underline"
          },
          "text": "RV Ring Legend"
        },
        "type": "ia.display.label"
      },
      {
        "meta": {
          "name": "Label_11"
        },
        "position": {
          "height": 20,
          "width": 89,
          "x": 55,
          "y": 539.5
        },
        "props": {
          "alignVertical": "center",
          "style": {
            "classes": "label",
            "textAlign": "left"
          },
          "text": "- Active"
        },
        "type": "ia.display.label"
      },
      {
        "meta": {
          "name": "Label_12"
        },
        "position": {
          "height": 20,
          "width": 89,
          "x": 55,
          "y": 579.5
        },
        "props": {
          "alignVertical": "center",
          "style": {
            "classes": "label",
            "textAlign": "left"
          },
          "text": "- Disabled"
        },
        "type": "ia.display.label"
      },
      {
        "meta": {
          "name": "Label_13"
        },
        "position": {
          "height": 20,
          "width": 89,
          "x": 55,
          "y": 619.5
        },
        "props": {
          "alignVertical": "center",
          "style": {
            "classes": "label",
            "textAlign": "left"
          },
          "text": "- No Comm."
        },
        "type": "ia.display.label"
      },
      {
        "meta": {
          "name": "Label_14"
        },
        "position": {
          "height": 20,
          "width": 89,
          "x": 55,
          "y": 659.5
        },
        "props": {
          "alignVertical": "center",
          "style": {
            "classes": "label",
            "textAlign": "left"
          },
          "text": "- ADA"
        },
        "type": "ia.display.label"
      },
      {
        "meta": {
          "name": "Label_15"
        },
        "position": {
          "height": 20,
          "width": 89,
          "x": 55,
          "y": 699.5
        },
        "props": {
          "alignVertical": "center",
          "style": {
            "classes": "label",
            "textAlign": "left"
          },
          "text": "- Faulted"
        },
        "type": "ia.display.label"
      },
      {
        "meta": {
          "name": "Label_16"
        },
        "position": {
          "height": 20,
          "width": 120,
          "x": 55,
          "y": 739.5
        },
        "props": {
          "alignVertical": "center",
          "style": {
            "classes": "label",
            "textAlign": "left"
          },
          "text": "- Car 1 \u0026 2 Yaw Disabled"
        },
        "type": "ia.display.label"
      },
      {
        "meta": {
          "name": "Label_17"
        },
        "position": {
          "height": 20,
          "width": 89,
          "x": 55,
          "y": 236
        },
        "props": {
          "alignVertical": "center",
          "style": {
            "classes": "label",
            "textAlign": "left"
          },
          "text": "- Diagnostic"
        },
        "type": "ia.display.label"
      },
      {
        "meta": {
          "name": "Label_18"
        },
        "position": {
          "height": 8,
          "width": 200,
          "y": 277
        },
        "props": {
          "style": {
            "classes": "label_underline"
          }
        },
        "type": "ia.display.label"
      },
      {
        "meta": {
          "name": "Label_19"
        },
        "position": {
          "height": 8,
          "width": 200,
          "y": 496
        },
        "props": {
          "style": {
            "classes": "label_underline"
          }
        },
        "type": "ia.display.label"
      },
      {
        "meta": {
          "name": "iconDiag"
        },
        "position": {
          "height": 36,
          "width": 49,
          "x": 12,
          "y": 230
        },
        "props": {
          "params": {
            "priority": -1
          },
          "path": "Templates/Indicators/Alarm"
        },
        "type": "ia.display.view"
      },
      {
        "meta": {
          "name": "Icon_3"
        },
        "position": {
          "height": 35,
          "width": 35,
          "x": 12,
          "y": 534
        },
        "props": {
          "color": "#FFFFFF",
          "path": "vehicleIcons/active"
        },
        "type": "ia.display.icon"
      },
      {
        "meta": {
          "name": "Icon_4"
        },
        "position": {
          "height": 35,
          "width": 35,
          "x": 12,
          "y": 574
        },
        "props": {
          "color": "#AAAAAA",
          "path": "vehicleIcons/disabled"
        },
        "type": "ia.display.icon"
      },
      {
        "meta": {
          "name": "Icon_5"
        },
        "position": {
          "height": 35,
          "width": 35,
          "x": 12,
          "y": 614
        },
        "props": {
          "path": "vehicleIcons/nocomm"
        },
        "type": "ia.display.icon"
      },
      {
        "meta": {
          "name": "Icon_6"
        },
        "position": {
          "height": 35,
          "width": 35,
          "x": 12,
          "y": 654
        },
        "props": {
          "color": "#0000FF",
          "path": "vehicleIcons/ada"
        },
        "type": "ia.display.icon"
      },
      {
        "meta": {
          "name": "Icon_7"
        },
        "position": {
          "height": 35,
          "width": 35,
          "x": 12,
          "y": 694
        },
        "props": {
          "color": "#FF0000",
          "path": "vehicleIcons/faulted"
        },
        "type": "ia.display.icon"
      },
      {
        "meta": {
          "name": "Icon_8"
        },
        "position": {
          "height": 35,
          "width": 35,
          "x": 12,
          "y": 734
        },
        "props": {
          "color": "#FFFF00",
          "path": "vehicleIcons/yawdisab"
        },
        "type": "ia.display.icon"
      },
      {
        "meta": {
          "name": "Label_20"
        },
        "position": {
          "height": 20,
          "width": 97,
          "x": 58,
          "y": 455
        },
        "props": {
          "alignVertical": "center",
          "style": {
            "classes": "label",
            "textAlign": "left"
          },
          "text": "- Add/Remove"
        },
        "type": "ia.display.label"
      },
      {
        "custom": {
          "mode": 4
        },
        "meta": {
          "name": "Icon_9"
        },
        "position": {
          "height": 30,
          "width": 30,
          "x": 15,
          "y": 450
        },
        "propConfig": {
          "props.color": {
            "binding": {
              "config": {
                "path": "session.props.theme"
              },
              "transforms": [
                {
                  "fallback": "#000000",
                  "inputType": "scalar",
                  "mappings": [
                    {
                      "input": "light",
                      "output": "#FFFFFF"
                    },
                    {
                      "input": "dark",
                      "output": "#FFFFFF"
                    }
                  ],
                  "outputType": "color",
                  "type": "map"
                }
              ],
              "type": "property"
            }
          },
          "props.path": {
            "binding": {
              "config": {
                "path": "this.custom.mode"
              },
              "transforms": [
                {
                  "fallback": "",
                  "inputType": "scalar",
                  "mappings": [
                    {
                      "input": 0,
                      "output": "material/cancel"
                    },
                    {
                      "input": 1,
                      "output": "material/accessibility"
                    },
                    {
                      "input": 2,
                      "output": "material/build"
                    },
                    {
                      "input": 3,
                      "output": "material/exit_to_app"
                    },
                    {
                      "input": 4,
                      "output": "material/iso"
                    }
                  ],
                  "outputType": "scalar",
                  "type": "map"
                }
              ],
              "type": "property"
            }
          }
        },
        "type": "ia.display.icon"
      }
    ],
    "meta": {
      "name": "root"
    },
    "props": {
      "style": {
        "backgroundColor": "#555555"
      }
    },
    "type": "ia.container.coord"
  }
}