{
  "custom": {},
  "params": {
    "num": "value",
    "path": "value"
  },
  "propConfig": {
    "params.num": {
      "paramDirection": "input",
      "persistent": true
    },
    "params.path": {
      "paramDirection": "input",
      "persistent": true
    }
  },
  "props": {
    "defaultSize": {
      "height": 57,
      "width": 33
    }
  },
  "root": {
    "children": [
      {
        "meta": {
          "name": "stModProx1"
        },
        "position": {
          "height": 30,
          "width": 30,
          "x": 1.5,
          "y": 3.5
        },
        "propConfig": {
          "props.style.backgroundColor": {
            "binding": {
              "config": {
                "fallbackDelay": 2.5,
                "mode": "indirect",
                "references": {
                  "num": "{view.params.num}",
                  "path": "{view.params.path}"
                },
                "tagPath": "{path}/seatMod/prox{num}/In/state"
              },
              "transforms": [
                {
                  "expression": "if({value} \u003d True, \u0027#00D900\u0027, \u0027#D5D5D5\u0027)",
                  "type": "expression"
                }
              ],
              "type": "tag"
            }
          },
          "props.text": {
            "binding": {
              "config": {
                "path": "view.params.num"
              },
              "type": "property"
            }
          }
        },
        "props": {
          "alignVertical": "center",
          "style": {
            "borderBottomLeftRadius": 50,
            "borderBottomRightRadius": 50,
            "borderStyle": "solid",
            "borderTopLeftRadius": 50,
            "borderTopRightRadius": 50,
            "borderWidth": 2,
            "textAlign": "center"
          }
        },
        "type": "ia.display.label"
      },
      {
        "meta": {
          "name": "Label"
        },
        "position": {
          "height": 20,
          "width": 30,
          "x": 1.5,
          "y": 33.5
        },
        "propConfig": {
          "props.text": {
            "binding": {
              "config": {
                "fallbackDelay": 2.5,
                "mode": "indirect",
                "references": {
                  "num": "{view.params.num}",
                  "path": "{view.params.path}"
                },
                "tagPath": "{path}/seatMod/prox{num}/In/state"
              },
              "transforms": [
                {
                  "expression": "if({value} \u003d True, \"On\", \"Off\")",
                  "type": "expression"
                }
              ],
              "type": "tag"
            }
          }
        },
        "props": {
          "style": {
            "textAlign": "center"
          }
        },
        "type": "ia.display.label"
      }
    ],
    "meta": {
      "name": "root"
    },
    "position": {
      "x": -23,
      "y": 0
    },
    "type": "ia.container.coord"
  }
}