{
  "custom": {
    "almPriority": 1,
    "displayCAD": true,
    "id": "[Park]epicUniverse/track902/Ride Equipment/showActEquip1",
    "mode": 2,
    "rootPath": "[Park]epicUniverse/track902",
    "state": 1
  },
  "params": {
    "iconPos": "right",
    "path": "[Park]epicUniverse/track902/Ride Equipment/showActEquip1",
    "rewind": {
      "enable": false,
      "mode": "",
      "priority": ""
    }
  },
  "propConfig": {
    "custom.almPriority": {
      "binding": {
        "config": {
          "fallbackDelay": 2.5,
          "mode": "indirect",
          "references": {
            "1": "{view.params.path}"
          },
          "tagPath": "{1}/almPriority/priority"
        },
        "transforms": [
          {
            "expression": "if({view.params.rewind.enable}, {view.params.rewind.priority}, {value})",
            "type": "expression"
          }
        ],
        "type": "tag"
      },
      "persistent": true
    },
    "custom.displayCAD": {
      "binding": {
        "config": {
          "fallbackDelay": 2.5,
          "mode": "indirect",
          "references": {
            "rootPath": "{view.custom.rootPath}"
          },
          "tagPath": "{rootPath}/_trackLayer/displayCAD"
        },
        "type": "tag"
      },
      "persistent": true
    },
    "custom.id": {
      "binding": {
        "config": {
          "path": "view.params.path"
        },
        "type": "property"
      },
      "persistent": true
    },
    "custom.mode": {
      "binding": {
        "config": {
          "fallbackDelay": 2.5,
          "mode": "indirect",
          "references": {
            "1": "{view.params.path}"
          },
          "tagPath": "{1}/In/mode"
        },
        "transforms": [
          {
            "expression": "if({view.params.rewind.enable}, {view.params.rewind.mode}, {value})",
            "type": "expression"
          }
        ],
        "type": "tag"
      },
      "persistent": true
    },
    "custom.rootPath": {
      "binding": {
        "config": {
          "path": "view.params.path"
        },
        "transforms": [
          {
            "expression": "replace(substring({value}, 0, lastindexof({value}, \u0027/\u0027)), \u0027/Ride Equipment\u0027, \u0027\u0027)",
            "type": "expression"
          }
        ],
        "type": "property"
      },
      "persistent": true
    },
    "custom.state": {
      "binding": {
        "config": {
          "fallbackDelay": 2.5,
          "mode": "indirect",
          "references": {
            "1": "{view.params.path}"
          },
          "tagPath": "{1}/In/state"
        },
        "transforms": [
          {
            "expression": "if({view.params.rewind.enable}, {view.params.rewind.mode}, {value})",
            "type": "expression"
          }
        ],
        "type": "tag"
      },
      "persistent": true
    },
    "params.iconPos": {
      "paramDirection": "input",
      "persistent": true
    },
    "params.path": {
      "paramDirection": "input",
      "persistent": true
    },
    "params.rewind": {
      "paramDirection": "input",
      "persistent": true
    },
    "params.rewind.enable": {
      "paramDirection": "input",
      "persistent": true
    },
    "params.rewind.mode": {
      "paramDirection": "input",
      "persistent": true
    }
  },
  "props": {
    "defaultSize": {
      "height": 200,
      "width": 200
    }
  },
  "root": {
    "children": [
      {
        "children": [
          {
            "meta": {
              "name": "cad"
            },
            "position": {
              "basis": "100px",
              "grow": 1
            },
            "propConfig": {
              "position.display": {
                "binding": {
                  "config": {
                    "path": "view.custom.displayCAD"
                  },
                  "type": "property"
                },
                "persistent": true
              }
            },
            "props": {
              "fit": {
                "mode": "fill"
              },
              "source": "/system/images/IconsSymbols/CAD_SAE_Robot.svg"
            },
            "type": "ia.display.image"
          },
          {
            "meta": {
              "name": "icon"
            },
            "position": {
              "basis": "100px",
              "grow": 1
            },
            "propConfig": {
              "position.display": {
                "binding": {
                  "config": {
                    "expression": "!{view.custom.displayCAD}"
                  },
                  "type": "expr"
                }
              }
            },
            "props": {
              "elements": [
                {
                  "d": "M8.8 4H12v4H8.8C9.2 7.1 9.5 5.6 8.8 4zM2 21h18v3H2V21zM13 3h4v6h-4V3z",
                  "name": "path",
                  "type": "path"
                },
                {
                  "d": "M1,10.1c2.3,2.1,5.5,1.4,6.8-0.4L15,22c0,0.6-0.4,1-1,1H9c-0.6,0-1-0.4-1-1L1,10.1z",
                  "name": "path",
                  "type": "path"
                },
                {
                  "d": "M23.4 4.1L18.8 1.3 15 6 18.8 10.7 23.4 7.9",
                  "fill": {
                    "paint": "none"
                  },
                  "name": "path",
                  "stroke": {
                    "miterlimit": "10",
                    "paint": "#000000",
                    "width": "2"
                  },
                  "type": "path"
                },
                {
                  "d": "M4,4c1.1,0,2,0.9,2,2S5.1,8,4,8S2,7.1,2,6S2.9,4,4,4 M4,2C1.8,2,0,3.8,0,6s1.8,4,4,4s4-1.8,4-4S6.2,2,4,2L4,2z",
                  "name": "path",
                  "type": "path"
                },
                {
                  "d": "M4 4.9A1.1 1.1 0 1 0 4 7.1A1.1 1.1 0 1 0 4 4.9Z",
                  "name": "path",
                  "type": "path"
                }
              ],
              "fill": "#000000",
              "viewBox": "0 0 24 24"
            },
            "type": "ia.shapes.svg"
          }
        ],
        "events": {
          "dom": {
            "onClick": {
              "config": {
                "draggable": true,
                "id": "{view.custom.id}",
                "modal": false,
                "overlayDismiss": false,
                "resizable": true,
                "showCloseIcon": false,
                "type": "open",
                "viewParams": {
                  "id": "{view.custom.id}",
                  "path": "{view.params.path}"
                },
                "viewPath": "Templates/Popups/showActEquip"
              },
              "scope": "C",
              "type": "popup"
            }
          }
        },
        "meta": {
          "name": "device"
        },
        "position": {
          "basis": "200px",
          "grow": 1
        },
        "props": {
          "direction": "column",
          "style": {
            "classes": "Animations/btnHover Cursors/hand_on_hover"
          }
        },
        "type": "ia.container.flex"
      },
      {
        "children": [
          {
            "meta": {
              "name": "mode"
            },
            "position": {
              "basis": "100px",
              "grow": 1
            },
            "propConfig": {
              "props.params.mode": {
                "binding": {
                  "config": {
                    "path": "view.custom.mode"
                  },
                  "type": "property"
                },
                "persistent": true
              }
            },
            "props": {
              "params": {
                "mode": 2
              },
              "path": "Templates/Indicators/Mode"
            },
            "type": "ia.display.view"
          },
          {
            "meta": {
              "name": "state"
            },
            "position": {
              "basis": "100px",
              "grow": 1
            },
            "propConfig": {
              "props.params.state": {
                "binding": {
                  "config": {
                    "path": "view.custom.state"
                  },
                  "type": "property"
                },
                "persistent": true
              }
            },
            "props": {
              "params": {
                "state": 1
              },
              "path": "Templates/Icons/showActEquip"
            },
            "type": "ia.display.view"
          },
          {
            "meta": {
              "name": "alarm"
            },
            "position": {
              "basis": "100px",
              "grow": 1
            },
            "propConfig": {
              "props.params.priority": {
                "binding": {
                  "config": {
                    "path": "view.custom.almPriority"
                  },
                  "type": "property"
                },
                "persistent": true
              }
            },
            "props": {
              "params": {
                "priority": 1
              },
              "path": "Templates/Indicators/Alarm"
            },
            "type": "ia.display.view"
          }
        ],
        "meta": {
          "name": "status"
        },
        "position": {
          "basis": "100px"
        },
        "props": {
          "direction": "column"
        },
        "type": "ia.container.flex"
      }
    ],
    "meta": {
      "name": "root"
    },
    "propConfig": {
      "props.direction": {
        "binding": {
          "config": {
            "path": "view.params.iconPos"
          },
          "transforms": [
            {
              "expression": "if({value} \u003d \u0027left\u0027, \u0027row-reverse\u0027, \u0027row\u0027)",
              "type": "expression"
            }
          ],
          "type": "property"
        },
        "persistent": true
      }
    },
    "props": {
      "style": {
        "overflow": "hidden"
      }
    },
    "type": "ia.container.flex"
  }
}