{
  "custom": {
    "path": "[trackDemo]Epic Universe/905/Sample Track"
  },
  "events": {
    "system": {
      "onStartup": {
        "config": {
          "script": "\tself.getChild(\u0027root/flxDevices\u0027).getChild(\u0027flxCars\u0027).custom.ack \u003d False"
        },
        "scope": "G",
        "type": "script"
      }
    }
  },
  "params": {
    "name": "CMP_CUB_MCU1",
    "path": "%5BPark%5Darea905%2FSample%2520Track"
  },
  "propConfig": {
    "custom.path": {
      "persistent": true
    },
    "params.name": {
      "paramDirection": "input",
      "persistent": true
    },
    "params.path": {
      "paramDirection": "input",
      "persistent": true
    }
  },
  "props": {},
  "root": {
    "children": [
      {
        "children": [
          {
            "children": [
              {
                "children": [
                  {
                    "meta": {
                      "name": "Label"
                    },
                    "position": {
                      "grow": 1
                    },
                    "props": {
                      "alignVertical": "center",
                      "style": {
                        "classes": "deviceHeader"
                      },
                      "text": "Cars"
                    },
                    "type": "ia.display.label"
                  },
                  {
                    "meta": {
                      "name": "lblPlus"
                    },
                    "position": {
                      "basis": "30px"
                    },
                    "props": {
                      "alignVertical": "center",
                      "style": {
                        "classes": "deviceHeader"
                      },
                      "text": "-"
                    },
                    "type": "ia.display.label"
                  }
                ],
                "events": {
                  "dom": {
                    "onClick": {
                      "config": {
                        "script": "\t\n\tself.getSibling(\u0027FlexRepeater\u0027).position.display \u003d not self.getSibling(\u0027FlexRepeater\u0027).position.display\n\t\n\tif self.getSibling(\u0027FlexRepeater\u0027).position.display !\u003d True:\n\t\tself.getChild(\u0027lblPlus\u0027).props.text \u003d \u0027+\u0027\n\telse:\n\t\tself.getChild(\u0027lblPlus\u0027).props.text \u003d \u0027-\u0027"
                      },
                      "scope": "G",
                      "type": "script"
                    }
                  }
                },
                "meta": {
                  "name": "header"
                },
                "position": {
                  "basis": "40px"
                },
                "props": {
                  "style": {
                    "cursor": "pointer"
                  }
                },
                "type": "ia.container.flex"
              },
              {
                "meta": {
                  "name": "FlexRepeater"
                },
                "position": {
                  "grow": 1
                },
                "propConfig": {
                  "props.instances": {
                    "binding": {
                      "config": {
                        "path": "this.position.display"
                      },
                      "transforms": [
                        {
                          "code": "\tresults \u003d system.tag.browse(self.view.custom.path, filter \u003d {\u0027typeId\u0027:self.parent.custom.typeId, \u0027tagType\u0027:\u0027udtInstance\u0027})\n\tcount \u003d 0\n\t\n\tretVal \u003d []\n\tfor res in results.getResults():\n\t\tcount \u003d count + 1\n\t\tdict \u003d {\u0027name\u0027:res[\u0027name\u0027], \u0027path\u0027:res[\u0027fullPath\u0027], \u0027typeId\u0027:res[\u0027typeId\u0027], \u0027instanceStyle\u0027:{}, \u0027instancePosition\u0027:{}}\n\t\tretVal.append(dict)\n\theight \u003d (count * 50) + 40\n\t\n\tif not self.position.display:\n\t\tself.parent.custom.height \u003d 40\n\t\tself.parent.position.basis \u003d \u002740px\u0027\n\telse:\n\t\tself.parent.custom.height \u003d height\n\t\tself.parent.position.basis \u003d str(height) + \u0027px\u0027\n\t\n\treturn retVal",
                          "type": "script"
                        }
                      ],
                      "type": "property"
                    }
                  }
                },
                "props": {
                  "direction": "column",
                  "path": "Templates/Overview Bars/Car",
                  "useDefaultViewHeight": false,
                  "useDefaultViewWidth": false
                },
                "type": "ia.display.flex-repeater"
              }
            ],
            "custom": {
              "ack": false,
              "height": 340,
              "typeId": "Devices/Car"
            },
            "meta": {
              "name": "flxCars"
            },
            "position": {
              "basis": "340px"
            },
            "props": {
              "direction": "column"
            },
            "type": "ia.container.flex"
          }
        ],
        "meta": {
          "name": "flxDevices"
        },
        "position": {
          "breakpoints": [
            {
              "colIndex": 0,
              "name": "sm",
              "order": 1,
              "rowIndex": 0,
              "span": 12
            },
            {
              "colIndex": 0,
              "name": "md",
              "order": 1,
              "rowIndex": 0,
              "span": 12
            },
            {
              "colIndex": 0,
              "name": "lg",
              "order": 1,
              "rowIndex": 0,
              "span": 12
            }
          ]
        },
        "propConfig": {
          "position.height": {
            "binding": {
              "config": {
                "expression": "{./flxCars.custom.height}"
              },
              "type": "expr"
            }
          }
        },
        "props": {
          "direction": "column",
          "style": {
            "overflow": "hidden"
          }
        },
        "type": "ia.container.flex"
      }
    ],
    "meta": {
      "name": "root"
    },
    "type": "ia.container.column"
  }
}