{
  "custom": {},
  "params": {},
  "props": {
    "defaultSize": {
      "height": 1030,
      "width": 1920
    }
  },
  "root": {
    "children": [
      {
        "meta": {
          "name": "tblEvents"
        },
        "position": {
          "height": 977,
          "width": 842,
          "x": 1072.04,
          "y": 52.99000000000001
        },
        "propConfig": {
          "props.data": {
            "binding": {
              "config": {
                "parameters": {
                  "selectedDate": "getDate(dateExtract({../dates/end/endDate.props.value}, \u0027year\u0027),\r \tdateExtract({../dates/end/endDate.props.value}, \u0027month\u0027),\r \t\tdateExtract({../dates/end/endDate.props.value}, \u0027day\u0027)) ",
                  "source": "{../ddownSource.props.value}"
                },
                "polling": {
                  "enabled": true,
                  "rate": "30"
                },
                "queryPath": "Utilization/util_SELECT_hour_totals",
                "returnFormat": "dataset"
              },
              "transforms": [
                {
                  "code": "\tnewVal \u003d []\n\trows \u003d value.getRowCount()\n\tif rows \u003d\u003d 0:\n\t\tnewVal.append({\u0027Available\u0027:\u0027\u0027, \u0027Filled\u0027:\u0027\u0027, \u0027Empty\u0027:\u0027\u0027, \u0027hour\u0027:\u0027\u0027, \u0027source\u0027:\u0027\u0027})\n\telse:\n\t\tpyVal \u003d system.dataset.toPyDataSet(value)\n\t\tfor row in pyVal:\n\t\t\tnewVal.append({\u0027Available\u0027:row[\u0027Available\u0027], \u0027Filled\u0027:row[\u0027Filled\u0027],  \u0027Empty\u0027:row[\u0027Empty\u0027],\u0027Hour\u0027:row[\u0027Hour\u0027], \u0027Source\u0027:row[\u0027source\u0027]})\n\treturn newVal",
                  "type": "script"
                }
              ],
              "type": "query"
            }
          }
        },
        "props": {
          "columns": [
            {
              "align": "center",
              "boolean": "checkbox",
              "dateFormat": "none",
              "editable": false,
              "field": "Available",
              "footer": {
                "align": "center",
                "justify": "left",
                "style": {
                  "classes": ""
                },
                "title": ""
              },
              "header": {
                "align": "center",
                "justify": "left",
                "style": {
                  "classes": ""
                },
                "title": ""
              },
              "justify": "auto",
              "number": "value",
              "numberFormat": "0,0",
              "progressBar": {
                "bar": {
                  "color": "#62A3F6",
                  "linecap": "round",
                  "width": 5
                },
                "max": 100,
                "track": {
                  "color": "#DADADA",
                  "linecap": "round",
                  "width": 2
                },
                "value": {
                  "color": "#7D7D7D",
                  "show": true
                }
              },
              "render": "number",
              "resizable": true,
              "sortable": true,
              "strictWidth": false,
              "style": {
                "classes": ""
              },
              "toggleSwitch": {
                "color": {
                  "selected": "#2196F3",
                  "unselected": "#FFFFFF"
                }
              },
              "viewParams": {},
              "viewPath": "",
              "visible": true,
              "width": ""
            },
            {
              "align": "center",
              "boolean": "checkbox",
              "dateFormat": "MM/DD/YYYY",
              "editable": false,
              "field": "Filled",
              "footer": {
                "align": "center",
                "justify": "left",
                "style": {
                  "classes": ""
                },
                "title": ""
              },
              "header": {
                "align": "center",
                "justify": "left",
                "style": {
                  "classes": ""
                },
                "title": ""
              },
              "justify": "auto",
              "number": "value",
              "numberFormat": "0,0.##",
              "progressBar": {
                "bar": {
                  "color": "#62A3F6",
                  "linecap": "round",
                  "width": 5
                },
                "max": 100,
                "track": {
                  "color": "#DADADA",
                  "linecap": "round",
                  "width": 2
                },
                "value": {
                  "color": "#7D7D7D",
                  "show": true
                }
              },
              "render": "auto",
              "resizable": true,
              "sortable": true,
              "strictWidth": false,
              "style": {
                "classes": ""
              },
              "toggleSwitch": {
                "color": {
                  "selected": "#2196F3",
                  "unselected": "#FFFFFF"
                }
              },
              "viewParams": {},
              "viewPath": "",
              "visible": true,
              "width": ""
            },
            {
              "align": "center",
              "boolean": "checkbox",
              "dateFormat": "MM/DD/YYYY",
              "editable": false,
              "field": "Empty",
              "footer": {
                "align": "center",
                "justify": "left",
                "style": {
                  "classes": ""
                },
                "title": ""
              },
              "header": {
                "align": "center",
                "justify": "left",
                "style": {
                  "classes": ""
                },
                "title": ""
              },
              "justify": "auto",
              "number": "value",
              "numberFormat": "0,0.##",
              "progressBar": {
                "bar": {
                  "color": "#62A3F6",
                  "linecap": "round",
                  "width": 5
                },
                "max": 100,
                "track": {
                  "color": "#DADADA",
                  "linecap": "round",
                  "width": 2
                },
                "value": {
                  "color": "#7D7D7D",
                  "show": true
                }
              },
              "render": "auto",
              "resizable": true,
              "sortable": true,
              "strictWidth": false,
              "style": {
                "classes": ""
              },
              "toggleSwitch": {
                "color": {
                  "selected": "#2196F3",
                  "unselected": "#FFFFFF"
                }
              },
              "viewParams": {},
              "viewPath": "",
              "visible": true,
              "width": ""
            },
            {
              "align": "center",
              "boolean": "checkbox",
              "dateFormat": "MM/DD/YYYY",
              "editable": false,
              "field": "Hour",
              "footer": {
                "align": "center",
                "justify": "left",
                "style": {
                  "classes": ""
                },
                "title": ""
              },
              "header": {
                "align": "center",
                "justify": "left",
                "style": {
                  "classes": ""
                },
                "title": ""
              },
              "justify": "auto",
              "number": "value",
              "numberFormat": "0,0.##",
              "progressBar": {
                "bar": {
                  "color": "#62A3F6",
                  "linecap": "round",
                  "width": 5
                },
                "max": 100,
                "track": {
                  "color": "#DADADA",
                  "linecap": "round",
                  "width": 2
                },
                "value": {
                  "color": "#7D7D7D",
                  "show": true
                }
              },
              "render": "auto",
              "resizable": true,
              "sortable": true,
              "strictWidth": false,
              "style": {
                "classes": ""
              },
              "toggleSwitch": {
                "color": {
                  "selected": "#2196F3",
                  "unselected": "#FFFFFF"
                }
              },
              "viewParams": {},
              "viewPath": "",
              "visible": true,
              "width": ""
            },
            {
              "align": "center",
              "boolean": "checkbox",
              "dateFormat": "MM/DD/YYYY",
              "editable": false,
              "field": "source",
              "footer": {
                "align": "center",
                "justify": "left",
                "style": {
                  "classes": ""
                },
                "title": ""
              },
              "header": {
                "align": "center",
                "justify": "left",
                "style": {
                  "classes": ""
                },
                "title": ""
              },
              "justify": "auto",
              "number": "value",
              "numberFormat": "0,0.##",
              "progressBar": {
                "bar": {
                  "color": "#62A3F6",
                  "linecap": "round",
                  "width": 5
                },
                "max": 100,
                "track": {
                  "color": "#DADADA",
                  "linecap": "round",
                  "width": 2
                },
                "value": {
                  "color": "#7D7D7D",
                  "show": true
                }
              },
              "render": "auto",
              "resizable": true,
              "sortable": true,
              "strictWidth": false,
              "style": {
                "classes": ""
              },
              "toggleSwitch": {
                "color": {
                  "selected": "#2196F3",
                  "unselected": "#FFFFFF"
                }
              },
              "viewParams": {},
              "viewPath": "",
              "visible": true,
              "width": ""
            }
          ],
          "pager": {
            "initialOption": 50
          }
        },
        "type": "ia.display.table"
      },
      {
        "events": {
          "component": {
            "onActionPerformed": {
              "config": {
                "script": "\tds \u003d self.getSibling(\"tblEvents\").props.data\n\trows \u003d len(ds)\n\tif rows \u003e 0:\n\t\tself.getSibling(\"tblEvents\").props.selection.selectedRow \u003d None"
              },
              "scope": "G",
              "type": "script"
            }
          }
        },
        "meta": {
          "name": "ddownSource"
        },
        "position": {
          "height": 36,
          "width": 256,
          "x": 375.57,
          "y": 15
        },
        "propConfig": {
          "props.options": {
            "binding": {
              "config": {
                "queryPath": "Utilization/util_SELECT_unique_sources",
                "returnFormat": "json"
              },
              "type": "query"
            }
          }
        },
        "props": {
          "value": "Track 902"
        },
        "type": "ia.input.dropdown"
      },
      {
        "meta": {
          "name": "ReportViewer_0"
        },
        "position": {
          "height": 958.1,
          "width": 829.06,
          "x": 170.69,
          "y": 68.02
        },
        "propConfig": {
          "props.params.date": {
            "binding": {
              "config": {
                "path": "../dates/end/endDate.props.value"
              },
              "type": "property"
            }
          },
          "props.params.track": {
            "binding": {
              "config": {
                "path": "../ddownSource.props.value"
              },
              "type": "property"
            }
          }
        },
        "props": {
          "page": 1,
          "pageCount": 2,
          "source": "CapacityUtil",
          "zoomLevel": 85
        },
        "type": "ia.reporting.report-viewer"
      },
      {
        "meta": {
          "name": "Label_0"
        },
        "position": {
          "height": 36,
          "width": 77,
          "x": 287.63,
          "y": 15
        },
        "props": {
          "style": {
            "fontSize": 18,
            "fontWeight": "bold",
            "textAlign": "right"
          },
          "text": "Source: "
        },
        "type": "ia.display.label"
      },
      {
        "children": [
          {
            "children": [
              {
                "meta": {
                  "name": "Label_0"
                },
                "position": {
                  "basis": "25px",
                  "shrink": 0
                },
                "props": {
                  "style": {
                    "classes": "pageHeader"
                  },
                  "text": "Date"
                },
                "type": "ia.display.label"
              },
              {
                "meta": {
                  "name": "Label_2"
                },
                "position": {
                  "basis": "25px",
                  "shrink": 0
                },
                "propConfig": {
                  "props.text": {
                    "binding": {
                      "config": {
                        "path": "../endDate.props.value"
                      },
                      "transforms": [
                        {
                          "formatType": "datetime",
                          "formatValue": {
                            "date": "medium",
                            "time": "medium"
                          },
                          "type": "format"
                        }
                      ],
                      "type": "property"
                    }
                  }
                },
                "props": {
                  "style": {
                    "classes": "label",
                    "cursor": "pointer",
                    "fontSize": "16px",
                    "textAlign": "center"
                  }
                },
                "type": "ia.display.label"
              },
              {
                "events": {
                  "system": {
                    "onStartup": {
                      "config": {
                        "script": "\tcurrentTime \u003d system.date.now()\n\tcurrentTime \u003d system.date.addDays(currentTime, 1)\n\tself.props.value \u003d system.date.setTime(currentTime, 0, 0, 0)\n\t"
                      },
                      "enabled": false,
                      "scope": "G",
                      "type": "script"
                    }
                  }
                },
                "meta": {
                  "name": "endDate"
                },
                "position": {
                  "basis": "352px"
                },
                "propConfig": {
                  "props.style.backgroundColor": {
                    "binding": {
                      "config": {
                        "expression": "if({session.props.theme} \u003d \u0027light\u0027, \u0027#FFFFFF\u0027, \u0027#000000\u0027)"
                      },
                      "type": "expr"
                    }
                  }
                },
                "props": {
                  "formattedValue": "Jul 28, 2020 11:00 PM",
                  "formattedValues": {
                    "date": "Jul 28, 2020",
                    "datetime": "Jul 28, 2020 11:00 PM",
                    "time": "11:00 PM"
                  },
                  "value": {
                    "$": [
                      "ts",
                      192,
                      1596045085189
                    ],
                    "$ts": 1595995200000
                  }
                },
                "type": "ia.input.date-time-picker"
              }
            ],
            "meta": {
              "name": "end"
            },
            "position": {
              "basis": "-399.6%",
              "shrink": 0
            },
            "props": {
              "direction": "column",
              "style": {
                "borderWidth": 1,
                "overflow": "hidden"
              }
            },
            "type": "ia.container.flex"
          }
        ],
        "events": {
          "dom": {
            "onMouseEnter": {
              "config": {
                "script": "\tself.position.height \u003d 405"
              },
              "scope": "G",
              "type": "script"
            },
            "onMouseLeave": {
              "config": {
                "script": "\tself.position.height \u003d 50"
              },
              "scope": "G",
              "type": "script"
            },
            "onMouseOut": {
              "config": {
                "script": "\tself.position.height \u003d 50"
              },
              "enabled": false,
              "scope": "G",
              "type": "script"
            }
          },
          "system": {
            "onStartup": {
              "config": {
                "script": "\ttimeNow \u003d system.date.now()\n\tyear \u003d system.date.getYear(timeNow)\n\tmonth \u003d system.date.getMonth(timeNow)\n\tday \u003d system.date.getDayOfMonth(timeNow)\n\tsetDate \u003d system.date.getDate(year, month, day)\n\tself.getChild(\"end\").getChild(\"endDate\").props.value \u003d setDate\n\t"
              },
              "scope": "G",
              "type": "script"
            }
          }
        },
        "meta": {
          "name": "dates"
        },
        "position": {
          "height": 50,
          "width": 279,
          "x": 643.98,
          "y": 8
        },
        "props": {
          "justify": "center",
          "style": {
            "borderStyle": "solid",
            "borderWidth": 1,
            "overflow": "hidden"
          }
        },
        "type": "ia.container.flex"
      },
      {
        "meta": {
          "name": "Label_1"
        },
        "position": {
          "height": 20,
          "width": 545,
          "x": 1076,
          "y": 29.9
        },
        "propConfig": {
          "props.text": {
            "binding": {
              "config": {
                "path": "../dates/end/endDate.props.value"
              },
              "transforms": [
                {
                  "expression": "\u0027Hourly Totals for: \u0027 + dateFormat({value}, \u0027EEEE, dd MMM, yyyy\u0027)",
                  "type": "expression"
                }
              ],
              "type": "property"
            }
          }
        },
        "props": {
          "style": {
            "classes": "label",
            "fontSize": "20px",
            "textAlign": "left"
          }
        },
        "type": "ia.display.label"
      },
      {
        "events": {
          "component": {
            "onActionPerformed": {
              "config": {
                "script": "\timport random\n\t\n\tavail \u003d 8\n\tempty \u003d random.randrange(0, avail - 3)\n\tsource \u003d \u0027Track 902\u0027\n\tnow \u003d system.date.now()\n\tyear \u003d system.date.getYear(now)\n\tmonth \u003d system.date.getMonth(now)\n\tday \u003d system.date.getDayOfMonth(now)\n\thour \u003d self.getSibling(\"Dropdown\").props.value\n\tmin \u003d system.date.getMinute(now)\n\tsec \u003d system.date.getSecond(now)\n\n\tdate \u003d system.date.setTime(system.date.getDate(year, month, day), hour, min, sec)\n\t\n\tproj \u003d \u0027Park\u0027\n\tnqPath \u003d \u0027Utilization/util_INSERT_Usage\u0027\n\tparams \u003d {\u0027source\u0027:source, \u0027date\u0027:date, \u0027hour\u0027:hour, \u0027available\u0027:avail, \u0027empty\u0027:empty}\n\tresult \u003d system.db.runNamedQuery(proj, nqPath, params)"
              },
              "scope": "G",
              "type": "script"
            }
          }
        },
        "meta": {
          "name": "Button"
        },
        "position": {
          "height": 44,
          "width": 88
        },
        "props": {
          "primary": false,
          "text": "Dispatch Trigger"
        },
        "type": "ia.input.button"
      },
      {
        "meta": {
          "name": "Dropdown"
        },
        "position": {
          "height": 36,
          "width": 126,
          "y": 86.9844
        },
        "props": {
          "options": [
            {
              "label": 8,
              "value": 8
            },
            {
              "label": 9,
              "value": 9
            },
            {
              "label": 10,
              "value": 10
            },
            {
              "label": 11,
              "value": 11
            },
            {
              "label": 12,
              "value": 12
            },
            {
              "label": 13,
              "value": 13
            },
            {
              "label": 14,
              "value": 14
            },
            {
              "label": 15,
              "value": 15
            },
            {
              "label": 16,
              "value": 16
            },
            {
              "label": 17,
              "value": 17
            },
            {
              "label": 18,
              "value": 18
            },
            {
              "label": 19,
              "value": 19
            },
            {
              "label": 20,
              "value": 20
            }
          ],
          "value": 15
        },
        "type": "ia.input.dropdown"
      },
      {
        "meta": {
          "name": "Label_2"
        },
        "position": {
          "height": 36,
          "width": 77,
          "x": 2,
          "y": 49
        },
        "props": {
          "style": {
            "fontSize": 18,
            "fontWeight": "bold",
            "textAlign": "left"
          },
          "text": "Hour: "
        },
        "type": "ia.display.label"
      }
    ],
    "meta": {
      "name": "root"
    },
    "type": "ia.container.coord"
  }
}