{
  "custom": {
    "path": "[Park]",
    "prov": "[Park]"
  },
  "params": {},
  "propConfig": {
    "custom.path": {
      "persistent": true
    },
    "custom.prov": {
      "persistent": true
    }
  },
  "props": {
    "defaultSize": {
      "height": 62,
      "width": 1358
    }
  },
  "root": {
    "children": [
      {
        "children": [
          {
            "children": [
              {
                "meta": {
                  "name": "lblName"
                },
                "position": {
                  "height": 20,
                  "width": 320,
                  "x": 1.98,
                  "y": 2
                },
                "propConfig": {
                  "custom.prov": {
                    "binding": {
                      "config": {
                        "path": "view.custom.path"
                      },
                      "transforms": [
                        {
                          "code": "\tvalue \u003d value[1:]\n\tvalue \u003d value[:len(value) - 1]\n\treturn value",
                          "type": "script"
                        }
                      ],
                      "type": "property"
                    }
                  },
                  "custom.systemName": {
                    "binding": {
                      "config": {
                        "fallbackDelay": 2.5,
                        "mode": "indirect",
                        "references": {
                          "1": "{view.custom.prov}"
                        },
                        "tagPath": "{1}/_system/SystemName"
                      },
                      "type": "tag"
                    }
                  },
                  "props.text": {
                    "binding": {
                      "config": {
                        "expression": "\u0027Server:  \u0027 + {this.custom.prov} + \u0027 | \u0027 + {this.custom.systemName} + \u0027 | Kepware IO\u0027"
                      },
                      "type": "expr"
                    }
                  }
                },
                "props": {
                  "alignVertical": "center",
                  "style": {
                    "classes": "subHeader",
                    "overflow": "hidden",
                    "paddingLeft": 2,
                    "textAlign": "left"
                  }
                },
                "type": "ia.display.label"
              },
              {
                "children": [
                  {
                    "meta": {
                      "name": "lblMemoryUsage"
                    },
                    "position": {
                      "height": 20,
                      "width": 98.5
                    },
                    "propConfig": {
                      "props.text": {
                        "binding": {
                          "config": {
                            "fallbackDelay": 2.5,
                            "mode": "indirect",
                            "references": {
                              "1": "{view.custom.prov}"
                            },
                            "tagPath": "{1}/_system/Memory Utilization"
                          },
                          "transforms": [
                            {
                              "expression": "\u0027Memory: \u0027 + toInt({value} * 100) + \u0027%\u0027",
                              "type": "expression"
                            }
                          ],
                          "type": "tag"
                        }
                      }
                    },
                    "props": {
                      "alignVertical": "center",
                      "style": {
                        "classes": "label",
                        "fontSize": "10pt"
                      }
                    },
                    "type": "ia.display.label"
                  },
                  {
                    "meta": {
                      "name": "lblCPUUsage"
                    },
                    "position": {
                      "height": 20,
                      "width": 98.5,
                      "x": 98.5
                    },
                    "propConfig": {
                      "props.text": {
                        "binding": {
                          "config": {
                            "fallbackDelay": 2.5,
                            "mode": "indirect",
                            "references": {
                              "1": "{view.custom.prov}"
                            },
                            "tagPath": "{1}/_system/CPU Usage"
                          },
                          "transforms": [
                            {
                              "expression": "\u0027CPU: \u0027 + toInt({value} * 100) + \u0027%\u0027",
                              "type": "expression"
                            }
                          ],
                          "type": "tag"
                        }
                      }
                    },
                    "props": {
                      "alignVertical": "center",
                      "style": {
                        "classes": "label",
                        "fontSize": "10pt"
                      }
                    },
                    "type": "ia.display.label"
                  }
                ],
                "meta": {
                  "name": "CoordinateContainer"
                },
                "position": {
                  "height": 20,
                  "width": 197.07,
                  "x": 2.95,
                  "y": 24
                },
                "props": {
                  "aspectRatio": "200:20",
                  "style": {
                    "backgroundColor": "#555555",
                    "overflow": "hidden"
                  }
                },
                "type": "ia.container.coord"
              },
              {
                "meta": {
                  "name": "Image",
                  "path": "[Park]epicUniverse/System/kepware/connected"
                },
                "position": {
                  "height": 30,
                  "width": 30,
                  "x": 234,
                  "y": 20
                },
                "propConfig": {
                  "props.source": {
                    "binding": {
                      "config": {
                        "path": "this.meta.path"
                      },
                      "transforms": [
                        {
                          "expression": "tag({value})",
                          "type": "expression"
                        },
                        {
                          "fallback": "/system/images/IconsSymbols/StateMode/disconnected.svg",
                          "inputType": "scalar",
                          "mappings": [
                            {
                              "input": true,
                              "output": "/system/images/IconsSymbols/StateMode/connected_green.svg"
                            },
                            {
                              "input": false,
                              "output": "/system/images/IconsSymbols/StateMode/disconnected.svg"
                            }
                          ],
                          "outputType": "scalar",
                          "type": "map"
                        }
                      ],
                      "type": "property"
                    }
                  }
                },
                "props": {
                  "fit": {
                    "mode": "fill"
                  }
                },
                "type": "ia.display.image"
              }
            ],
            "events": {
              "dom": {
                "onClick": {
                  "config": {
                    "draggable": true,
                    "id": "pLwtbz9+",
                    "modal": false,
                    "overlayDismiss": false,
                    "position": {
                      "left": 5,
                      "top": 5
                    },
                    "positionType": "exact",
                    "resizable": true,
                    "showCloseIcon": true,
                    "type": "open",
                    "viewParams": {
                      "prov": "{view.params.prov}"
                    },
                    "viewPath": "Templates/Diagnostics/serverHealth"
                  },
                  "scope": "C",
                  "type": "popup"
                }
              }
            },
            "meta": {
              "name": "CoordinateContainer_1"
            },
            "position": {
              "height": 50,
              "width": 325,
              "x": 3.5,
              "y": 4
            },
            "props": {
              "aspectRatio": "205:45",
              "style": {
                "classes": "puSection",
                "cursor": "pointer",
                "overflow": "hidden"
              }
            },
            "type": "ia.container.coord"
          }
        ],
        "meta": {
          "name": "serverStatus"
        },
        "position": {
          "breakpoints": [
            {
              "colIndex": 0,
              "name": "sm",
              "order": 1,
              "rowIndex": 0,
              "span": 3
            },
            {
              "colIndex": 0,
              "name": "md",
              "order": 1,
              "rowIndex": 0,
              "span": 3
            },
            {
              "colIndex": 0,
              "name": "lg",
              "order": 1,
              "rowIndex": 0,
              "span": 3
            }
          ],
          "height": 58
        },
        "type": "ia.container.coord"
      },
      {
        "children": [
          {
            "meta": {
              "name": "EmbeddedView"
            },
            "position": {
              "height": 56,
              "width": 275,
              "x": 28.5,
              "y": 1
            },
            "props": {
              "params": {
                "path": "[Park]epicUniverse/Weather/wxCurrentData"
              },
              "path": "Templates/WeatherWidget/smlWeatherWidget",
              "style": {
                "borderStyle": "outset",
                "borderWidth": 2
              }
            },
            "type": "ia.display.view"
          }
        ],
        "meta": {
          "name": "weatherWidget"
        },
        "position": {
          "breakpoints": [
            {
              "colIndex": 3,
              "name": "sm",
              "order": 2,
              "rowIndex": 0,
              "span": 1
            },
            {
              "colIndex": 3,
              "name": "md",
              "order": 2,
              "rowIndex": 0,
              "span": 1
            },
            {
              "colIndex": 3,
              "name": "lg",
              "order": 2,
              "rowIndex": 0,
              "span": 3
            }
          ],
          "height": 58
        },
        "type": "ia.container.coord"
      }
    ],
    "meta": {
      "name": "root"
    },
    "props": {
      "style": {
        "backgroundColor": "#555555"
      }
    },
    "type": "ia.container.column"
  }
}