{
  "custom": {
    "almPath": "*Zone2/PMS/USS/USS 3-01/52F1*"
  },
  "params": {
    "path": "[Zone2]Zone2/PMS/USS/USS 3-01/52F1"
  },
  "propConfig": {
    "custom.almPath": {
      "binding": {
        "config": {
          "path": "view.params.path"
        },
        "transforms": [
          {
            "code": "\tindex \u003d value.index(\u0027]\u0027)\n\tvalue \u003d \u0027*\u0027 + value[index+1:] + \u0027*\u0027\n\treturn value",
            "type": "script"
          }
        ],
        "type": "property"
      },
      "persistent": true
    },
    "params.path": {
      "paramDirection": "input",
      "persistent": true
    }
  },
  "props": {
    "defaultSize": {
      "height": 130,
      "width": 320
    }
  },
  "root": {
    "children": [
      {
        "meta": {
          "name": "Table"
        },
        "position": {
          "height": 1,
          "width": 1
        },
        "propConfig": {
          "props.data": {
            "binding": {
              "config": {
                "expression": "now(2000)"
              },
              "transforms": [
                {
                  "code": "\tvalue \u003d self.view.params.path\n\tindex \u003d value.index(\u0027]\u0027)\n\tvalue \u003d \u0027*\u0027 + value[index + 1:] + \u0027*\u0027\n\t\n\tresults \u003d system.alarm.queryStatus(source \u003d [value], state \u003d [\u0027ActiveUnacked\u0027], priority \u003d [\u0027Critical\u0027,\u0027High\u0027,\u0027Medium\u0027, \u0027Low\u0027,\u0027Diagnostic\u0027])\n\tdata \u003d results.getDataset()\n\t\n\tretVal \u003d []\n\t\n\tfor x in range(data.getRowCount()):\n\t\tsource \u003d data.getValueAt(x, \u0027source\u0027)\n\t\ti \u003d source.index(\u0027tag:\u0027)\n\t\tsource \u003d source[i+4:]\n\t\ti \u003d source.index(\u0027alm:\u0027)\n\t\talm \u003d source[i+4:]\n\t\tsource \u003d source[:i-2]\n\t\tpriority \u003d data.getValueAt(x,\u0027priority\u0027)\n\t\tif priority \u003d\u003d 4:\n\t\t\tpriority \u003d \u0027Critical\u0027\n\t\telif priority \u003d\u003d 3:\n\t\t\tpriority \u003d \u0027High\u0027\n\t\telif priority \u003d\u003d 2:\n\t\t\tpriority \u003d \u0027Medium\u0027\n\t\telif priority \u003d\u003d 1:\n\t\t\tpriority \u003d \u0027Low\u0027\n\t\telif priority \u003d\u003d 0:\n\t\t\tpriority \u003d \u0027Diagnostic\u0027\n\t\tdict \u003d {\u0027Alarm\u0027:alm, \u0027Priority\u0027:priority}\n\t\tretVal.append(dict)\n\tif len(retVal) \u003d\u003d 0:\n\t\tdict \u003d {\u0027Alarm\u0027:\u0027\u0027, \u0027Priority\u0027:\u0027\u0027}\n\t\tretVal.append(dict)\n\t\t\n\treturn retVal",
                  "type": "script"
                }
              ],
              "type": "expr"
            }
          }
        },
        "props": {
          "columns": [
            {
              "align": "center",
              "boolean": "checkbox",
              "dateFormat": "MM/DD/YYYY",
              "editable": false,
              "field": "Alarm",
              "footer": {
                "align": "center",
                "justify": "left",
                "style": {
                  "classes": ""
                },
                "title": ""
              },
              "header": {
                "align": "center",
                "justify": "left",
                "style": {
                  "classes": ""
                },
                "title": ""
              },
              "justify": "auto",
              "number": "value",
              "numberFormat": "0,0.##",
              "progressBar": {
                "bar": {
                  "color": "#62A3F6",
                  "linecap": "round",
                  "width": 5
                },
                "max": 100,
                "track": {
                  "color": "#DADADA",
                  "linecap": "round",
                  "width": 2
                },
                "value": {
                  "color": "#7D7D7D",
                  "show": true
                }
              },
              "render": "auto",
              "resizable": true,
              "sortable": true,
              "strictWidth": false,
              "style": {
                "classes": ""
              },
              "toggleSwitch": {
                "color": {
                  "selected": "#2196F3",
                  "unselected": "#FFFFFF"
                }
              },
              "viewParams": {},
              "viewPath": "",
              "visible": true,
              "width": ""
            },
            {
              "align": "center",
              "boolean": "checkbox",
              "dateFormat": "MM/DD/YYYY",
              "editable": false,
              "field": "Priority",
              "footer": {
                "align": "center",
                "justify": "left",
                "style": {
                  "classes": ""
                },
                "title": ""
              },
              "header": {
                "align": "center",
                "justify": "left",
                "style": {
                  "classes": ""
                },
                "title": ""
              },
              "justify": "auto",
              "number": "value",
              "numberFormat": "0,0.##",
              "progressBar": {
                "bar": {
                  "color": "#62A3F6",
                  "linecap": "round",
                  "width": 5
                },
                "max": 100,
                "track": {
                  "color": "#DADADA",
                  "linecap": "round",
                  "width": 2
                },
                "value": {
                  "color": "#7D7D7D",
                  "show": true
                }
              },
              "render": "auto",
              "resizable": true,
              "sortable": true,
              "strictWidth": false,
              "style": {
                "classes": ""
              },
              "toggleSwitch": {
                "color": {
                  "selected": "#2196F3",
                  "unselected": "#FFFFFF"
                }
              },
              "viewParams": {},
              "viewPath": "",
              "visible": true,
              "width": 50
            }
          ],
          "pager": {
            "bottom": false,
            "initialOption": 100
          },
          "style": {
            "classes": "label"
          }
        },
        "type": "ia.display.table"
      }
    ],
    "meta": {
      "name": "root"
    },
    "props": {
      "mode": "percent"
    },
    "type": "ia.container.coord"
  }
}