{
  "custom": {},
  "params": {},
  "props": {
    "defaultSize": {
      "height": 300
    }
  },
  "root": {
    "children": [
      {
        "meta": {
          "name": "AlarmStatusTable"
        },
        "position": {
          "basis": "400px"
        },
        "props": {
          "filters": {
            "active": {
              "priorities": {
                "critical": false,
                "high": false,
                "low": false,
                "medium": false
              },
              "states": {
                "activeAcked": false,
                "activeUnacked": false,
                "clearUnacked": false
              },
              "text": "OtherEquipDemo/rotarySwitch1"
            }
          },
          "style": {
            "classes": "label"
          }
        },
        "type": "ia.display.alarmstatustable"
      }
    ],
    "meta": {
      "name": "root"
    },
    "props": {
      "direction": "column"
    },
    "type": "ia.container.flex"
  }
}