{
  "custom": {},
  "params": {
    "height": 1920,
    "hideTopDropdown": false,
    "name": "CMP_CUB_MCU1",
    "path": "[CUB]CUB/MCU/CMP_CUB_MCU1",
    "tags": []
  },
  "propConfig": {
    "params.hideTopDropdown": {
      "paramDirection": "input",
      "persistent": true
    },
    "params.name": {
      "paramDirection": "input",
      "persistent": true
    },
    "params.path": {
      "paramDirection": "input",
      "persistent": true
    },
    "params.tags": {
      "paramDirection": "input",
      "persistent": true
    },
    "params.tags[0]": {
      "paramDirection": "input",
      "persistent": true
    }
  },
  "props": {
    "default": 1920,
    "defaultSiz": 1920,
    "defaultSize": {
      "height": 40
    }
  },
  "root": {
    "children": [
      {
        "children": [
          {
            "meta": {
              "name": "Label"
            },
            "position": {
              "height": 1,
              "width": 0.9375
            },
            "props": {
              "alignVertical": "center",
              "style": {
                "classes": "deviceList"
              },
              "text": "Setpoint List"
            },
            "type": "ia.display.label"
          },
          {
            "meta": {
              "name": "lblPlus"
            },
            "position": {
              "height": 1,
              "width": 0.0625,
              "x": 0.9375
            },
            "props": {
              "alignVertical": "center",
              "style": {
                "classes": "deviceList"
              },
              "text": "-"
            },
            "type": "ia.display.label"
          },
          {
            "meta": {
              "name": "EmbeddedView_0"
            },
            "position": {
              "height": 0.75,
              "width": 0.0375,
              "x": 0.025,
              "y": 0.125
            },
            "propConfig": {
              "meta.visible": {
                "binding": {
                  "config": {
                    "path": ".../FlexRepeater.position.display"
                  },
                  "transforms": [
                    {
                      "expression": "if({value}, false, true)",
                      "type": "expression"
                    }
                  ],
                  "type": "property"
                }
              },
              "props.params.priority": {
                "binding": {
                  "config": {
                    "expression": "now(1000)"
                  },
                  "transforms": [
                    {
                      "code": "\tvalue \u003d self.view.params.path\n\tpathto \u003d value\n\tindex \u003d value.index(\u0027]\u0027)\n\tvalue \u003d \u0027*\u0027 + value[index + 1:] + \u0027*\u0027\n\t\n\tresults \u003d system.alarm.queryStatus(source \u003d [value], state \u003d [\u0027ActiveUnacked\u0027])\n\tdata \u003d results.getDataset()\n\t\n\talmVal \u003d 0\n\t\n\tfor x in range(data.getRowCount()):\n\t\t#find out of next level is a tag or folder\n\t\tsource \u003d data.getValueAt(x,\u0027source\u0027)\n\t\tsource \u003d source.replace(\u0027prov:\u0027, \u0027[\u0027)\n\t\tsource \u003d source.replace(\u0027:/tag:\u0027, \u0027]\u0027)\n\t\tindex \u003d source.index(\u0027:/alm:\u0027)\n\t\tsource \u003d source[:index]\n\t\t\n\t\t\n\t\t#get next level\n\t\ti \u003d source.index(pathto)\n\t\trem \u003d source[i + len(pathto) + 1:]\n\t\ti \u003d rem.index(\u0027/\u0027)\n\t\trem \u003d rem[:i]\n\t\t\n\t\t\n\t\t#check for tag or folder\n\t\tres \u003d system.tag.browse(path \u003d pathto)\n\t\tfor r in res.getResults():\n#\t\t\tif r[\u0027name\u0027] \u003d\u003d rem and str(r[\u0027tagType\u0027]) \u003d\u003d \u0027UdtInstance\u0027:\n\t\n\t\t\tif data.getValueAt(x, \u0027priority\u0027) \u003d\u003d 4:\n\t\t\t\talmVal \u003d 4\n\t\t\t\tbreak\n\t\t\telif data.getValueAt(x, \u0027priority\u0027) \u003d\u003d 3 and almVal \u003c 3:\n\t\t\t\talmVal \u003d 3\n\t\t\telif data.getValueAt(x, \u0027priority\u0027) \u003d\u003d 2 and almVal \u003c 2:\n\t\t\t\talmVal \u003d 2\n\t\t\telif data.getValueAt(x, \u0027priority\u0027) \u003d\u003d 1 and almVal \u003c 1:\n\t\t\t\talmVal \u003d 1\n\t\n\treturn almVal",
                      "type": "script"
                    }
                  ],
                  "type": "expr"
                }
              }
            },
            "props": {
              "path": "Templates/Alarms/Alarm Indicator"
            },
            "type": "ia.display.view"
          }
        ],
        "events": {
          "dom": {
            "onClick": {
              "config": {
                "script": "\tself.getSibling(\u0027FlexRepeater\u0027).position.display \u003d not self.getSibling(\u0027FlexRepeater\u0027).position.display\n\t\t\n\tif self.getSibling(\u0027FlexRepeater\u0027).position.display !\u003d True:\n\t\tself.getChild(\u0027lblPlus\u0027).props.text \u003d \u0027+\u0027\n\n\telse:\n\t\tself.getChild(\u0027lblPlus\u0027).props.text \u003d \u0027-\u0027\n\t\tbasis \u003d self.getSibling(\u0027FlexRepeater\u0027).position.basis\n"
              },
              "scope": "G",
              "type": "script"
            }
          }
        },
        "meta": {
          "name": "header"
        },
        "position": {
          "basis": "40px",
          "shrink": 0
        },
        "propConfig": {
          "position.display": {
            "binding": {
              "config": {
                "path": "view.params.hideTopDropdown"
              },
              "transforms": [
                {
                  "expression": "if({value}, false, true)",
                  "type": "expression"
                }
              ],
              "type": "property"
            }
          }
        },
        "props": {
          "mode": "percent",
          "style": {
            "cursor": "pointer"
          }
        },
        "type": "ia.container.coord"
      },
      {
        "meta": {
          "name": "FlexRepeater"
        },
        "propConfig": {
          "position.basis": {
            "binding": {
              "config": {
                "path": "this.props.instances"
              },
              "transforms": [
                {
                  "code": "\ttot \u003d 0\n\tfor ea in value:\n\t\ttot \u003d (len(ea.instances) * 40) + tot\n\tself.view.props.defaultSize.height \u003d tot + 40\n\ttot \u003d str(tot) + \u0027px\u0027\n\treturn tot",
                  "type": "script"
                }
              ],
              "type": "property"
            }
          },
          "props.instances": {
            "binding": {
              "config": {
                "path": "view.params.path"
              },
              "transforms": [
                {
                  "code": "\tdef getNav(path, name \u003d \u0027\u0027):\n\t\tretVal \u003d []\n\t\tdict \u003d {}\n\t\troot \u003d False\n\t\n\t\t\n\t\tresults \u003d system.tag.browse(path)\n\t\n\t\tfor res in results.getResults():\n\t\t\tif (str(res[\u0027name\u0027]).find(\u0027_SP_\u0027) or str(res[\u0027name\u0027]).find(\u0027_SP\"\u0027)) and not root:\n\t\t\t\tdict \u003d {\u0027instanceStyle\u0027:{}, \u0027instancePosition\u0027:[], \u0027basis\u0027:40, \u0027header\u0027:name, \u0027path\u0027:path}\n\t\t\t\tdict[\u0027instances\u0027] \u003d getTags(path, True)\n\t\t\t\troot \u003d True\n\t\t\t\tretVal.append(dict)\n\t\t\tif str(res[\u0027tagType\u0027]) \u003d\u003d \u0027Folder\u0027:\n\t\t\t\tdict \u003d {\u0027instanceStyle\u0027:{}, \u0027instancePosition\u0027:[], \u0027basis\u0027:40, \u0027header\u0027:res[\u0027name\u0027], \u0027path\u0027:res[\u0027fullPath\u0027], \u0027tags\u0027:tags}\n\t\t\t\tif res[\u0027hasChildren\u0027]:\n\t\t\t\t\tdict[\u0027instances\u0027] \u003d getTags(res[\u0027fullPath\u0027], False)\n\t\t\t\tretVal.append(dict)\n\t\n\t\treturn retVal\n\t\t\n\tdef getTags(path, root \u003d False):\n\t\t\tretVal \u003d []\n\t\t\tdict \u003d {}\n\t\t\ttarget \u003d \u0027\u0027\n\t\t\ttargetName \u003d \u0027\u0027\n\t\t\t\n\t\t\tresults \u003d system.tag.browse(path)\n\t\t\n\t\t\tfor res in results.getResults():\n\t\t\t\tif str(res[\u0027name\u0027]).find(\u0027_SP\u0027) \u003d\u003d len(str(res[\u0027name\u0027])) - 3 or str(res[\u0027name\u0027]).find(\u0027_SP_\u0027) !\u003d -1:\n\t\t\t\t\tprint str(res[\u0027name\u0027])\n\t\t\t\t\tdict \u003d {\u0027instanceStyle\u0027:{}, \u0027instancePosition\u0027:[], \u0027basis\u0027:40, \u0027header\u0027:res[\u0027name\u0027], \u0027path\u0027:res[\u0027fullPath\u0027]}\n\t\t\t\t\tretVal.append(dict)\n\t\t\t\tif str(res[\u0027tagType\u0027]) \u003d\u003d \u0027Folder\u0027 and not root:\n\t\t\t\t\tdict \u003d getTags(res[\u0027fullPath\u0027], root)\n\t\t\t\t\tfor ea in dict:\n\t\t\t\t\t\tretVal.append(ea)\n\t\t\t\n\t\t\treturn retVal\n\t\t\n\t\n\ttags \u003d []\t\n\tpath \u003d self.view.params.path\n\tname \u003d self.view.params.name\n\tval \u003d getNav(path, name)\n\n\n\t\n\treturn val",
                  "type": "script"
                }
              ],
              "type": "property"
            }
          }
        },
        "props": {
          "alignContent": "center",
          "direction": "column",
          "path": "Templates/Lists/deviceSetpointsV1",
          "useDefaultViewWidth": false
        },
        "type": "ia.display.flex-repeater"
      }
    ],
    "meta": {
      "name": "root"
    },
    "props": {
      "direction": "column"
    },
    "type": "ia.container.flex"
  }
}