{
  "custom": {},
  "params": {
    "label": "RV Robot",
    "path": "[Park]epicUniverse/track902/rideVehicle1/robot"
  },
  "propConfig": {
    "params.label": {
      "paramDirection": "input",
      "persistent": true
    },
    "params.path": {
      "paramDirection": "input",
      "persistent": true
    }
  },
  "props": {
    "defaultSize": {
      "height": 315,
      "width": 355
    }
  },
  "root": {
    "children": [
      {
        "meta": {
          "name": "txtDevDesc"
        },
        "position": {
          "height": 20,
          "width": 180,
          "x": 159,
          "y": 35
        },
        "propConfig": {
          "props.text": {
            "binding": {
              "config": {
                "bidirectional": true,
                "fallbackDelay": 2.5,
                "mode": "indirect",
                "references": {
                  "path": "{view.params.path}"
                },
                "tagPath": "{path}/metaData/Description"
              },
              "type": "tag"
            }
          }
        },
        "type": "ia.input.text-field"
      },
      {
        "meta": {
          "name": "lblDevDesc"
        },
        "position": {
          "height": 20,
          "width": 147,
          "x": 8,
          "y": 35
        },
        "props": {
          "text": "Device Description:"
        },
        "type": "ia.display.label"
      },
      {
        "meta": {
          "name": "lblVFD2Desc"
        },
        "position": {
          "height": 20,
          "width": 147,
          "x": 8,
          "y": 175
        },
        "props": {
          "text": "VFD 2 Description:"
        },
        "type": "ia.display.label"
      },
      {
        "meta": {
          "name": "lblVFD1Desc"
        },
        "position": {
          "height": 20,
          "width": 147,
          "x": 8,
          "y": 150
        },
        "props": {
          "text": "VFD 1 Description:"
        },
        "type": "ia.display.label"
      },
      {
        "meta": {
          "name": "lblVFD3Desc"
        },
        "position": {
          "height": 20,
          "width": 147,
          "x": 8,
          "y": 200
        },
        "props": {
          "text": "VFD 3 Description:"
        },
        "type": "ia.display.label"
      },
      {
        "meta": {
          "name": "lblVFDs"
        },
        "position": {
          "height": 20,
          "width": 329,
          "x": 8,
          "y": 125
        },
        "props": {
          "style": {
            "borderBottomStyle": "solid",
            "borderBottomWidth": 1
          },
          "text": "VFDs"
        },
        "type": "ia.display.label"
      },
      {
        "meta": {
          "name": "lblVFD4Desc"
        },
        "position": {
          "height": 20,
          "width": 147,
          "x": 8,
          "y": 225
        },
        "props": {
          "text": "VFD 4 Description:"
        },
        "type": "ia.display.label"
      },
      {
        "meta": {
          "name": "lblCtrlSysDesc"
        },
        "position": {
          "height": 20,
          "width": 147,
          "x": 8,
          "y": 95
        },
        "props": {
          "text": "Description:"
        },
        "type": "ia.display.label"
      },
      {
        "meta": {
          "name": "lblCtrlSys"
        },
        "position": {
          "height": 20,
          "width": 329,
          "x": 8,
          "y": 70
        },
        "props": {
          "style": {
            "borderBottomStyle": "solid",
            "borderBottomWidth": 1
          },
          "text": "Control System"
        },
        "type": "ia.display.label"
      },
      {
        "meta": {
          "name": "lblBrakeDesc"
        },
        "position": {
          "height": 20,
          "width": 147,
          "x": 8,
          "y": 285
        },
        "props": {
          "text": "Description:"
        },
        "type": "ia.display.label"
      },
      {
        "meta": {
          "name": "lblBrale"
        },
        "position": {
          "height": 20,
          "width": 329,
          "x": 8,
          "y": 260
        },
        "props": {
          "style": {
            "borderBottomStyle": "solid",
            "borderBottomWidth": 1
          },
          "text": "Brake"
        },
        "type": "ia.display.label"
      },
      {
        "meta": {
          "name": "lblDevDesc_0"
        },
        "position": {
          "height": 20,
          "width": 350,
          "x": 1.5,
          "y": 5
        },
        "propConfig": {
          "props.text": {
            "binding": {
              "config": {
                "path": "view.params.label"
              },
              "type": "property"
            }
          }
        },
        "props": {
          "style": {
            "borderBottomStyle": "solid",
            "borderBottomWidth": 1
          }
        },
        "type": "ia.display.label"
      },
      {
        "meta": {
          "name": "txtCtrlSysDes"
        },
        "position": {
          "height": 20,
          "width": 180,
          "x": 159,
          "y": 95
        },
        "propConfig": {
          "props.text": {
            "binding": {
              "config": {
                "bidirectional": true,
                "fallbackDelay": 2.5,
                "mode": "indirect",
                "references": {
                  "path": "{view.params.path}"
                },
                "tagPath": "{path}/ctlSystem/metaData/Description"
              },
              "type": "tag"
            }
          }
        },
        "type": "ia.input.text-field"
      },
      {
        "meta": {
          "name": "txtVFD1Desc"
        },
        "position": {
          "height": 20,
          "width": 180,
          "x": 159,
          "y": 150
        },
        "propConfig": {
          "props.text": {
            "binding": {
              "config": {
                "bidirectional": true,
                "fallbackDelay": 2.5,
                "mode": "indirect",
                "references": {
                  "path": "{view.params.path}"
                },
                "tagPath": "{path}/vfd1/metaData/Description"
              },
              "type": "tag"
            }
          }
        },
        "type": "ia.input.text-field"
      },
      {
        "meta": {
          "name": "txtVFD2Desc"
        },
        "position": {
          "height": 20,
          "width": 180,
          "x": 159,
          "y": 175
        },
        "propConfig": {
          "props.text": {
            "binding": {
              "config": {
                "bidirectional": true,
                "fallbackDelay": 2.5,
                "mode": "indirect",
                "references": {
                  "path": "{view.params.path}"
                },
                "tagPath": "{path}/vfd2/metaData/Description"
              },
              "type": "tag"
            }
          }
        },
        "type": "ia.input.text-field"
      },
      {
        "meta": {
          "name": "txtVFD3Desc"
        },
        "position": {
          "height": 20,
          "width": 180,
          "x": 159,
          "y": 200
        },
        "propConfig": {
          "props.text": {
            "binding": {
              "config": {
                "bidirectional": true,
                "fallbackDelay": 2.5,
                "mode": "indirect",
                "references": {
                  "path": "{view.params.path}"
                },
                "tagPath": "{path}/vfd3/metaData/Description"
              },
              "type": "tag"
            }
          }
        },
        "type": "ia.input.text-field"
      },
      {
        "meta": {
          "name": "txtVFD4Desc"
        },
        "position": {
          "height": 20,
          "width": 180,
          "x": 159,
          "y": 225
        },
        "propConfig": {
          "props.text": {
            "binding": {
              "config": {
                "bidirectional": true,
                "fallbackDelay": 2.5,
                "mode": "indirect",
                "references": {
                  "path": "{view.params.path}"
                },
                "tagPath": "{path}/vfd4/metaData/Description"
              },
              "type": "tag"
            }
          }
        },
        "type": "ia.input.text-field"
      },
      {
        "meta": {
          "name": "txtBrakeDesc"
        },
        "position": {
          "height": 20,
          "width": 180,
          "x": 159,
          "y": 285
        },
        "propConfig": {
          "props.text": {
            "binding": {
              "config": {
                "bidirectional": true,
                "fallbackDelay": 2.5,
                "mode": "indirect",
                "references": {
                  "path": "{view.params.path}"
                },
                "tagPath": "{path}/brake/metaData/Description"
              },
              "type": "tag"
            }
          }
        },
        "type": "ia.input.text-field"
      }
    ],
    "meta": {
      "name": "root"
    },
    "props": {
      "style": {
        "borderStyle": "solid",
        "borderWidth": 1
      }
    },
    "type": "ia.container.coord"
  }
}