{
  "custom": {
    "key": ""
  },
  "params": {
    "path": "[Park]area905/Sample Track/Car1"
  },
  "propConfig": {
    "params.path": {
      "paramDirection": "input",
      "persistent": true
    }
  },
  "props": {
    "defaultSize": {
      "height": 70,
      "width": 70
    }
  },
  "root": {
    "children": [
      {
        "meta": {
          "name": "SAE"
        },
        "position": {
          "height": 1,
          "width": 1
        },
        "propConfig": {
          "props.elements[0].elements[0].fill.paint": {
            "binding": {
              "config": {
                "fallbackDelay": 2.5,
                "mode": "indirect",
                "references": {
                  "1": "{view.params.path}"
                },
                "tagPath": "{1}/mode"
              },
              "transforms": [
                {
                  "fallback": "#808080",
                  "inputType": "range",
                  "mappings": [
                    {
                      "input": {
                        "max": 0,
                        "min": 0
                      },
                      "output": "#808080"
                    },
                    {
                      "input": {
                        "max": 10,
                        "min": 1
                      },
                      "output": "#47FF47"
                    }
                  ],
                  "outputType": "color",
                  "type": "map"
                }
              ],
              "type": "tag"
            }
          },
          "props.elements[0].elements[1].fill.paint": {
            "binding": {
              "config": {
                "path": "session.props.theme"
              },
              "transforms": [
                {
                  "fallback": "#000000",
                  "inputType": "scalar",
                  "mappings": [
                    {
                      "input": "light",
                      "output": "#FFFFFF"
                    },
                    {
                      "input": "dark",
                      "output": "#808080"
                    }
                  ],
                  "outputType": "color",
                  "type": "map"
                }
              ],
              "type": "property"
            }
          }
        },
        "props": {
          "elements": [
            {
              "elements": [
                {
                  "cx": "50.285122",
                  "cy": "247.47083",
                  "fill": {
                    "opacity": "1",
                    "rule": "evenodd"
                  },
                  "name": "path815",
                  "r": "49",
                  "stroke": {
                    "dasharray": "none",
                    "dashoffset": "0",
                    "linecap": "butt",
                    "miterlimit": "4",
                    "opacity": "1",
                    "paint": "#000000",
                    "width": 1
                  },
                  "style": {
                    "opacity": "1",
                    "vectorEffect": "none"
                  },
                  "type": "circle"
                },
                {
                  "cx": "50.285122",
                  "cy": "247.47083",
                  "fill": {
                    "opacity": "1",
                    "rule": "evenodd"
                  },
                  "name": "path817",
                  "r": "39.56044",
                  "stroke": {
                    "dasharray": "none",
                    "dashoffset": "0",
                    "linecap": "butt",
                    "miterlimit": "4",
                    "opacity": "1",
                    "paint": "#000000",
                    "width": 0.8791
                  },
                  "style": {
                    "opacity": "1",
                    "vectorEffect": "none"
                  },
                  "type": "circle"
                }
              ],
              "name": "layer1",
              "transform": "translate(0,-197)",
              "type": "group"
            }
          ],
          "style": {
            "cursor": "pointer"
          }
        },
        "type": "ia.shapes.svg"
      },
      {
        "meta": {
          "name": "Label"
        },
        "position": {
          "height": 1,
          "width": 1
        },
        "propConfig": {
          "meta.visible": {
            "binding": {
              "config": {
                "expression": "if({../alarmInd.props.params.priority} \u003d 0 \u0026\u0026 {../mode.props.params.mode} \u003d 1, true, false)"
              },
              "type": "expr"
            }
          },
          "props.text": {
            "binding": {
              "config": {
                "fallbackDelay": 2.5,
                "mode": "indirect",
                "references": {
                  "1": "{view.params.path}"
                },
                "tagPath": "{1}/Number"
              },
              "type": "tag"
            }
          }
        },
        "props": {
          "alignVertical": "center",
          "style": {
            "classes": "carText",
            "cursor": "pointer"
          }
        },
        "type": "ia.display.label"
      },
      {
        "meta": {
          "name": "alarmInd"
        },
        "position": {
          "height": 0.5714,
          "width": 0.5714,
          "x": 0.2143,
          "y": 0.2143
        },
        "propConfig": {
          "props.params.priority": {
            "binding": {
              "config": {
                "fallbackDelay": 2.5,
                "mode": "indirect",
                "references": {
                  "1": "{view.params.path}"
                },
                "tagPath": "{1}/almPriority/priority"
              },
              "type": "tag"
            }
          }
        },
        "props": {
          "path": "Templates/Alarms/Alarm Indicator",
          "style": {
            "cursor": "pointer"
          }
        },
        "type": "ia.display.view"
      },
      {
        "meta": {
          "name": "mode"
        },
        "position": {
          "height": 0.5714,
          "width": 0.5714,
          "x": 0.2143,
          "y": 0.2143
        },
        "propConfig": {
          "meta.visible": {
            "binding": {
              "config": {
                "expression": "if({../alarmInd.props.params.priority} \u003d 0, true, false)"
              },
              "type": "expr"
            }
          },
          "props.params.mode": {
            "binding": {
              "config": {
                "fallbackDelay": 2.5,
                "mode": "indirect",
                "references": {
                  "1": "{view.params.path}"
                },
                "tagPath": "{1}/mode"
              },
              "type": "tag"
            }
          }
        },
        "props": {
          "path": "Templates/Indicators/Mode",
          "style": {
            "cursor": "pointer"
          }
        },
        "type": "ia.display.view"
      }
    ],
    "meta": {
      "name": "root"
    },
    "props": {
      "aspectRatio": "70:70",
      "mode": "percent",
      "style": {
        "overflow": "hidden"
      }
    },
    "type": "ia.container.coord"
  }
}