{
  "custom": {
    "id": "[Park]epicUniverse/track902/rideVehicle2"
  },
  "params": {
    "path": "[Park]epicUniverse/track902/rideVehicle2",
    "txtSize": ""
  },
  "propConfig": {
    "custom.id": {
      "binding": {
        "config": {
          "path": "view.params.path"
        },
        "type": "property"
      },
      "persistent": true
    },
    "params.path": {
      "paramDirection": "input",
      "persistent": true
    },
    "params.txtSize": {
      "paramDirection": "input",
      "persistent": true
    }
  },
  "props": {
    "defaultSize": {
      "height": 50,
      "width": 150
    }
  },
  "root": {
    "children": [
      {
        "meta": {
          "name": "vehicle"
        },
        "position": {
          "basis": "100px",
          "grow": 1,
          "shrink": 0
        },
        "propConfig": {
          "props.params.path": {
            "binding": {
              "config": {
                "path": "view.params.path"
              },
              "type": "property"
            }
          },
          "props.params.txtSize": {
            "binding": {
              "config": {
                "path": "view.params.txtSize"
              },
              "type": "property"
            }
          },
          "props.style.backgroundColor": {
            "binding": {
              "config": {
                "fallbackDelay": 2.5,
                "mode": "indirect",
                "references": {
                  "path": "{view.params.path}"
                },
                "tagPath": "{path}/In/selected"
              },
              "transforms": [
                {
                  "fallback": "#444444",
                  "inputType": "scalar",
                  "mappings": [
                    {
                      "input": true,
                      "output": "#393939"
                    },
                    {
                      "input": false,
                      "output": "#444444"
                    }
                  ],
                  "outputType": "color",
                  "type": "map"
                }
              ],
              "type": "tag"
            }
          }
        },
        "props": {
          "params": {
            "mapView": false
          },
          "path": "Templates/Devices/rideVehicle",
          "style": {
            "classes": "deviceList"
          }
        },
        "type": "ia.display.view"
      },
      {
        "events": {
          "dom": {
            "onClick": {
              "config": {
                "draggable": true,
                "id": "{view.custom.id}",
                "modal": false,
                "overlayDismiss": false,
                "resizable": true,
                "showCloseIcon": false,
                "type": "open",
                "viewParams": {
                  "id": "{view.custom.id}",
                  "path": "{view.params.path}"
                },
                "viewPath": "Templates/Popups/rideVehicle"
              },
              "scope": "C",
              "type": "popup"
            }
          }
        },
        "meta": {
          "name": "popupBtn"
        },
        "position": {
          "basis": "50px",
          "grow": 1
        },
        "props": {
          "style": {
            "classes": "Animations/btnHover Cursors/hand_on_hover deviceList label",
            "cursor": "pointer"
          }
        },
        "type": "ia.display.label"
      },
      {
        "custom": {
          "position": "Back Straight"
        },
        "events": {
          "dom": {
            "onClick": {
              "config": {
                "draggable": true,
                "id": "towzbFf6",
                "modal": false,
                "overlayDismiss": false,
                "resizable": true,
                "showCloseIcon": false,
                "type": "open",
                "viewParams": {
                  "path": "{view.params.path}"
                },
                "viewPath": "Templates/Popups/rideVehicle"
              },
              "scope": "C",
              "type": "popup"
            }
          }
        },
        "meta": {
          "name": "positionText"
        },
        "position": {
          "basis": "50px",
          "display": false,
          "grow": 1
        },
        "propConfig": {
          "custom.position": {
            "binding": {
              "config": {
                "fallbackDelay": 2.5,
                "mode": "indirect",
                "references": {
                  "1": "{view.params.path}"
                },
                "tagPath": "{1}/lineEncoder/In/actualPos"
              },
              "enabled": false,
              "transforms": [
                {
                  "fallback": "Hidden",
                  "inputType": "range",
                  "mappings": [
                    {
                      "input": {
                        "max": 40,
                        "min": 0
                      },
                      "output": "Front Straight"
                    },
                    {
                      "input": {
                        "max": 65,
                        "min": 41
                      },
                      "output": "Curve 1"
                    },
                    {
                      "input": {
                        "max": 90,
                        "min": 66
                      },
                      "output": "Curve 2"
                    },
                    {
                      "input": {
                        "max": 118,
                        "min": 91
                      },
                      "output": "Curve 3"
                    },
                    {
                      "input": {
                        "max": 185,
                        "min": 119
                      },
                      "output": "Back Straight"
                    },
                    {
                      "input": {
                        "max": 205,
                        "min": 186
                      },
                      "output": "Curve 4"
                    }
                  ],
                  "outputType": "scalar",
                  "type": "map"
                }
              ],
              "type": "tag"
            }
          },
          "props.text": {
            "binding": {
              "config": {
                "fallbackDelay": 2.5,
                "mode": "indirect",
                "references": {
                  "1": "{view.params.path}"
                },
                "tagPath": "{1}/In/mode"
              },
              "enabled": false,
              "transforms": [
                {
                  "expression": "if({value} \u003d 0, \u0027Disabled\u0027, {this.custom.position})",
                  "type": "expression"
                }
              ],
              "type": "tag"
            }
          }
        },
        "props": {
          "style": {
            "classes": "label",
            "cursor": "pointer"
          },
          "text": "Back Straight"
        },
        "type": "ia.display.label"
      }
    ],
    "meta": {
      "name": "root"
    },
    "props": {
      "style": {
        "classes": "deviceList",
        "overflow": "hidden"
      }
    },
    "type": "ia.container.flex"
  }
}