{
  "custom": {
    "almPath": "epicUniverse/track902/rideVehicle1"
  },
  "params": {
    "id": "",
    "path": "[Park]epicUniverse/track902/rideVehicle1"
  },
  "propConfig": {
    "custom.almPath": {
      "binding": {
        "config": {
          "path": "view.params.path"
        },
        "transforms": [
          {
            "expression": "substring({value}, (lastindexof({value}, \u0027]\u0027) + 1))",
            "type": "expression"
          }
        ],
        "type": "property"
      },
      "persistent": true
    },
    "params.id": {
      "paramDirection": "input",
      "persistent": true
    },
    "params.path": {
      "paramDirection": "input",
      "persistent": true
    }
  },
  "props": {
    "defaultSize": {
      "height": 925,
      "width": 1185
    }
  },
  "root": {
    "children": [
      {
        "children": [
          {
            "children": [
              {
                "meta": {
                  "name": "EmbeddedView"
                },
                "position": {
                  "height": 70,
                  "width": 170,
                  "x": 52.5463,
                  "y": 27.3
                },
                "propConfig": {
                  "props.params.path": {
                    "binding": {
                      "config": {
                        "path": "view.params.path"
                      },
                      "type": "property"
                    }
                  },
                  "props.style.background": {
                    "binding": {
                      "config": {
                        "fallbackDelay": 2.5,
                        "mode": "indirect",
                        "references": {
                          "path": "{view.params.path}"
                        },
                        "tagPath": "{path}/In/selected"
                      },
                      "transforms": [
                        {
                          "fallback": "#555555",
                          "inputType": "scalar",
                          "mappings": [
                            {
                              "input": true,
                              "output": "#393939"
                            },
                            {
                              "input": false,
                              "output": "#555555"
                            }
                          ],
                          "outputType": "color",
                          "type": "map"
                        }
                      ],
                      "type": "tag"
                    }
                  }
                },
                "props": {
                  "params": {
                    "mapView": false
                  },
                  "path": "Templates/Devices/rideVehicle",
                  "style": {
                    "classes": "deviceList"
                  }
                },
                "type": "ia.display.view"
              },
              {
                "meta": {
                  "name": "Label"
                },
                "position": {
                  "height": 20,
                  "width": 69,
                  "x": 72.7494,
                  "y": 105.507
                },
                "props": {
                  "style": {
                    "classes": "label"
                  },
                  "text": "Position:"
                },
                "type": "ia.display.label"
              },
              {
                "meta": {
                  "name": "Label_0"
                },
                "position": {
                  "height": 23,
                  "width": 70,
                  "x": 138.999,
                  "y": 102.507
                },
                "propConfig": {
                  "props.text": {
                    "binding": {
                      "config": {
                        "fallbackDelay": 2.5,
                        "mode": "indirect",
                        "references": {
                          "path": "{view.params.path}"
                        },
                        "tagPath": "{path}/lineEncoder/In/actualPos"
                      },
                      "type": "tag"
                    }
                  }
                },
                "props": {
                  "style": {
                    "borderStyle": "inset",
                    "classes": "label"
                  }
                },
                "type": "ia.display.label"
              },
              {
                "meta": {
                  "name": "RVRobot"
                },
                "position": {
                  "height": 201,
                  "rotate": {},
                  "width": 200,
                  "x": 45.29942111968994,
                  "y": 165.00680541992188
                },
                "propConfig": {
                  "position.rotate.angle": {
                    "binding": {
                      "config": {
                        "fallbackDelay": 2.5,
                        "mode": "indirect",
                        "references": {
                          "path": "{view.params.path}"
                        },
                        "tagPath": "{path}/axis1/In/actualPos"
                      },
                      "type": "tag"
                    }
                  }
                },
                "props": {
                  "fit": {
                    "mode": "fill"
                  },
                  "source": "/system/images/Devices/RVRobot_2.png"
                },
                "type": "ia.display.image"
              },
              {
                "meta": {
                  "name": "yawCar2"
                },
                "position": {
                  "height": 50,
                  "width": 840,
                  "x": 335.00342111968996,
                  "y": 276.2388054199219
                },
                "propConfig": {
                  "props.params.label": {
                    "binding": {
                      "config": {
                        "fallbackDelay": 2.5,
                        "mode": "indirect",
                        "references": {
                          "drvNum": "{this.props.params.drvNum}",
                          "path": "{view.params.path}"
                        },
                        "tagPath": "{path}/{drvNum}/metaData/Description"
                      },
                      "type": "tag"
                    }
                  },
                  "props.params.path": {
                    "binding": {
                      "config": {
                        "path": "view.params.path"
                      },
                      "type": "property"
                    }
                  }
                },
                "props": {
                  "params": {
                    "direction": "left",
                    "dispTagSuffix": "In/actualPos",
                    "dispValText": "Position",
                    "dockedView": "Templates/Equipment/servoStatus",
                    "drvNum": "yawCar2"
                  },
                  "path": "Templates/Indicators/driveStatus"
                },
                "type": "ia.display.view"
              },
              {
                "meta": {
                  "name": "yawCar1"
                },
                "position": {
                  "height": 50,
                  "width": 840,
                  "x": 335.00342111968996,
                  "y": 222.25280541992188
                },
                "propConfig": {
                  "props.params.label": {
                    "binding": {
                      "config": {
                        "fallbackDelay": 2.5,
                        "mode": "indirect",
                        "references": {
                          "drvNum": "{this.props.params.drvNum}",
                          "path": "{view.params.path}"
                        },
                        "tagPath": "{path}/{drvNum}/metaData/Description"
                      },
                      "type": "tag"
                    }
                  },
                  "props.params.path": {
                    "binding": {
                      "config": {
                        "path": "view.params.path"
                      },
                      "type": "property"
                    }
                  }
                },
                "props": {
                  "params": {
                    "direction": "left",
                    "dispTagSuffix": "In/actualPos",
                    "dispValText": "Position",
                    "dockedView": "Templates/Equipment/servoStatus",
                    "drvNum": "yawCar1"
                  },
                  "path": "Templates/Indicators/driveStatus"
                },
                "type": "ia.display.view"
              },
              {
                "meta": {
                  "name": "vfdWheel4"
                },
                "position": {
                  "height": 50,
                  "width": 840,
                  "x": 335.00342111968996,
                  "y": 168.26780541992187
                },
                "propConfig": {
                  "props.params.label": {
                    "binding": {
                      "config": {
                        "fallbackDelay": 2.5,
                        "mode": "indirect",
                        "references": {
                          "drvNum": "{this.props.params.drvNum}",
                          "path": "{view.params.path}"
                        },
                        "tagPath": "{path}/{drvNum}/metaData/Description"
                      },
                      "type": "tag"
                    }
                  },
                  "props.params.path": {
                    "binding": {
                      "config": {
                        "path": "view.params.path"
                      },
                      "type": "property"
                    }
                  }
                },
                "props": {
                  "params": {
                    "direction": "left",
                    "dispTagSuffix": "In/actualVel",
                    "dispValText": "Speed",
                    "dockedView": "Templates/Equipment/vfdStatus",
                    "drvNum": "vfd4"
                  },
                  "path": "Templates/Indicators/driveStatus"
                },
                "type": "ia.display.view"
              },
              {
                "meta": {
                  "name": "vfdWheel3"
                },
                "position": {
                  "height": 50,
                  "width": 840,
                  "x": 335.00342111968996,
                  "y": 114.27880541992187
                },
                "propConfig": {
                  "props.params.label": {
                    "binding": {
                      "config": {
                        "fallbackDelay": 2.5,
                        "mode": "indirect",
                        "references": {
                          "drvNum": "{this.props.params.drvNum}",
                          "path": "{view.params.path}"
                        },
                        "tagPath": "{path}/{drvNum}/metaData/Description"
                      },
                      "type": "tag"
                    }
                  },
                  "props.params.path": {
                    "binding": {
                      "config": {
                        "path": "view.params.path"
                      },
                      "type": "property"
                    }
                  }
                },
                "props": {
                  "params": {
                    "direction": "left",
                    "dispTagSuffix": "In/actualVel",
                    "dispValText": "Speed",
                    "dockedView": "Templates/Equipment/vfdStatus",
                    "drvNum": "vfd3"
                  },
                  "path": "Templates/Indicators/driveStatus"
                },
                "type": "ia.display.view"
              },
              {
                "meta": {
                  "name": "vfdWheel1"
                },
                "position": {
                  "height": 50,
                  "width": 840,
                  "x": 335.00342111968996,
                  "y": 8.512905419921879
                },
                "propConfig": {
                  "props.params.label": {
                    "binding": {
                      "config": {
                        "fallbackDelay": 2.5,
                        "mode": "indirect",
                        "references": {
                          "drvNum": "{this.props.params.drvNum}",
                          "path": "{view.params.path}"
                        },
                        "tagPath": "{path}/{drvNum}/metaData/Description"
                      },
                      "type": "tag"
                    }
                  },
                  "props.params.path": {
                    "binding": {
                      "config": {
                        "path": "view.params.path"
                      },
                      "type": "property"
                    }
                  }
                },
                "props": {
                  "params": {
                    "direction": "left",
                    "dispTagSuffix": "In/actualVel",
                    "dispValText": "Speed",
                    "dockedView": "Templates/Equipment/vfdStatus",
                    "drvNum": "vfd1"
                  },
                  "path": "Templates/Indicators/driveStatus"
                },
                "type": "ia.display.view"
              },
              {
                "meta": {
                  "name": "vfdWheel2"
                },
                "position": {
                  "height": 50,
                  "width": 840,
                  "x": 335.00342111968996,
                  "y": 61.29680541992188
                },
                "propConfig": {
                  "props.params.label": {
                    "binding": {
                      "config": {
                        "fallbackDelay": 2.5,
                        "mode": "indirect",
                        "references": {
                          "drvNum": "{this.props.params.drvNum}",
                          "path": "{view.params.path}"
                        },
                        "tagPath": "{path}/{drvNum}/metaData/Description"
                      },
                      "type": "tag"
                    }
                  },
                  "props.params.path": {
                    "binding": {
                      "config": {
                        "path": "view.params.path"
                      },
                      "type": "property"
                    }
                  }
                },
                "props": {
                  "params": {
                    "direction": "left",
                    "dispTagSuffix": "In/actualVel",
                    "dispValText": "Speed",
                    "dockedView": "Templates/Equipment/vfdStatus",
                    "drvNum": "vfd2"
                  },
                  "path": "Templates/Indicators/driveStatus"
                },
                "type": "ia.display.view"
              },
              {
                "meta": {
                  "name": "yawCar3"
                },
                "position": {
                  "height": 50,
                  "width": 840,
                  "x": 335.00342111968996,
                  "y": 382.2438054199219
                },
                "propConfig": {
                  "props.params.label": {
                    "binding": {
                      "config": {
                        "fallbackDelay": 2.5,
                        "mode": "indirect",
                        "references": {
                          "drvNum": "{this.props.params.drvNum}",
                          "path": "{view.params.path}"
                        },
                        "tagPath": "{path}/{drvNum}/metaData/Description"
                      },
                      "type": "tag"
                    }
                  },
                  "props.params.path": {
                    "binding": {
                      "config": {
                        "path": "view.params.path"
                      },
                      "type": "property"
                    }
                  }
                },
                "props": {
                  "params": {
                    "direction": "left",
                    "dispTagSuffix": "In/actualPos",
                    "dispValText": "Position",
                    "dockedView": "Templates/Equipment/servoStatus",
                    "drvNum": "axis2"
                  },
                  "path": "Templates/Indicators/driveStatus"
                },
                "type": "ia.display.view"
              },
              {
                "meta": {
                  "name": "yawCar4"
                },
                "position": {
                  "height": 50,
                  "width": 840,
                  "x": 335.00342111968996,
                  "y": 329.3038054199219
                },
                "propConfig": {
                  "props.params.label": {
                    "binding": {
                      "config": {
                        "fallbackDelay": 2.5,
                        "mode": "indirect",
                        "references": {
                          "drvNum": "{this.props.params.drvNum}",
                          "path": "{view.params.path}"
                        },
                        "tagPath": "{path}/{drvNum}/metaData/Description"
                      },
                      "type": "tag"
                    }
                  },
                  "props.params.path": {
                    "binding": {
                      "config": {
                        "path": "view.params.path"
                      },
                      "type": "property"
                    }
                  }
                },
                "props": {
                  "params": {
                    "direction": "left",
                    "dispTagSuffix": "In/actualPos",
                    "dispValText": "Position",
                    "dockedView": "Templates/Equipment/servoStatus",
                    "drvNum": "axis1"
                  },
                  "path": "Templates/Indicators/driveStatus"
                },
                "type": "ia.display.view"
              },
              {
                "meta": {
                  "name": "EmbeddedView_0"
                },
                "position": {
                  "height": 321,
                  "width": 311,
                  "x": 14.2994,
                  "y": 501.007
                },
                "propConfig": {
                  "props.params.path": {
                    "binding": {
                      "config": {
                        "path": "view.params.path"
                      },
                      "type": "property"
                    }
                  }
                },
                "props": {
                  "path": "Templates/Equipment/seatModule"
                },
                "type": "ia.display.view"
              },
              {
                "meta": {
                  "name": "EmbeddedView_1"
                },
                "position": {
                  "height": 384,
                  "width": 837,
                  "x": 334.999,
                  "y": 438.007
                },
                "propConfig": {
                  "props.params.path": {
                    "binding": {
                      "config": {
                        "path": "view.params.path"
                      },
                      "type": "property"
                    }
                  }
                },
                "props": {
                  "path": "Templates/Equipment/robot"
                },
                "type": "ia.display.view"
              },
              {
                "meta": {
                  "name": "Label_4"
                },
                "position": {
                  "height": 20,
                  "width": 75,
                  "x": 107.78242111968994,
                  "y": 395.31480541992187
                },
                "propConfig": {
                  "props.text": {
                    "binding": {
                      "config": {
                        "fallbackDelay": 2.5,
                        "mode": "indirect",
                        "references": {
                          "path": "{view.params.path}"
                        },
                        "tagPath": "{path}/axis1/In/actualPos"
                      },
                      "transforms": [
                        {
                          "expression": "toString({value}) + \u0027 deg\u0027",
                          "type": "expression"
                        }
                      ],
                      "type": "tag"
                    }
                  }
                },
                "props": {
                  "style": {
                    "classes": "label"
                  }
                },
                "type": "ia.display.label"
              },
              {
                "meta": {
                  "name": "Label_2"
                },
                "position": {
                  "height": 20,
                  "width": 246,
                  "x": 14.2656,
                  "y": 6.7
                },
                "propConfig": {
                  "props.text": {
                    "binding": {
                      "config": {
                        "fallbackDelay": 2.5,
                        "mode": "indirect",
                        "references": {
                          "path": "{view.params.path}"
                        },
                        "tagPath": "{path}/metaData/displayName"
                      },
                      "transforms": [
                        {
                          "expression": "\u0027Device: \u0027 + upper({value})",
                          "type": "expression"
                        }
                      ],
                      "type": "tag"
                    }
                  }
                },
                "props": {
                  "style": {
                    "classes": "frameHeader",
                    "textAlign": "center",
                    "textDecoration": "underline"
                  }
                },
                "type": "ia.display.label"
              }
            ],
            "meta": {
              "name": "homeCoordinateContainer"
            },
            "props": {
              "style": {
                "backgroundColor": "#555555"
              }
            },
            "type": "ia.container.coord"
          },
          {
            "children": [
              {
                "custom": {
                  "keyMode": 0,
                  "keyState": 0
                },
                "events": {
                  "component": {
                    "onActionPerformed": {
                      "config": {
                        "script": "\tif self.custom.mode !\u003d self.custom.keyMode:\n\t\tself.custom.mode \u003d self.custom.keyMode\n\telse:\n\t\tself.custom.mode \u003d 99\n\tif self.custom.state !\u003d self.custom.keyState:\n\t\tself.custom.state \u003d self.custom.keyState\n\telse:\n\t\tself.custom.state \u003d -99"
                      },
                      "scope": "G",
                      "type": "script"
                    }
                  }
                },
                "meta": {
                  "name": "Button_10"
                },
                "position": {
                  "height": 38,
                  "width": 100,
                  "x": 328.8263086547852,
                  "y": 43
                },
                "propConfig": {
                  "custom.mode": {
                    "binding": {
                      "config": {
                        "bidirectional": true,
                        "fallbackDelay": 2.5,
                        "mode": "indirect",
                        "references": {
                          "path": "{view.params.path}"
                        },
                        "tagPath": "{path}/In/mode"
                      },
                      "type": "tag"
                    }
                  },
                  "custom.state": {
                    "binding": {
                      "config": {
                        "bidirectional": true,
                        "fallbackDelay": 2.5,
                        "mode": "indirect",
                        "references": {
                          "path": "{view.params.path}"
                        },
                        "tagPath": "{path}/In/state"
                      },
                      "type": "tag"
                    }
                  },
                  "props.style.backgroundColor": {
                    "binding": {
                      "config": {
                        "path": "this.custom.mode"
                      },
                      "transforms": [
                        {
                          "expression": "if({value} \u003d {this.custom.keyMode}, true, false)",
                          "type": "expression"
                        },
                        {
                          "fallback": "#000000",
                          "inputType": "scalar",
                          "mappings": [
                            {
                              "input": false,
                              "output": "#808080"
                            },
                            {
                              "input": true,
                              "output": "#FFFFFF"
                            }
                          ],
                          "outputType": "color",
                          "type": "map"
                        }
                      ],
                      "type": "property"
                    }
                  }
                },
                "props": {
                  "style": {
                    "classes": "button",
                    "cursor": "pointer"
                  },
                  "text": "Disable"
                },
                "type": "ia.input.button"
              },
              {
                "custom": {
                  "key": 1
                },
                "events": {
                  "component": {
                    "onActionPerformed": {
                      "config": {
                        "script": "\tif self.custom.state !\u003d self.custom.key:\n\t\tself.custom.state \u003d self.custom.key\n\telse:\n\t\tself.custom.state \u003d -99"
                      },
                      "scope": "G",
                      "type": "script"
                    }
                  }
                },
                "meta": {
                  "name": "Button_9"
                },
                "position": {
                  "height": 38,
                  "width": 100,
                  "x": 379.798,
                  "y": 281.8
                },
                "propConfig": {
                  "custom.state": {
                    "binding": {
                      "config": {
                        "bidirectional": true,
                        "fallbackDelay": 2.5,
                        "mode": "indirect",
                        "references": {
                          "1": "{view.params.path}"
                        },
                        "tagPath": "{1}/In/state"
                      },
                      "type": "tag"
                    }
                  },
                  "props.style.backgroundColor": {
                    "binding": {
                      "config": {
                        "path": "this.custom.state"
                      },
                      "transforms": [
                        {
                          "expression": "if({value} \u003d {this.custom.key}, true, false)",
                          "type": "expression"
                        },
                        {
                          "fallback": "#000000",
                          "inputType": "scalar",
                          "mappings": [
                            {
                              "input": false,
                              "output": "#808080"
                            },
                            {
                              "input": true,
                              "output": "#FFFFFF"
                            }
                          ],
                          "outputType": "color",
                          "type": "map"
                        }
                      ],
                      "type": "property"
                    }
                  }
                },
                "props": {
                  "style": {
                    "classes": "button",
                    "cursor": "pointer"
                  },
                  "text": "Enable"
                },
                "type": "ia.input.button"
              },
              {
                "custom": {
                  "keyMode": 1,
                  "keyState": 2
                },
                "events": {
                  "component": {
                    "onActionPerformed": {
                      "config": {
                        "script": "\tif self.custom.mode !\u003d self.custom.keyMode:\n\t\tself.custom.mode \u003d self.custom.keyMode\n\telse:\n\t\tself.custom.mode \u003d 99\n\tif self.custom.state !\u003d self.custom.keyState:\n\t\tself.custom.state \u003d self.custom.keyState\n\telse:\n\t\tself.custom.state \u003d -99"
                      },
                      "scope": "G",
                      "type": "script"
                    }
                  }
                },
                "meta": {
                  "name": "Button_7"
                },
                "position": {
                  "height": 38,
                  "width": 100,
                  "x": 433.8263086547852,
                  "y": 43
                },
                "propConfig": {
                  "custom.mode": {
                    "binding": {
                      "config": {
                        "bidirectional": true,
                        "fallbackDelay": 2.5,
                        "mode": "indirect",
                        "references": {
                          "1": "{view.params.path}"
                        },
                        "tagPath": "{1}/In/mode"
                      },
                      "type": "tag"
                    }
                  },
                  "custom.state": {
                    "binding": {
                      "config": {
                        "bidirectional": true,
                        "fallbackDelay": 2.5,
                        "mode": "indirect",
                        "references": {
                          "1": "{view.params.path}"
                        },
                        "tagPath": "{1}/In/state"
                      },
                      "type": "tag"
                    }
                  },
                  "props.style.backgroundColor": {
                    "binding": {
                      "config": {
                        "path": "this.custom.mode"
                      },
                      "transforms": [
                        {
                          "expression": "if({value} \u003d {this.custom.keyMode}, true, false)",
                          "type": "expression"
                        },
                        {
                          "fallback": "#000000",
                          "inputType": "scalar",
                          "mappings": [
                            {
                              "input": false,
                              "output": "#808080"
                            },
                            {
                              "input": true,
                              "output": "#FFFFFF"
                            }
                          ],
                          "outputType": "color",
                          "type": "map"
                        }
                      ],
                      "type": "property"
                    }
                  }
                },
                "props": {
                  "style": {
                    "classes": "button",
                    "cursor": "pointer"
                  },
                  "text": "ADA"
                },
                "type": "ia.input.button"
              },
              {
                "custom": {
                  "key": 2
                },
                "events": {
                  "component": {
                    "onActionPerformed": {
                      "config": {
                        "script": "\tif self.custom.mode !\u003d self.custom.key:\n\t\tself.custom.mode \u003d self.custom.key\n\telse:\n\t\tself.custom.mode \u003d 99"
                      },
                      "scope": "G",
                      "type": "script"
                    }
                  }
                },
                "meta": {
                  "name": "Button_8"
                },
                "position": {
                  "height": 38,
                  "width": 100,
                  "x": 538.8263086547852,
                  "y": 43
                },
                "propConfig": {
                  "custom.mode": {
                    "binding": {
                      "config": {
                        "bidirectional": true,
                        "fallbackDelay": 2.5,
                        "mode": "indirect",
                        "references": {
                          "1": "{view.params.path}"
                        },
                        "tagPath": "{1}/In/mode"
                      },
                      "type": "tag"
                    }
                  },
                  "props.style.backgroundColor": {
                    "binding": {
                      "config": {
                        "path": "this.custom.mode"
                      },
                      "transforms": [
                        {
                          "expression": "if({value} \u003d {this.custom.key}, true, false)",
                          "type": "expression"
                        },
                        {
                          "fallback": "#000000",
                          "inputType": "scalar",
                          "mappings": [
                            {
                              "input": false,
                              "output": "#808080"
                            },
                            {
                              "input": true,
                              "output": "#FFFFFF"
                            }
                          ],
                          "outputType": "color",
                          "type": "map"
                        }
                      ],
                      "type": "property"
                    }
                  }
                },
                "props": {
                  "style": {
                    "classes": "button",
                    "cursor": "pointer"
                  },
                  "text": "Maint"
                },
                "type": "ia.input.button"
              },
              {
                "custom": {
                  "key": 3
                },
                "events": {
                  "component": {
                    "onActionPerformed": {
                      "config": {
                        "script": "\tif self.custom.mode !\u003d self.custom.key:\n\t\tself.custom.mode \u003d self.custom.key\n\telse:\n\t\tself.custom.mode \u003d 99"
                      },
                      "scope": "G",
                      "type": "script"
                    }
                  }
                },
                "meta": {
                  "name": "Button_11"
                },
                "position": {
                  "height": 38,
                  "width": 100,
                  "x": 643.8263086547852,
                  "y": 43
                },
                "propConfig": {
                  "custom.mode": {
                    "binding": {
                      "config": {
                        "bidirectional": true,
                        "fallbackDelay": 2.5,
                        "mode": "indirect",
                        "references": {
                          "1": "{view.params.path}"
                        },
                        "tagPath": "{1}/In/mode"
                      },
                      "type": "tag"
                    }
                  },
                  "props.style.backgroundColor": {
                    "binding": {
                      "config": {
                        "path": "this.custom.mode"
                      },
                      "transforms": [
                        {
                          "expression": "if({value} \u003d {this.custom.key}, true, false)",
                          "type": "expression"
                        },
                        {
                          "fallback": "#000000",
                          "inputType": "scalar",
                          "mappings": [
                            {
                              "input": false,
                              "output": "#808080"
                            },
                            {
                              "input": true,
                              "output": "#FFFFFF"
                            }
                          ],
                          "outputType": "color",
                          "type": "map"
                        }
                      ],
                      "type": "property"
                    }
                  }
                },
                "props": {
                  "style": {
                    "classes": "button",
                    "cursor": "pointer"
                  },
                  "text": "Egress"
                },
                "type": "ia.input.button"
              },
              {
                "meta": {
                  "name": "Label_1"
                },
                "position": {
                  "height": 29,
                  "width": 774,
                  "x": 205,
                  "y": 113
                },
                "props": {
                  "style": {
                    "borderBottomStyle": "solid",
                    "borderBottomWidth": 1,
                    "borderLeftStyle": "none",
                    "borderRightStyle": "none",
                    "borderTopStyle": "none",
                    "classes": "label"
                  },
                  "text": "Test Alarms"
                },
                "type": "ia.display.label"
              },
              {
                "events": {
                  "component": {
                    "onActionPerformed": {
                      "config": {
                        "script": "\tself.custom.value \u003d not self.custom.value"
                      },
                      "scope": "G",
                      "type": "script"
                    }
                  }
                },
                "meta": {
                  "name": "Button_1"
                },
                "position": {
                  "height": 38,
                  "width": 70,
                  "x": 471.4,
                  "y": 151.009
                },
                "propConfig": {
                  "custom.value": {
                    "binding": {
                      "config": {
                        "bidirectional": true,
                        "fallbackDelay": 2.5,
                        "mode": "indirect",
                        "references": {
                          "path": "{view.params.path}"
                        },
                        "tagPath": "{path}/Alarm/genAlarm"
                      },
                      "type": "tag"
                    }
                  },
                  "props.style.backgroundColor": {
                    "binding": {
                      "config": {
                        "path": "this.custom.value"
                      },
                      "transforms": [
                        {
                          "fallback": "#808080",
                          "inputType": "scalar",
                          "mappings": [
                            {
                              "input": false,
                              "output": "#808080"
                            },
                            {
                              "input": true,
                              "output": "#FFFFFF"
                            }
                          ],
                          "outputType": "color",
                          "type": "map"
                        }
                      ],
                      "type": "property"
                    }
                  }
                },
                "props": {
                  "style": {
                    "classes": "button",
                    "cursor": "pointer"
                  },
                  "text": "RV Gen"
                },
                "type": "ia.input.button"
              },
              {
                "events": {
                  "component": {
                    "onActionPerformed": {
                      "config": {
                        "script": "\tself.custom.value \u003d not self.custom.value"
                      },
                      "scope": "G",
                      "type": "script"
                    }
                  }
                },
                "meta": {
                  "name": "Button_2"
                },
                "position": {
                  "height": 38,
                  "width": 70,
                  "x": 557.6,
                  "y": 151.009
                },
                "propConfig": {
                  "custom.value": {
                    "binding": {
                      "config": {
                        "bidirectional": true,
                        "fallbackDelay": 2.5,
                        "mode": "indirect",
                        "references": {
                          "path": "{view.params.path}"
                        },
                        "tagPath": "{path}/lineEncoder/Alarm/genAlarm"
                      },
                      "type": "tag"
                    }
                  },
                  "props.style.backgroundColor": {
                    "binding": {
                      "config": {
                        "path": "this.custom.value"
                      },
                      "transforms": [
                        {
                          "fallback": "#808080",
                          "inputType": "scalar",
                          "mappings": [
                            {
                              "input": false,
                              "output": "#808080"
                            },
                            {
                              "input": true,
                              "output": "#FFFFFF"
                            }
                          ],
                          "outputType": "color",
                          "type": "map"
                        }
                      ],
                      "type": "property"
                    }
                  }
                },
                "props": {
                  "style": {
                    "classes": "button",
                    "cursor": "pointer"
                  },
                  "text": "Line Enc"
                },
                "type": "ia.input.button"
              },
              {
                "events": {
                  "component": {
                    "onActionPerformed": {
                      "config": {
                        "script": "\tself.custom.value \u003d not self.custom.value"
                      },
                      "scope": "G",
                      "type": "script"
                    }
                  }
                },
                "meta": {
                  "name": "Button_3"
                },
                "position": {
                  "height": 38,
                  "width": 70,
                  "x": 643.6,
                  "y": 151.009
                },
                "propConfig": {
                  "custom.value": {
                    "binding": {
                      "config": {
                        "bidirectional": true,
                        "fallbackDelay": 2.5,
                        "mode": "indirect",
                        "references": {
                          "path": "{view.params.path}"
                        },
                        "tagPath": "{path}/robot/Alarm/genAlarm"
                      },
                      "type": "tag"
                    }
                  },
                  "props.style.backgroundColor": {
                    "binding": {
                      "config": {
                        "path": "this.custom.value"
                      },
                      "transforms": [
                        {
                          "fallback": "#808080",
                          "inputType": "scalar",
                          "mappings": [
                            {
                              "input": false,
                              "output": "#808080"
                            },
                            {
                              "input": true,
                              "output": "#FFFFFF"
                            }
                          ],
                          "outputType": "color",
                          "type": "map"
                        }
                      ],
                      "type": "property"
                    }
                  }
                },
                "props": {
                  "style": {
                    "classes": "button",
                    "cursor": "pointer"
                  },
                  "text": "Robot"
                },
                "type": "ia.input.button"
              },
              {
                "custom": {
                  "key": 5
                },
                "events": {
                  "component": {
                    "onActionPerformed": {
                      "config": {
                        "script": "\tif self.custom.state !\u003d self.custom.key:\n\t\tself.custom.state \u003d self.custom.key\n\telse:\n\t\tself.custom.state \u003d -99"
                      },
                      "scope": "G",
                      "type": "script"
                    }
                  }
                },
                "meta": {
                  "name": "Button_14"
                },
                "position": {
                  "height": 38,
                  "width": 100,
                  "x": 802.7993431091309,
                  "y": 281.8
                },
                "propConfig": {
                  "custom.state": {
                    "binding": {
                      "config": {
                        "bidirectional": true,
                        "fallbackDelay": 2.5,
                        "mode": "indirect",
                        "references": {
                          "1": "{view.params.path}"
                        },
                        "tagPath": "{1}/In/state"
                      },
                      "type": "tag"
                    }
                  },
                  "props.style.backgroundColor": {
                    "binding": {
                      "config": {
                        "path": "this.custom.state"
                      },
                      "transforms": [
                        {
                          "expression": "if({value} \u003d {this.custom.key}, true, false)",
                          "type": "expression"
                        },
                        {
                          "fallback": "#000000",
                          "inputType": "scalar",
                          "mappings": [
                            {
                              "input": false,
                              "output": "#808080"
                            },
                            {
                              "input": true,
                              "output": "#FFFFFF"
                            }
                          ],
                          "outputType": "color",
                          "type": "map"
                        }
                      ],
                      "type": "property"
                    }
                  }
                },
                "props": {
                  "style": {
                    "classes": "button",
                    "cursor": "pointer"
                  },
                  "text": "Yaw Disabled"
                },
                "type": "ia.input.button"
              },
              {
                "custom": {
                  "key": 4
                },
                "events": {
                  "component": {
                    "onActionPerformed": {
                      "config": {
                        "script": "\tif self.custom.state !\u003d self.custom.key:\n\t\tself.custom.state \u003d self.custom.key\n\telse:\n\t\tself.custom.state \u003d -99"
                      },
                      "scope": "G",
                      "type": "script"
                    }
                  }
                },
                "meta": {
                  "name": "Button_13"
                },
                "position": {
                  "height": 38,
                  "width": 100,
                  "x": 696.8353431091308,
                  "y": 281.8
                },
                "propConfig": {
                  "custom.state": {
                    "binding": {
                      "config": {
                        "bidirectional": true,
                        "fallbackDelay": 2.5,
                        "mode": "indirect",
                        "references": {
                          "1": "{view.params.path}"
                        },
                        "tagPath": "{1}/In/state"
                      },
                      "type": "tag"
                    }
                  },
                  "props.style.backgroundColor": {
                    "binding": {
                      "config": {
                        "path": "this.custom.state"
                      },
                      "transforms": [
                        {
                          "expression": "if({value} \u003d {this.custom.key}, true, false)",
                          "type": "expression"
                        },
                        {
                          "fallback": "#000000",
                          "inputType": "scalar",
                          "mappings": [
                            {
                              "input": false,
                              "output": "#808080"
                            },
                            {
                              "input": true,
                              "output": "#FFFFFF"
                            }
                          ],
                          "outputType": "color",
                          "type": "map"
                        }
                      ],
                      "type": "property"
                    }
                  }
                },
                "props": {
                  "style": {
                    "classes": "button",
                    "cursor": "pointer"
                  },
                  "text": "Faulted"
                },
                "type": "ia.input.button"
              },
              {
                "custom": {
                  "key": 3
                },
                "events": {
                  "component": {
                    "onActionPerformed": {
                      "config": {
                        "script": "\tif self.custom.state !\u003d self.custom.key:\n\t\tself.custom.state \u003d self.custom.key\n\telse:\n\t\tself.custom.state \u003d -99"
                      },
                      "scope": "G",
                      "type": "script"
                    }
                  }
                },
                "meta": {
                  "name": "Button_12"
                },
                "position": {
                  "height": 38,
                  "width": 100,
                  "x": 591.4583431091309,
                  "y": 281.8
                },
                "propConfig": {
                  "custom.state": {
                    "binding": {
                      "config": {
                        "bidirectional": true,
                        "fallbackDelay": 2.5,
                        "mode": "indirect",
                        "references": {
                          "1": "{view.params.path}"
                        },
                        "tagPath": "{1}/In/state"
                      },
                      "type": "tag"
                    }
                  },
                  "props.style.backgroundColor": {
                    "binding": {
                      "config": {
                        "path": "this.custom.state"
                      },
                      "transforms": [
                        {
                          "expression": "if({value} \u003d {this.custom.key}, true, false)",
                          "type": "expression"
                        },
                        {
                          "fallback": "#000000",
                          "inputType": "scalar",
                          "mappings": [
                            {
                              "input": false,
                              "output": "#808080"
                            },
                            {
                              "input": true,
                              "output": "#FFFFFF"
                            }
                          ],
                          "outputType": "color",
                          "type": "map"
                        }
                      ],
                      "type": "property"
                    }
                  }
                },
                "props": {
                  "style": {
                    "classes": "button",
                    "cursor": "pointer"
                  },
                  "text": "No Comm"
                },
                "type": "ia.input.button"
              },
              {
                "meta": {
                  "name": "Label_2"
                },
                "position": {
                  "height": 29,
                  "width": 774,
                  "x": 205,
                  "y": 243
                },
                "props": {
                  "style": {
                    "borderBottomStyle": "solid",
                    "borderBottomWidth": 1,
                    "borderLeftStyle": "none",
                    "borderRightStyle": "none",
                    "borderTopStyle": "none",
                    "classes": "label"
                  },
                  "text": "Test States"
                },
                "type": "ia.display.label"
              },
              {
                "meta": {
                  "name": "Label_3"
                },
                "position": {
                  "height": 29,
                  "width": 774,
                  "x": 202.015625,
                  "y": 5.015625
                },
                "props": {
                  "style": {
                    "borderBottomStyle": "solid",
                    "borderBottomWidth": 1,
                    "borderLeftStyle": "none",
                    "borderRightStyle": "none",
                    "borderTopStyle": "none",
                    "classes": "label"
                  },
                  "text": "Test Modes"
                },
                "type": "ia.display.label"
              },
              {
                "custom": {
                  "key": 4
                },
                "events": {
                  "component": {
                    "onActionPerformed": {
                      "config": {
                        "script": "\tif self.custom.mode !\u003d self.custom.key:\n\t\tself.custom.mode \u003d self.custom.key\n\telse:\n\t\tself.custom.mode \u003d 99"
                      },
                      "scope": "G",
                      "type": "script"
                    }
                  }
                },
                "meta": {
                  "name": "Button_15"
                },
                "position": {
                  "height": 38,
                  "width": 100,
                  "x": 748.8423086547851,
                  "y": 43
                },
                "propConfig": {
                  "custom.mode": {
                    "binding": {
                      "config": {
                        "bidirectional": true,
                        "fallbackDelay": 2.5,
                        "mode": "indirect",
                        "references": {
                          "1": "{view.params.path}"
                        },
                        "tagPath": "{1}/In/mode"
                      },
                      "type": "tag"
                    }
                  },
                  "props.style.backgroundColor": {
                    "binding": {
                      "config": {
                        "path": "this.custom.mode"
                      },
                      "transforms": [
                        {
                          "expression": "if({value} \u003d {this.custom.key}, true, false)",
                          "type": "expression"
                        },
                        {
                          "fallback": "#000000",
                          "inputType": "scalar",
                          "mappings": [
                            {
                              "input": false,
                              "output": "#808080"
                            },
                            {
                              "input": true,
                              "output": "#FFFFFF"
                            }
                          ],
                          "outputType": "color",
                          "type": "map"
                        }
                      ],
                      "type": "property"
                    }
                  }
                },
                "props": {
                  "style": {
                    "classes": "button",
                    "cursor": "pointer"
                  },
                  "text": "Add/Remove"
                },
                "type": "ia.input.button"
              },
              {
                "custom": {
                  "keyMode": 0,
                  "keyState": 0
                },
                "events": {
                  "component": {
                    "onActionPerformed": {
                      "config": {
                        "script": "\tif self.custom.mode !\u003d self.custom.keyMode:\n\t\tself.custom.mode \u003d self.custom.keyMode\n\telse:\n\t\tself.custom.mode \u003d 99\n\tif self.custom.state !\u003d self.custom.keyState:\n\t\tself.custom.state \u003d self.custom.keyState\n\telse:\n\t\tself.custom.state \u003d -99"
                      },
                      "scope": "G",
                      "type": "script"
                    }
                  }
                },
                "meta": {
                  "name": "Button_16"
                },
                "position": {
                  "height": 38,
                  "width": 100,
                  "x": 274.016,
                  "y": 281.8
                },
                "propConfig": {
                  "custom.mode": {
                    "binding": {
                      "config": {
                        "bidirectional": true,
                        "fallbackDelay": 2.5,
                        "mode": "indirect",
                        "references": {
                          "path": "{view.params.path}"
                        },
                        "tagPath": "{path}/In/mode"
                      },
                      "type": "tag"
                    }
                  },
                  "custom.state": {
                    "binding": {
                      "config": {
                        "bidirectional": true,
                        "fallbackDelay": 2.5,
                        "mode": "indirect",
                        "references": {
                          "path": "{view.params.path}"
                        },
                        "tagPath": "{path}/In/state"
                      },
                      "type": "tag"
                    }
                  },
                  "props.style.backgroundColor": {
                    "binding": {
                      "config": {
                        "path": "this.custom.mode"
                      },
                      "transforms": [
                        {
                          "expression": "if({value} \u003d {this.custom.keyMode}, true, false)",
                          "type": "expression"
                        },
                        {
                          "fallback": "#000000",
                          "inputType": "scalar",
                          "mappings": [
                            {
                              "input": false,
                              "output": "#808080"
                            },
                            {
                              "input": true,
                              "output": "#FFFFFF"
                            }
                          ],
                          "outputType": "color",
                          "type": "map"
                        }
                      ],
                      "type": "property"
                    }
                  }
                },
                "props": {
                  "style": {
                    "classes": "button",
                    "cursor": "pointer"
                  },
                  "text": "Disable"
                },
                "type": "ia.input.button"
              },
              {
                "custom": {
                  "keyMode": 1,
                  "keyState": 2
                },
                "events": {
                  "component": {
                    "onActionPerformed": {
                      "config": {
                        "script": "\tif self.custom.mode !\u003d self.custom.keyMode:\n\t\tself.custom.mode \u003d self.custom.keyMode\n\telse:\n\t\tself.custom.mode \u003d 99\n\tif self.custom.state !\u003d self.custom.keyState:\n\t\tself.custom.state \u003d self.custom.keyState\n\telse:\n\t\tself.custom.state \u003d -99"
                      },
                      "scope": "G",
                      "type": "script"
                    }
                  }
                },
                "meta": {
                  "name": "Button_17"
                },
                "position": {
                  "height": 38,
                  "width": 100,
                  "x": 486.016,
                  "y": 281.8
                },
                "propConfig": {
                  "custom.mode": {
                    "binding": {
                      "config": {
                        "bidirectional": true,
                        "fallbackDelay": 2.5,
                        "mode": "indirect",
                        "references": {
                          "1": "{view.params.path}"
                        },
                        "tagPath": "{1}/In/mode"
                      },
                      "type": "tag"
                    }
                  },
                  "custom.state": {
                    "binding": {
                      "config": {
                        "bidirectional": true,
                        "fallbackDelay": 2.5,
                        "mode": "indirect",
                        "references": {
                          "1": "{view.params.path}"
                        },
                        "tagPath": "{1}/In/state"
                      },
                      "type": "tag"
                    }
                  },
                  "props.style.backgroundColor": {
                    "binding": {
                      "config": {
                        "path": "this.custom.mode"
                      },
                      "transforms": [
                        {
                          "expression": "if({value} \u003d {this.custom.keyMode}, true, false)",
                          "type": "expression"
                        },
                        {
                          "fallback": "#000000",
                          "inputType": "scalar",
                          "mappings": [
                            {
                              "input": false,
                              "output": "#808080"
                            },
                            {
                              "input": true,
                              "output": "#FFFFFF"
                            }
                          ],
                          "outputType": "color",
                          "type": "map"
                        }
                      ],
                      "type": "property"
                    }
                  }
                },
                "props": {
                  "style": {
                    "classes": "button",
                    "cursor": "pointer"
                  },
                  "text": "ADA"
                },
                "type": "ia.input.button"
              }
            ],
            "meta": {
              "name": "maintCoordinateContainer"
            },
            "position": {
              "tabIndex": 1
            },
            "props": {
              "style": {
                "backgroundColor": "#555555"
              }
            },
            "type": "ia.container.coord"
          },
          {
            "children": [
              {
                "meta": {
                  "name": "AlarmStatusTable"
                },
                "position": {
                  "height": 823,
                  "width": 1176
                },
                "propConfig": {
                  "props.filters.active.conditions.source": {
                    "binding": {
                      "config": {
                        "path": "view.custom.almPath"
                      },
                      "transforms": [
                        {
                          "expression": "\u0027*\u0027 + {value} + \u0027/*\u0027",
                          "type": "expression"
                        }
                      ],
                      "type": "property"
                    }
                  }
                },
                "props": {
                  "columns": {
                    "active": {
                      "activeTime": {
                        "width": 100
                      },
                      "displayPath": {
                        "width": 150
                      },
                      "name": {
                        "enabled": false
                      },
                      "priority": {
                        "enabled": false
                      },
                      "source": {
                        "enabled": false
                      },
                      "state": {
                        "width": 100
                      }
                    }
                  },
                  "dateFormat": "MM/DD/YY HH:mm:ss",
                  "filters": {
                    "active": {
                      "conditions": {}
                    }
                  },
                  "style": {
                    "backgroundColor": "#555555"
                  },
                  "toolbar": {
                    "enabled": false
                  }
                },
                "type": "ia.display.alarmstatustable"
              }
            ],
            "meta": {
              "name": "alarmCoordinateContainer"
            },
            "position": {
              "tabIndex": 3
            },
            "props": {
              "style": {
                "backgroundColor": "#555555"
              }
            },
            "type": "ia.container.coord"
          },
          {
            "children": [
              {
                "meta": {
                  "name": "TimeSeriesChart"
                },
                "position": {
                  "height": 766,
                  "width": 1168,
                  "x": 4.483809999999949,
                  "y": 5.9612
                },
                "propConfig": {
                  "props.series[0].data": {
                    "binding": {
                      "config": {
                        "path": "view.params.path"
                      },
                      "transforms": [
                        {
                          "code": "\tpath \u003d value\n\tdata \u003d []\n\t\n\thistPaths \u003d []\n\tlinePosPath \u003d path + \u0027/lineEncoder/In/actualPos\u0027\n\thistPaths.append(linePosPath)\n\tyaw1Path \u003d path + \u0027/axis1/In/actualPos\u0027\n\thistPaths.append(yaw1Path)\n\tyaw2Path \u003d path + \u0027/axis2/In/actualPos\u0027\n\thistPaths.append(yaw2Path)\n\t\n\tendTime \u003d system.date.now()\n\tstartTime \u003d system.date.addHours(endTime, -8)\n\t\n\tdsHist \u003d system.tag.queryTagHistory(paths \u003d histPaths, startDate \u003d startTime, endDate \u003d endTime, returnSize \u003d 250, aggregationMode \u003d \u0027Average\u0027)\n\trows \u003d dsHist.getRowCount()\n\tif rows \u003e 0:\n\t\tfor row in range(rows):\n\t\t\ttime \u003d dsHist.getValueAt(row, 0)\n\t\t\tepoch \u003d system.date.secondsBetween(system.date.getDate(1970, 1, 1), time)\n\t\t\tlinePos \u003d dsHist.getValueAt(row, 1)\n\t\t\tyaw1Pos \u003d dsHist.getValueAt(row, 2)\n\t\t\tyaw2Pos \u003d dsHist.getValueAt(row, 3)\n\t\t\tdict \u003d {\"Position\":linePos, \"YawCar1\":yaw1Pos, \"YawCar2\":yaw2Pos, \"time\":epoch}\n\t\t\tdata.append(dict)\n\t\t\t\n\treturn data",
                          "type": "script"
                        }
                      ],
                      "type": "property"
                    }
                  }
                },
                "props": {
                  "defaultStyles": {
                    "colorScheme": "Spectral"
                  },
                  "series": [
                    {
                      "name": "RV"
                    }
                  ],
                  "timeAxis": {
                    "color": "#FFFFFF"
                  }
                },
                "type": "ia.chart.timeseries"
              },
              {
                "events": {
                  "dom": {
                    "onClick": {
                      "config": {
                        "draggable": true,
                        "id": "{/root/TabContainer/trendCoordinateContainer/Button.custom.id}",
                        "modal": false,
                        "overlayDismiss": false,
                        "resizable": true,
                        "showCloseIcon": false,
                        "type": "open",
                        "viewParams": {
                          "id": "{/root/TabContainer/trendCoordinateContainer/Button.custom.id}",
                          "path": "{view.params.path}"
                        },
                        "viewPath": "AdHocTrends/AdHocTrendsWrap"
                      },
                      "scope": "C",
                      "type": "popup"
                    }
                  }
                },
                "meta": {
                  "name": "Button"
                },
                "position": {
                  "height": 40,
                  "width": 101,
                  "x": 537,
                  "y": 776.901
                },
                "propConfig": {
                  "custom.id": {
                    "binding": {
                      "config": {
                        "path": "view.params.id"
                      },
                      "transforms": [
                        {
                          "expression": "{value} + \u0027/AdHocTrend\u0027",
                          "type": "expression"
                        }
                      ],
                      "type": "property"
                    }
                  }
                },
                "props": {
                  "style": {
                    "classes": "button",
                    "cursor": "pointer"
                  },
                  "text": "Ad Hoc Trend"
                },
                "type": "ia.input.button"
              }
            ],
            "meta": {
              "name": "trendCoordinateContainer"
            },
            "position": {
              "tabIndex": 2
            },
            "props": {
              "style": {
                "backgroundColor": "#555555"
              }
            },
            "type": "ia.container.coord"
          },
          {
            "children": [
              {
                "meta": {
                  "name": "txtDevDesc"
                },
                "position": {
                  "height": 20,
                  "width": 180,
                  "x": 193.5,
                  "y": 15
                },
                "propConfig": {
                  "props.text": {
                    "binding": {
                      "config": {
                        "bidirectional": true,
                        "fallbackDelay": 2.5,
                        "mode": "indirect",
                        "references": {
                          "path": "{view.params.path}"
                        },
                        "tagPath": "{path}/metaData/Description"
                      },
                      "type": "tag"
                    }
                  }
                },
                "type": "ia.input.text-field"
              },
              {
                "meta": {
                  "name": "lblDevDesc"
                },
                "position": {
                  "height": 20,
                  "width": 146,
                  "x": 42.5,
                  "y": 15
                },
                "props": {
                  "style": {
                    "color": "#FFFFFF"
                  },
                  "text": "Device Description:"
                },
                "type": "ia.display.label"
              },
              {
                "meta": {
                  "name": "lblServos"
                },
                "position": {
                  "height": 20,
                  "width": 341,
                  "x": 42.5,
                  "y": 235
                },
                "props": {
                  "style": {
                    "borderBottomColor": "#FFFFFF",
                    "borderBottomStyle": "solid",
                    "borderBottomWidth": 1,
                    "color": "#FFFFFF"
                  },
                  "text": "Servos"
                },
                "type": "ia.display.label"
              },
              {
                "meta": {
                  "name": "lblServo1Desc"
                },
                "position": {
                  "height": 20,
                  "width": 146,
                  "x": 42.5,
                  "y": 260
                },
                "props": {
                  "style": {
                    "color": "#FFFFFF"
                  },
                  "text": "Servo 1 Description:"
                },
                "type": "ia.display.label"
              },
              {
                "meta": {
                  "name": "lblServo2Desc"
                },
                "position": {
                  "height": 20,
                  "width": 146,
                  "x": 42.5,
                  "y": 285
                },
                "props": {
                  "style": {
                    "color": "#FFFFFF"
                  },
                  "text": "Servo 2 Description:"
                },
                "type": "ia.display.label"
              },
              {
                "meta": {
                  "name": "lblServo4Desc"
                },
                "position": {
                  "height": 20,
                  "width": 146,
                  "x": 42.5,
                  "y": 335
                },
                "props": {
                  "style": {
                    "color": "#FFFFFF"
                  },
                  "text": "Servo 4 Description:"
                },
                "type": "ia.display.label"
              },
              {
                "meta": {
                  "name": "lblServo3Desc"
                },
                "position": {
                  "height": 20,
                  "width": 146,
                  "x": 42.5,
                  "y": 310
                },
                "props": {
                  "style": {
                    "color": "#FFFFFF"
                  },
                  "text": "Servo 3 Description:"
                },
                "type": "ia.display.label"
              },
              {
                "meta": {
                  "name": "lblVFD4Desc"
                },
                "position": {
                  "height": 20,
                  "width": 146,
                  "x": 42.5,
                  "y": 205
                },
                "props": {
                  "style": {
                    "color": "#FFFFFF"
                  },
                  "text": "VFD 4 Description:"
                },
                "type": "ia.display.label"
              },
              {
                "meta": {
                  "name": "lblVFD3Desc"
                },
                "position": {
                  "height": 20,
                  "width": 146,
                  "x": 42.5,
                  "y": 180
                },
                "props": {
                  "style": {
                    "color": "#FFFFFF"
                  },
                  "text": "VFD 3 Description:"
                },
                "type": "ia.display.label"
              },
              {
                "meta": {
                  "name": "lblVFD2Desc"
                },
                "position": {
                  "height": 20,
                  "width": 146,
                  "x": 42.5,
                  "y": 155
                },
                "props": {
                  "style": {
                    "color": "#FFFFFF"
                  },
                  "text": "VFD 2 Description:"
                },
                "type": "ia.display.label"
              },
              {
                "meta": {
                  "name": "lblVFD1Desc"
                },
                "position": {
                  "height": 20,
                  "width": 146,
                  "x": 42.5,
                  "y": 130
                },
                "props": {
                  "style": {
                    "color": "#FFFFFF"
                  },
                  "text": "VFD 1 Description:"
                },
                "type": "ia.display.label"
              },
              {
                "meta": {
                  "name": "lblVFDs"
                },
                "position": {
                  "height": 20,
                  "width": 341,
                  "x": 42.5,
                  "y": 105
                },
                "props": {
                  "style": {
                    "borderBottomColor": "#FFFFFF",
                    "borderBottomStyle": "solid",
                    "borderBottomWidth": 1,
                    "color": "#FFFFFF"
                  },
                  "text": "VFDs"
                },
                "type": "ia.display.label"
              },
              {
                "meta": {
                  "name": "lblCtrlSys"
                },
                "position": {
                  "height": 20,
                  "width": 341,
                  "x": 42.5,
                  "y": 50
                },
                "props": {
                  "style": {
                    "borderBottomColor": "#FFFFFF",
                    "borderBottomStyle": "solid",
                    "borderBottomWidth": 1,
                    "color": "#FFFFFF"
                  },
                  "text": "Control System"
                },
                "type": "ia.display.label"
              },
              {
                "meta": {
                  "name": "lblCtrlSysDesc"
                },
                "position": {
                  "height": 20,
                  "width": 146,
                  "x": 42.5,
                  "y": 75
                },
                "props": {
                  "style": {
                    "color": "#FFFFFF"
                  },
                  "text": "Description:"
                },
                "type": "ia.display.label"
              },
              {
                "meta": {
                  "name": "lblLineEnc"
                },
                "position": {
                  "height": 20,
                  "width": 341,
                  "x": 42.5,
                  "y": 364
                },
                "props": {
                  "style": {
                    "borderBottomColor": "#FFFFFF",
                    "borderBottomStyle": "solid",
                    "borderBottomWidth": 1,
                    "color": "#FFFFFF"
                  },
                  "text": "Line Encoder"
                },
                "type": "ia.display.label"
              },
              {
                "meta": {
                  "name": "lblLineEncDesc"
                },
                "position": {
                  "height": 20,
                  "width": 146,
                  "x": 42.5,
                  "y": 389
                },
                "props": {
                  "style": {
                    "color": "#FFFFFF"
                  },
                  "text": "Description:"
                },
                "type": "ia.display.label"
              },
              {
                "meta": {
                  "name": "txtCtrlSysDes"
                },
                "position": {
                  "height": 20,
                  "width": 180,
                  "x": 193.5,
                  "y": 75
                },
                "propConfig": {
                  "props.text": {
                    "binding": {
                      "config": {
                        "bidirectional": true,
                        "fallbackDelay": 2.5,
                        "mode": "indirect",
                        "references": {
                          "path": "{view.params.path}"
                        },
                        "tagPath": "{path}/ctlSystem/metaData/Description"
                      },
                      "type": "tag"
                    }
                  }
                },
                "type": "ia.input.text-field"
              },
              {
                "meta": {
                  "name": "txtVFD1Desc"
                },
                "position": {
                  "height": 20,
                  "width": 180,
                  "x": 193.5,
                  "y": 130
                },
                "propConfig": {
                  "props.text": {
                    "binding": {
                      "config": {
                        "bidirectional": true,
                        "fallbackDelay": 2.5,
                        "mode": "indirect",
                        "references": {
                          "path": "{view.params.path}"
                        },
                        "tagPath": "{path}/vfd1/metaData/Description"
                      },
                      "type": "tag"
                    }
                  }
                },
                "type": "ia.input.text-field"
              },
              {
                "meta": {
                  "name": "txtVFD2Desc"
                },
                "position": {
                  "height": 20,
                  "width": 180,
                  "x": 193.5,
                  "y": 155
                },
                "propConfig": {
                  "props.text": {
                    "binding": {
                      "config": {
                        "bidirectional": true,
                        "fallbackDelay": 2.5,
                        "mode": "indirect",
                        "references": {
                          "path": "{view.params.path}"
                        },
                        "tagPath": "{path}/vfd2/metaData/Description"
                      },
                      "type": "tag"
                    }
                  }
                },
                "type": "ia.input.text-field"
              },
              {
                "meta": {
                  "name": "txtVFD3Desc"
                },
                "position": {
                  "height": 20,
                  "width": 180,
                  "x": 193.5,
                  "y": 180
                },
                "propConfig": {
                  "props.text": {
                    "binding": {
                      "config": {
                        "bidirectional": true,
                        "fallbackDelay": 2.5,
                        "mode": "indirect",
                        "references": {
                          "path": "{view.params.path}"
                        },
                        "tagPath": "{path}/vfd3/metaData/Description"
                      },
                      "type": "tag"
                    }
                  }
                },
                "type": "ia.input.text-field"
              },
              {
                "meta": {
                  "name": "txtVFD4Desc"
                },
                "position": {
                  "height": 20,
                  "width": 180,
                  "x": 193.5,
                  "y": 205
                },
                "propConfig": {
                  "props.text": {
                    "binding": {
                      "config": {
                        "bidirectional": true,
                        "fallbackDelay": 2.5,
                        "mode": "indirect",
                        "references": {
                          "path": "{view.params.path}"
                        },
                        "tagPath": "{path}/vfd4/metaData/Description"
                      },
                      "type": "tag"
                    }
                  }
                },
                "type": "ia.input.text-field"
              },
              {
                "meta": {
                  "name": "txtServo1Desc"
                },
                "position": {
                  "height": 20,
                  "width": 180,
                  "x": 193.5,
                  "y": 260
                },
                "propConfig": {
                  "props.text": {
                    "binding": {
                      "config": {
                        "bidirectional": true,
                        "fallbackDelay": 2.5,
                        "mode": "indirect",
                        "references": {
                          "path": "{view.params.path}"
                        },
                        "tagPath": "{path}/axis1/metaData/Description"
                      },
                      "type": "tag"
                    }
                  }
                },
                "type": "ia.input.text-field"
              },
              {
                "meta": {
                  "name": "txtServo2Desc"
                },
                "position": {
                  "height": 20,
                  "width": 180,
                  "x": 193.5,
                  "y": 285
                },
                "propConfig": {
                  "props.text": {
                    "binding": {
                      "config": {
                        "bidirectional": true,
                        "fallbackDelay": 2.5,
                        "mode": "indirect",
                        "references": {
                          "path": "{view.params.path}"
                        },
                        "tagPath": "{path}/axis2/metaData/Description"
                      },
                      "type": "tag"
                    }
                  }
                },
                "type": "ia.input.text-field"
              },
              {
                "meta": {
                  "name": "txtServo3Desc"
                },
                "position": {
                  "height": 20,
                  "width": 180,
                  "x": 193.5,
                  "y": 310
                },
                "propConfig": {
                  "props.text": {
                    "binding": {
                      "config": {
                        "bidirectional": true,
                        "fallbackDelay": 2.5,
                        "mode": "indirect",
                        "references": {
                          "path": "{view.params.path}"
                        },
                        "tagPath": "{path}/axis3/metaData/Description"
                      },
                      "type": "tag"
                    }
                  }
                },
                "type": "ia.input.text-field"
              },
              {
                "meta": {
                  "name": "txtServo4Desc"
                },
                "position": {
                  "height": 20,
                  "width": 180,
                  "x": 193.5,
                  "y": 335
                },
                "propConfig": {
                  "props.text": {
                    "binding": {
                      "config": {
                        "bidirectional": true,
                        "fallbackDelay": 2.5,
                        "mode": "indirect",
                        "references": {
                          "path": "{view.params.path}"
                        },
                        "tagPath": "{path}/axis4/metaData/Description"
                      },
                      "type": "tag"
                    }
                  }
                },
                "type": "ia.input.text-field"
              },
              {
                "meta": {
                  "name": "txtLineEncDesc"
                },
                "position": {
                  "height": 20,
                  "width": 180,
                  "x": 193.5,
                  "y": 389
                },
                "propConfig": {
                  "props.text": {
                    "binding": {
                      "config": {
                        "bidirectional": true,
                        "fallbackDelay": 2.5,
                        "mode": "indirect",
                        "references": {
                          "path": "{view.params.path}"
                        },
                        "tagPath": "{path}/lineEncoder/metaData/Description"
                      },
                      "type": "tag"
                    }
                  }
                },
                "type": "ia.input.text-field"
              },
              {
                "meta": {
                  "name": "EmbeddedView"
                },
                "position": {
                  "height": 316,
                  "width": 356,
                  "x": 404.5,
                  "y": 44.9211
                },
                "propConfig": {
                  "props.params.path": {
                    "binding": {
                      "config": {
                        "path": "view.params.path"
                      },
                      "transforms": [
                        {
                          "expression": "{value} + \u0027/robot\u0027",
                          "type": "expression"
                        }
                      ],
                      "type": "property"
                    }
                  }
                },
                "props": {
                  "params": {
                    "label": "RV Robot"
                  },
                  "path": "Templates/Equipment/Labels/robot"
                },
                "type": "ia.display.view"
              },
              {
                "meta": {
                  "name": "EmbeddedView_0"
                },
                "position": {
                  "height": 491,
                  "width": 354,
                  "x": 779.5,
                  "y": 44.8631
                },
                "propConfig": {
                  "props.params.path": {
                    "binding": {
                      "config": {
                        "path": "view.params.path"
                      },
                      "transforms": [
                        {
                          "expression": "{value} + \u0027/seatMod\u0027",
                          "type": "expression"
                        }
                      ],
                      "type": "property"
                    }
                  }
                },
                "props": {
                  "params": {
                    "label": "Seat Module"
                  },
                  "path": "Templates/Equipment/Labels/seatModule"
                },
                "type": "ia.display.view"
              }
            ],
            "meta": {
              "name": "labelsCoordinateContainer"
            },
            "position": {
              "tabIndex": 4
            },
            "props": {
              "style": {
                "backgroundColor": "#555555"
              }
            },
            "type": "ia.container.coord"
          }
        ],
        "meta": {
          "name": "TabContainer"
        },
        "position": {
          "height": 863,
          "width": 1177,
          "x": 1.998299999999972,
          "y": 1.9983000000000004
        },
        "props": {
          "menuStyle": {
            "backgroundColor": "#555555"
          },
          "tabSize": {
            "width": 130
          },
          "tabStyle": {
            "active": {
              "backgroundColor": "#EEEEEE",
              "borderBottomLeftRadius": 5,
              "borderBottomRightRadius": 5,
              "borderColor": "#000000",
              "borderStyle": "outset",
              "borderTopLeftRadius": 5,
              "borderTopRightRadius": 5,
              "borderWidth": 2
            },
            "inactive": {
              "backgroundColor": "#555555",
              "borderBottomLeftRadius": 5,
              "borderBottomRightRadius": 5,
              "borderColor": "#D5D5D5",
              "borderStyle": "outset",
              "borderTopLeftRadius": 5,
              "borderTopRightRadius": 5,
              "borderWidth": 2,
              "color": "#FFFFFF"
            }
          },
          "tabs": [
            {
              "viewPath": "Templates/Popups/tabIcons/home"
            },
            {
              "viewPath": "Templates/Popups/tabIcons/maintenance"
            },
            {
              "viewPath": "Templates/Popups/tabIcons/trend"
            },
            {
              "viewPath": "Templates/Popups/tabIcons/alarms"
            },
            {
              "viewPath": "Templates/Popups/tabIcons/labels"
            }
          ]
        },
        "type": "ia.container.tab"
      },
      {
        "events": {
          "component": {
            "onActionPerformed": {
              "config": {
                "draggable": true,
                "id": "{view.params.id}",
                "modal": false,
                "overlayDismiss": false,
                "resizable": true,
                "showCloseIcon": false,
                "type": "close",
                "viewPath": ""
              },
              "scope": "C",
              "type": "popup"
            }
          }
        },
        "meta": {
          "name": "Button_0"
        },
        "position": {
          "height": 40,
          "width": 85,
          "x": 547.9349831237793,
          "y": 871.88515
        },
        "props": {
          "style": {
            "classes": "button",
            "cursor": "pointer"
          },
          "text": "Close"
        },
        "type": "ia.input.button"
      }
    ],
    "events": {
      "system": {
        "onStartup": {
          "config": {
            "script": "\tself.getChild(\"TabContainer\").props.currentTabIndex \u003d 0"
          },
          "scope": "G",
          "type": "script"
        }
      }
    },
    "meta": {
      "name": "root"
    },
    "position": {
      "x": -268,
      "y": -188
    },
    "props": {
      "style": {
        "backgroundColor": "#555555",
        "borderBottomLeftRadius": 5,
        "borderBottomRightRadius": 5,
        "borderStyle": "outset",
        "borderTopLeftRadius": 5,
        "borderTopRightRadius": 5,
        "borderWidth": 3
      }
    },
    "type": "ia.container.coord"
  }
}