{
  "custom": {},
  "params": {
    "alertState": false,
    "name": "E-Stop OK:",
    "path": "[Park]epicUniverse"
  },
  "propConfig": {
    "params.alertState": {
      "paramDirection": "input",
      "persistent": true
    },
    "params.name": {
      "paramDirection": "input",
      "persistent": true
    },
    "params.path": {
      "paramDirection": "input",
      "persistent": true
    }
  },
  "props": {
    "defaultSize": {
      "height": 25,
      "width": 130
    }
  },
  "root": {
    "children": [
      {
        "meta": {
          "name": "lblName"
        },
        "position": {
          "basis": "105px"
        },
        "propConfig": {
          "props.text": {
            "binding": {
              "config": {
                "path": "view.params.name"
              },
              "type": "property"
            }
          }
        },
        "props": {
          "style": {
            "paddingLeft": 5
          }
        },
        "type": "ia.display.label"
      },
      {
        "meta": {
          "name": "EmbeddedView"
        },
        "position": {
          "basis": "25px"
        },
        "propConfig": {
          "props.params.state": {
            "binding": {
              "config": {
                "path": "view.params.alertState"
              },
              "transforms": [
                {
                  "fallback": null,
                  "inputType": "scalar",
                  "mappings": [
                    {
                      "input": true,
                      "output": 1
                    },
                    {
                      "input": false,
                      "output": 0
                    }
                  ],
                  "outputType": "scalar",
                  "type": "map"
                }
              ],
              "type": "property"
            }
          }
        },
        "props": {
          "path": "Templates/Indicators/Status/statusIconSet"
        },
        "type": "ia.display.view"
      }
    ],
    "meta": {
      "name": "root"
    },
    "type": "ia.container.flex"
  }
}