{
  "custom": {},
  "params": {
    "number": 1,
    "path": "",
    "showDetailed": 0
  },
  "propConfig": {
    "params.number": {
      "paramDirection": "input",
      "persistent": true
    },
    "params.path": {
      "paramDirection": "input",
      "persistent": true
    },
    "params.showDetailed": {
      "paramDirection": "input",
      "persistent": true
    }
  },
  "props": {
    "defaultSize": {
      "height": 185,
      "width": 200
    }
  },
  "root": {
    "children": [
      {
        "meta": {
          "name": "Label"
        },
        "position": {
          "basis": "28px"
        },
        "propConfig": {
          "props.text": {
            "binding": {
              "config": {
                "expression": "tag({view.params.path} + \u0027/\u0027 + {view.params.number} + \u0027/name\u0027)"
              },
              "type": "expr"
            }
          }
        },
        "props": {
          "style": {
            "borderBottomStyle": "solid",
            "borderBottomWidth": 1.5,
            "fontWeight": "bold",
            "paddingLeft": 3
          }
        },
        "type": "ia.display.label"
      },
      {
        "children": [
          {
            "children": [
              {
                "children": [
                  {
                    "children": [
                      {
                        "meta": {
                          "name": "path"
                        },
                        "props": {
                          "fill": {
                            "paint": "#E2F3FB",
                            "rule": "evenodd"
                          },
                          "path": "M50,0v16",
                          "stroke": {
                            "linecap": "round",
                            "paint": "#263238",
                            "width": "3.5"
                          }
                        },
                        "type": "ia.shapes.path"
                      },
                      {
                        "meta": {
                          "name": "path_0"
                        },
                        "props": {
                          "fill": {
                            "paint": "#E2F3FB",
                            "rule": "evenodd"
                          },
                          "path": "M100,50h-16",
                          "stroke": {
                            "linecap": "round",
                            "paint": "#263238",
                            "width": "3.5"
                          }
                        },
                        "type": "ia.shapes.path"
                      },
                      {
                        "meta": {
                          "name": "path_1"
                        },
                        "props": {
                          "fill": {
                            "paint": "#E2F3FB",
                            "rule": "evenodd"
                          },
                          "path": "M16,50h-16",
                          "stroke": {
                            "linecap": "round",
                            "paint": "#263238",
                            "width": "3.5"
                          }
                        },
                        "type": "ia.shapes.path"
                      },
                      {
                        "meta": {
                          "name": "path_2"
                        },
                        "props": {
                          "fill": {
                            "paint": "#E2F3FB",
                            "rule": "evenodd"
                          },
                          "path": "M85.3553,14.6447l-11.3137,11.3137",
                          "stroke": {
                            "linecap": "round",
                            "paint": "#263238",
                            "width": "3.5"
                          }
                        },
                        "type": "ia.shapes.path"
                      },
                      {
                        "meta": {
                          "name": "path_3"
                        },
                        "props": {
                          "fill": {
                            "paint": "#E2F3FB",
                            "rule": "evenodd"
                          },
                          "path": "M25.9584,74.0416l-11.3137,11.3137",
                          "stroke": {
                            "linecap": "round",
                            "paint": "#263238",
                            "width": "3.5"
                          }
                        },
                        "type": "ia.shapes.path"
                      },
                      {
                        "meta": {
                          "name": "path_4"
                        },
                        "props": {
                          "fill": {
                            "paint": "#E2F3FB",
                            "rule": "evenodd"
                          },
                          "path": "M25.9584,25.9584l-11.3137,-11.3137",
                          "stroke": {
                            "linecap": "round",
                            "paint": "#263238",
                            "width": "3.5"
                          }
                        },
                        "type": "ia.shapes.path"
                      },
                      {
                        "meta": {
                          "name": "path_5"
                        },
                        "props": {
                          "fill": {
                            "paint": "#FFF",
                            "rule": "evenodd"
                          },
                          "path": "M45.4086,71.0139c-0.0012407,-0.0681081 -0.0012407,-0.135 -0.0012407,-0.203108c0,-8.71784 7.236,-15.8108 16.1296,-15.8108c6.04985,0 11.4992,3.26554 14.2722,8.43568c1.31146,-0.740676 2.8078,-1.13838 4.33887,-1.13838c4.78802,0 8.68519,3.82014 8.68519,8.51351c0,0.152027 -0.0037222,0.304054 -0.0124074,0.456081c6.54491,1.63581 11.1791,7.40797 11.1791,14.1385c0,8.0477 -6.67891,14.5946 -14.8889,14.5946h-38.463c-0.162537,0 -0.31887,-0.0328378 -0.460315,-0.0936486c-7.54246,-0.836757 -13.1878,-7.01149 -13.1878,-14.5009c0,-7.11608 5.36124,-13.2215 12.4086,-14.3915v0v0Z",
                          "stroke": {
                            "linecap": "round",
                            "paint": "#263238",
                            "width": "3.5"
                          }
                        },
                        "type": "ia.shapes.path"
                      },
                      {
                        "meta": {
                          "name": "path_6"
                        },
                        "props": {
                          "fill": {
                            "paint": "#F7E07E",
                            "rule": "evenodd"
                          },
                          "path": "M74.4922,61.379c1.60928,-3.45797 2.5078,-7.31354 2.5078,-11.379c0,-14.9117 -12.0883,-27 -27,-27c-14.9117,0 -27,12.0883 -27,27c0,10.7008 6.22502,19.9476 15.2513,24.3167c1.99952,-1.67931 4.45442,-2.85404 7.15736,-3.30278c-0.0012407,-0.0681081 -0.0012407,-0.135 -0.0012407,-0.203108c0,-8.71784 7.236,-15.8108 16.1296,-15.8108c5.20245,0 9.96083,2.4148 12.9552,6.37898l1.4e-06,-3.1e-06Z",
                          "stroke": {
                            "linecap": "round",
                            "paint": "#263238",
                            "width": "3.5"
                          }
                        },
                        "type": "ia.shapes.path"
                      }
                    ],
                    "meta": {
                      "name": "group"
                    },
                    "props": {
                      "transform": "matrix(1,0,0,1,700,550)"
                    },
                    "type": "ia.shapes.group"
                  }
                ],
                "meta": {
                  "name": "group"
                },
                "props": {
                  "transform": "matrix(1,0,0,1,-698,-548)"
                },
                "type": "ia.shapes.group"
              }
            ],
            "meta": {
              "name": "partlyCloudy"
            },
            "position": {
              "basis": "40px"
            },
            "propConfig": {
              "position.display": {
                "binding": {
                  "config": {
                    "fallbackDelay": 2.5,
                    "mode": "indirect",
                    "references": {
                      "number": "{view.params.number}",
                      "path": "{view.params.path}"
                    },
                    "tagPath": "{path}/{number}/imageName"
                  },
                  "transforms": [
                    {
                      "expression": "if({value} \u003d \u0027partly cloudy\u0027, True, False)",
                      "type": "expression"
                    }
                  ],
                  "type": "tag"
                }
              }
            },
            "props": {
              "viewBox": "0 0 104 104"
            },
            "type": "ia.container.drawing"
          },
          {
            "children": [
              {
                "children": [
                  {
                    "children": [
                      {
                        "meta": {
                          "name": "path"
                        },
                        "props": {
                          "fill": {
                            "paint": "#EBF1F5",
                            "rule": "evenodd"
                          },
                          "path": "M18.5185,23.5405c0,-12.9799 10.8,-23.5405 24.0741,-23.5405c9.02963,0 17.163,4.86203 21.3019,12.5598c1.95741,-1.10278 4.19074,-1.69492 6.47593,-1.69492c7.1463,0 12.963,5.68776 12.963,12.6757c0,0.226351 -0.0055555,0.452703 -0.0185185,0.679054c9.76852,2.43554 16.6852,11.0296 16.6852,21.0507c0,11.9821 -9.96852,21.7297 -22.2222,21.7297c0,0 -57.8833,-0.0488919 -58.0944,-0.139432c-11.2574,-1.24584 -19.6833,-10.4393 -19.6833,-21.5903c0,-10.5951 8.00185,-19.6853 18.5204,-21.4273c-0.0018519,-0.101405 -0.0018519,-0.201 -0.0018519,-0.302405Z",
                          "stroke": {
                            "linecap": "round",
                            "paint": "#263238",
                            "width": "3.5"
                          }
                        },
                        "type": "ia.shapes.path"
                      },
                      {
                        "meta": {
                          "name": "path_0"
                        },
                        "props": {
                          "fill": {
                            "paint": "#D0E6FF",
                            "rule": "evenodd"
                          },
                          "path": "M34,83.2572c0,9.24681 7.2296,16.7428 16.1478,16.7428c8.91825,0 16.1438,-7.49594 16.1438,-16.7428c0,-9.24681 -16.1478,-33.2572 -16.1478,-33.2572c0,0 -16.1438,24.0104 -16.1438,33.2572v0Z",
                          "stroke": {
                            "linecap": "round",
                            "paint": "#263238",
                            "width": "3.5"
                          }
                        },
                        "type": "ia.shapes.path"
                      },
                      {
                        "meta": {
                          "name": "path_1"
                        },
                        "props": {
                          "fill": {
                            "paint": "#E2F3FB",
                            "rule": "evenodd"
                          },
                          "path": "M41.6904,79.7356c0,0 -1.22654,3.33119 0.0142951,6.85353c1.24083,3.52234 3.7598,4.58513 3.7598,4.58513",
                          "stroke": {
                            "linecap": "round",
                            "paint": "#263238",
                            "width": "3.5"
                          }
                        },
                        "type": "ia.shapes.path"
                      }
                    ],
                    "meta": {
                      "name": "group"
                    },
                    "props": {
                      "transform": "matrix(1,0,0,1,1300,956)"
                    },
                    "type": "ia.shapes.group"
                  }
                ],
                "meta": {
                  "name": "group"
                },
                "props": {
                  "transform": "matrix(1,0,0,1,-1298,-954)"
                },
                "type": "ia.shapes.group"
              }
            ],
            "meta": {
              "name": "lightRain"
            },
            "position": {
              "basis": "40px"
            },
            "propConfig": {
              "position.display": {
                "binding": {
                  "config": {
                    "fallbackDelay": 2.5,
                    "mode": "indirect",
                    "references": {
                      "number": "{view.params.number}",
                      "path": "{view.params.path}"
                    },
                    "tagPath": "{path}/{number}/imageName"
                  },
                  "transforms": [
                    {
                      "expression": "if({value} \u003d \u0027light rain\u0027, True, False)",
                      "type": "expression"
                    }
                  ],
                  "type": "tag"
                }
              }
            },
            "props": {
              "viewBox": "0 0 104 104"
            },
            "type": "ia.container.drawing"
          },
          {
            "children": [
              {
                "children": [
                  {
                    "children": [
                      {
                        "meta": {
                          "name": "path"
                        },
                        "props": {
                          "fill": {
                            "paint": "#EBF1F5",
                            "rule": "evenodd"
                          },
                          "path": "M23.0214,67h-6.31765c-0.198926,0 -0.390259,-0.0401351 -0.56337,-0.114459c-9.23107,-1.0227 -16.1403,-8.56959 -16.1403,-17.7234c0,-8.69743 6.56152,-16.1596 15.1867,-17.5896c-0.0015185,-0.0832433 -0.0015185,-0.165 -0.0015185,-0.248243c0,-10.6551 8.856,-19.3243 19.7407,-19.3243c7.4043,0 14.0736,3.99122 17.4675,10.3103c1.60507,-0.90527 3.43641,-1.39135 5.31026,-1.39135c5.85996,0 10.6296,4.66905 10.6296,10.4054c0,0.185811 -0.0045555,0.371622 -0.0151852,0.557433c8.01019,1.99932 13.6819,9.05419 13.6819,17.2804c0,9.83608 -8.17419,17.8378 -18.2222,17.8378h-8.28924",
                          "stroke": {
                            "linecap": "round",
                            "paint": "#263238",
                            "width": "3.5"
                          }
                        },
                        "type": "ia.shapes.path"
                      },
                      {
                        "meta": {
                          "name": "path_0"
                        },
                        "props": {
                          "fill": {
                            "paint": "#F7E07E",
                            "rule": "evenodd"
                          },
                          "path": "M34.861,76.6071l-6.04733,23.3929l24.1863,-28.5534h-10.7416l1.78918,-22.4466l-20.0475,27.6071Z",
                          "stroke": {
                            "linecap": "round",
                            "paint": "#263238",
                            "width": "3.5"
                          }
                        },
                        "type": "ia.shapes.path"
                      },
                      {
                        "meta": {
                          "name": "path_1"
                        },
                        "props": {
                          "fill": {
                            "paint": "#CFD8DC",
                            "rule": "evenodd"
                          },
                          "path": "M80.4797,42h5.7425c7.5973,0 13.7778,-6.11043 13.7778,-13.6216c0,-6.28184 -4.28833,-11.6692 -10.3448,-13.1959c0.008037,-0.141892 0.0114815,-0.283784 0.0114815,-0.425676c0,-4.38049 -3.60633,-7.94595 -8.03704,-7.94595c-1.41681,0 -2.80148,0.371189 -4.01507,1.06249c-2.56611,-4.82546 -7.60878,-7.8733 -13.2071,-7.8733c-8.22993,0 -14.9259,6.62011 -14.9259,14.7568c0,0.0635675 0,0.126 0.0011481,0.189568c-0.989166,0.165633 -1.94244,0.437241 -2.84794,0.802042c2.36509,1.7038 4.34579,3.93111 5.75875,6.5619c1.60507,-0.90527 3.43641,-1.39135 5.31026,-1.39135c5.85996,0 10.6296,4.66905 10.6296,10.4054c0,0.185811 -0.0045555,0.371622 -0.0151852,0.557433c5.54006,1.38279 9.9615,5.18388 12.1616,10.1182v0Z",
                          "stroke": {
                            "linecap": "round",
                            "paint": "#263238",
                            "width": "3.5"
                          }
                        },
                        "type": "ia.shapes.path"
                      }
                    ],
                    "meta": {
                      "name": "group"
                    },
                    "props": {
                      "transform": "matrix(1,0,0,1,1700,340)"
                    },
                    "type": "ia.shapes.group"
                  }
                ],
                "meta": {
                  "name": "group"
                },
                "props": {
                  "transform": "matrix(1,0,0,1,-1698,-338)"
                },
                "type": "ia.shapes.group"
              }
            ],
            "meta": {
              "name": "storms"
            },
            "position": {
              "basis": "40px"
            },
            "propConfig": {
              "position.display": {
                "binding": {
                  "config": {
                    "fallbackDelay": 2.5,
                    "mode": "indirect",
                    "references": {
                      "number": "{view.params.number}",
                      "path": "{view.params.path}"
                    },
                    "tagPath": "{path}/{number}/imageName"
                  },
                  "transforms": [
                    {
                      "expression": "if({value} \u003d \u0027storms\u0027, True, False)",
                      "type": "expression"
                    }
                  ],
                  "type": "tag"
                }
              }
            },
            "props": {
              "viewBox": "0 0 104 104"
            },
            "type": "ia.container.drawing"
          },
          {
            "children": [
              {
                "children": [
                  {
                    "children": [
                      {
                        "meta": {
                          "name": "path"
                        },
                        "props": {
                          "fill": {
                            "paint": "#EBF1F5",
                            "rule": "evenodd"
                          },
                          "path": "M15.1852,31.3243c0,-10.6551 8.856,-19.3243 19.7407,-19.3243c7.4043,0 14.0736,3.99122 17.4675,10.3103c1.60507,-0.90527 3.43641,-1.39135 5.31026,-1.39135c5.85996,0 10.6296,4.66905 10.6296,10.4054c0,0.185811 -0.0045555,0.371622 -0.0151852,0.557433c8.01019,1.99932 13.6819,9.05419 13.6819,17.2804c0,9.83608 -8.17419,17.8378 -18.2222,17.8378c0,0 -47.4643,-0.0401351 -47.6374,-0.114459c-9.23107,-1.0227 -16.1403,-8.56959 -16.1403,-17.7234c0,-8.69743 6.56152,-16.1596 15.1867,-17.5896c-0.0015185,-0.0832433 -0.0015185,-0.165 -0.0015185,-0.248243Z",
                          "stroke": {
                            "linecap": "round",
                            "paint": "#263238",
                            "width": "3.5"
                          }
                        },
                        "type": "ia.shapes.path"
                      },
                      {
                        "meta": {
                          "name": "path_0"
                        },
                        "props": {
                          "fill": {
                            "paint": "#CFD8DC",
                            "rule": "evenodd"
                          },
                          "path": "M80.4797,42h5.7425c7.5973,0 13.7778,-6.11043 13.7778,-13.6216c0,-6.28184 -4.28833,-11.6692 -10.3448,-13.1959c0.008037,-0.141892 0.0114815,-0.283784 0.0114815,-0.425676c0,-4.38049 -3.60633,-7.94595 -8.03704,-7.94595c-1.41681,0 -2.80148,0.371189 -4.01507,1.06249c-2.56611,-4.82546 -7.60878,-7.8733 -13.2071,-7.8733c-8.22993,0 -14.9259,6.62011 -14.9259,14.7568c0,0.0635675 0,0.126 0.0011481,0.189568c-0.989166,0.165633 -1.94244,0.437241 -2.84794,0.802042c2.36509,1.7038 4.34579,3.93111 5.75875,6.5619c1.60507,-0.90527 3.43641,-1.39135 5.31026,-1.39135c5.85996,0 10.6296,4.66905 10.6296,10.4054c0,0.185811 -0.0045555,0.371622 -0.0151852,0.557433c5.54006,1.38279 9.9615,5.18388 12.1616,10.1182v0Z",
                          "stroke": {
                            "linecap": "round",
                            "paint": "#263238",
                            "width": "3.5"
                          }
                        },
                        "type": "ia.shapes.path"
                      },
                      {
                        "meta": {
                          "name": "path_1"
                        },
                        "props": {
                          "fill": {
                            "paint": "#E2F3FB",
                            "rule": "evenodd"
                          },
                          "path": "M49.4941,77.2215l-5.95284,22.2163",
                          "stroke": {
                            "linecap": "round",
                            "paint": "#263238",
                            "width": "3.5"
                          }
                        },
                        "type": "ia.shapes.path"
                      },
                      {
                        "meta": {
                          "name": "path_2"
                        },
                        "props": {
                          "fill": {
                            "paint": "#E2F3FB",
                            "rule": "evenodd"
                          },
                          "path": "M32.7176,77.1193l-3.88229,14.4889",
                          "stroke": {
                            "linecap": "round",
                            "paint": "#263238",
                            "width": "3.5"
                          }
                        },
                        "type": "ia.shapes.path"
                      },
                      {
                        "meta": {
                          "name": "path_3"
                        },
                        "props": {
                          "fill": {
                            "paint": "#E2F3FB",
                            "rule": "evenodd"
                          },
                          "path": "M16.8117,77l-1.81173,6.76148",
                          "stroke": {
                            "linecap": "round",
                            "paint": "#263238",
                            "width": "3.5"
                          }
                        },
                        "type": "ia.shapes.path"
                      },
                      {
                        "meta": {
                          "name": "path_4"
                        },
                        "props": {
                          "fill": {
                            "paint": "#E2F3FB",
                            "rule": "evenodd"
                          },
                          "path": "M64.7176,77.1193l-4.1411,15.4548",
                          "stroke": {
                            "linecap": "round",
                            "paint": "#263238",
                            "width": "3.5"
                          }
                        },
                        "type": "ia.shapes.path"
                      }
                    ],
                    "meta": {
                      "name": "group"
                    },
                    "props": {
                      "transform": "matrix(1,0,0,1,1300,340)"
                    },
                    "type": "ia.shapes.group"
                  }
                ],
                "meta": {
                  "name": "group"
                },
                "props": {
                  "transform": "matrix(1,0,0,1,-1298,-338)"
                },
                "type": "ia.shapes.group"
              }
            ],
            "meta": {
              "name": "rain"
            },
            "position": {
              "basis": "40px"
            },
            "propConfig": {
              "position.display": {
                "binding": {
                  "config": {
                    "fallbackDelay": 2.5,
                    "mode": "indirect",
                    "references": {
                      "number": "{view.params.number}",
                      "path": "{view.params.path}"
                    },
                    "tagPath": "{path}/{number}/imageName"
                  },
                  "transforms": [
                    {
                      "expression": "if({value} \u003d \u0027rain\u0027, True, False)",
                      "type": "expression"
                    }
                  ],
                  "type": "tag"
                }
              }
            },
            "props": {
              "viewBox": "0 0 104 104"
            },
            "type": "ia.container.drawing"
          },
          {
            "children": [
              {
                "children": [
                  {
                    "children": [
                      {
                        "meta": {
                          "name": "path"
                        },
                        "props": {
                          "fill": {
                            "paint": "#F7E07E",
                            "rule": "evenodd"
                          },
                          "path": "M69.0919,30.9081c10.5442,10.5442 10.5442,27.6396 0,38.1838c-10.5442,10.5442 -27.6396,10.5442 -38.1838,0c-10.5442,-10.5442 -10.5442,-27.6396 -7.10543e-15,-38.1838c10.5442,-10.5442 27.6396,-10.5442 38.1838,-7.10543e-15",
                          "stroke": {
                            "linecap": "round",
                            "paint": "#263238",
                            "width": "3.5"
                          }
                        },
                        "type": "ia.shapes.path"
                      },
                      {
                        "meta": {
                          "name": "path_0"
                        },
                        "props": {
                          "fill": {
                            "paint": "#E2F3FB",
                            "rule": "evenodd"
                          },
                          "path": "M50,0v16",
                          "stroke": {
                            "linecap": "round",
                            "paint": "#263238",
                            "width": "3.5"
                          }
                        },
                        "type": "ia.shapes.path"
                      },
                      {
                        "meta": {
                          "name": "path_1"
                        },
                        "props": {
                          "fill": {
                            "paint": "#E2F3FB",
                            "rule": "evenodd"
                          },
                          "path": "M50,84v16",
                          "stroke": {
                            "linecap": "round",
                            "paint": "#263238",
                            "width": "3.5"
                          }
                        },
                        "type": "ia.shapes.path"
                      },
                      {
                        "meta": {
                          "name": "path_2"
                        },
                        "props": {
                          "fill": {
                            "paint": "#E2F3FB",
                            "rule": "evenodd"
                          },
                          "path": "M100,50h-16",
                          "stroke": {
                            "linecap": "round",
                            "paint": "#263238",
                            "width": "3.5"
                          }
                        },
                        "type": "ia.shapes.path"
                      },
                      {
                        "meta": {
                          "name": "path_3"
                        },
                        "props": {
                          "fill": {
                            "paint": "#E2F3FB",
                            "rule": "evenodd"
                          },
                          "path": "M16,50h-16",
                          "stroke": {
                            "linecap": "round",
                            "paint": "#263238",
                            "width": "3.5"
                          }
                        },
                        "type": "ia.shapes.path"
                      },
                      {
                        "meta": {
                          "name": "path_4"
                        },
                        "props": {
                          "fill": {
                            "paint": "#E2F3FB",
                            "rule": "evenodd"
                          },
                          "path": "M85.3553,14.6447l-11.3137,11.3137",
                          "stroke": {
                            "linecap": "round",
                            "paint": "#263238",
                            "width": "3.5"
                          }
                        },
                        "type": "ia.shapes.path"
                      },
                      {
                        "meta": {
                          "name": "path_5"
                        },
                        "props": {
                          "fill": {
                            "paint": "#E2F3FB",
                            "rule": "evenodd"
                          },
                          "path": "M25.9584,74.0416l-11.3137,11.3137",
                          "stroke": {
                            "linecap": "round",
                            "paint": "#263238",
                            "width": "3.5"
                          }
                        },
                        "type": "ia.shapes.path"
                      },
                      {
                        "meta": {
                          "name": "path_6"
                        },
                        "props": {
                          "fill": {
                            "paint": "#E2F3FB",
                            "rule": "evenodd"
                          },
                          "path": "M85.3553,85.3553l-11.3137,-11.3137",
                          "stroke": {
                            "linecap": "round",
                            "paint": "#263238",
                            "width": "3.5"
                          }
                        },
                        "type": "ia.shapes.path"
                      },
                      {
                        "meta": {
                          "name": "path_7"
                        },
                        "props": {
                          "fill": {
                            "paint": "#E2F3FB",
                            "rule": "evenodd"
                          },
                          "path": "M25.9584,25.9584l-11.3137,-11.3137",
                          "stroke": {
                            "linecap": "round",
                            "paint": "#263238",
                            "width": "3.5"
                          }
                        },
                        "type": "ia.shapes.path"
                      }
                    ],
                    "meta": {
                      "name": "group"
                    },
                    "props": {
                      "transform": "matrix(1,0,0,1,300,550)"
                    },
                    "type": "ia.shapes.group"
                  }
                ],
                "meta": {
                  "name": "group"
                },
                "props": {
                  "transform": "matrix(1,0,0,1,-298,-548)"
                },
                "type": "ia.shapes.group"
              }
            ],
            "meta": {
              "name": "clear"
            },
            "position": {
              "basis": "40px"
            },
            "propConfig": {
              "position.display": {
                "binding": {
                  "config": {
                    "fallbackDelay": 2.5,
                    "mode": "indirect",
                    "references": {
                      "number": "{view.params.number}",
                      "path": "{view.params.path}"
                    },
                    "tagPath": "{path}/{number}/imageName"
                  },
                  "transforms": [
                    {
                      "expression": "if({value} \u003d \u0027clear\u0027, True, False)",
                      "type": "expression"
                    }
                  ],
                  "type": "tag"
                }
              }
            },
            "props": {
              "viewBox": "0 0 104 104"
            },
            "type": "ia.container.drawing"
          },
          {
            "children": [
              {
                "children": [
                  {
                    "children": [
                      {
                        "meta": {
                          "name": "path"
                        },
                        "props": {
                          "fill": {
                            "paint": "#EBF1F5",
                            "rule": "evenodd"
                          },
                          "path": "M15.1852,31.3243c0,-10.6551 8.856,-19.3243 19.7407,-19.3243c7.4043,0 14.0736,3.99122 17.4675,10.3103c1.60507,-0.90527 3.43641,-1.39135 5.31026,-1.39135c5.85996,0 10.6296,4.66905 10.6296,10.4054c0,0.185811 -0.0045555,0.371622 -0.0151852,0.557433c8.01019,1.99932 13.6819,9.05419 13.6819,17.2804c0,9.83608 -8.17419,17.8378 -18.2222,17.8378c0,0 -47.4643,-0.0401351 -47.6374,-0.114459c-9.23107,-1.0227 -16.1403,-8.56959 -16.1403,-17.7234c0,-8.69743 6.56152,-16.1596 15.1867,-17.5896c-0.0015185,-0.0832433 -0.0015185,-0.165 -0.0015185,-0.248243Z",
                          "stroke": {
                            "linecap": "round",
                            "paint": "#263238",
                            "width": "3.5"
                          }
                        },
                        "type": "ia.shapes.path"
                      },
                      {
                        "meta": {
                          "name": "path_0"
                        },
                        "props": {
                          "fill": {
                            "paint": "#CFD8DC",
                            "rule": "evenodd"
                          },
                          "path": "M80.4797,42h5.7425c7.5973,0 13.7778,-6.11043 13.7778,-13.6216c0,-6.28184 -4.28833,-11.6692 -10.3448,-13.1959c0.008037,-0.141892 0.0114815,-0.283784 0.0114815,-0.425676c0,-4.38049 -3.60633,-7.94595 -8.03704,-7.94595c-1.41681,0 -2.80148,0.371189 -4.01507,1.06249c-2.56611,-4.82546 -7.60878,-7.8733 -13.2071,-7.8733c-8.22993,0 -14.9259,6.62011 -14.9259,14.7568c0,0.0635675 0,0.126 0.0011481,0.189568c-0.989166,0.165633 -1.94244,0.437241 -2.84794,0.802042c2.36509,1.7038 4.34579,3.93111 5.75875,6.5619c1.60507,-0.90527 3.43641,-1.39135 5.31026,-1.39135c5.85996,0 10.6296,4.66905 10.6296,10.4054c0,0.185811 -0.0045555,0.371622 -0.0151852,0.557433c5.54006,1.38279 9.9615,5.18388 12.1616,10.1182v0Z",
                          "stroke": {
                            "linecap": "round",
                            "paint": "#263238",
                            "width": "3.5"
                          }
                        },
                        "type": "ia.shapes.path"
                      }
                    ],
                    "meta": {
                      "name": "group"
                    },
                    "props": {
                      "transform": "matrix(1,0,0,1,1100,340)"
                    },
                    "type": "ia.shapes.group"
                  }
                ],
                "meta": {
                  "name": "group"
                },
                "props": {
                  "transform": "matrix(1,0,0,1,-1098,-338)"
                },
                "type": "ia.shapes.group"
              }
            ],
            "meta": {
              "name": "overcast"
            },
            "position": {
              "basis": "40px"
            },
            "propConfig": {
              "position.display": {
                "binding": {
                  "config": {
                    "fallbackDelay": 2.5,
                    "mode": "indirect",
                    "references": {
                      "number": "{view.params.number}",
                      "path": "{view.params.path}"
                    },
                    "tagPath": "{path}/{number}/imageName"
                  },
                  "transforms": [
                    {
                      "expression": "if({value} \u003d \u0027overcast\u0027, True, False)",
                      "type": "expression"
                    }
                  ],
                  "type": "tag"
                }
              }
            },
            "props": {
              "viewBox": "0 0 104 71"
            },
            "type": "ia.container.drawing"
          },
          {
            "children": [
              {
                "meta": {
                  "name": "date"
                },
                "position": {
                  "basis": "22px"
                },
                "propConfig": {
                  "position.display": {
                    "binding": {
                      "config": {
                        "path": "view.params.showDetailed"
                      },
                      "transforms": [
                        {
                          "expression": "if({value} \u003d 0, True, False)",
                          "type": "expression"
                        }
                      ],
                      "type": "property"
                    }
                  },
                  "props.text": {
                    "binding": {
                      "config": {
                        "fallbackDelay": 2.5,
                        "mode": "indirect",
                        "references": {
                          "number": "{view.params.number}",
                          "path": "{view.params.path}"
                        },
                        "tagPath": "{path}/{number}/date"
                      },
                      "transforms": [
                        {
                          "formatType": "datetime",
                          "formatValue": "dd MMM yyyy",
                          "type": "format"
                        }
                      ],
                      "type": "tag"
                    }
                  }
                },
                "props": {
                  "style": {
                    "borderBottomStyle": "solid",
                    "borderBottomWidth": 1,
                    "fontSize": "18px",
                    "fontWeight": "bold"
                  }
                },
                "type": "ia.display.label"
              },
              {
                "meta": {
                  "name": "temperature"
                },
                "position": {
                  "basis": "22px"
                },
                "propConfig": {
                  "position.display": {
                    "binding": {
                      "config": {
                        "path": "view.params.showDetailed"
                      },
                      "transforms": [
                        {
                          "expression": "if({value} \u003d 0, True, False)",
                          "type": "expression"
                        }
                      ],
                      "type": "property"
                    }
                  },
                  "props.text": {
                    "binding": {
                      "config": {
                        "path": "view.params.path"
                      },
                      "transforms": [
                        {
                          "code": "\tfcNum \u003d self.view.params.number\n\tpath \u003d value + \u0027/\u0027 + str(fcNum)\n\ttempPath \u003d path + \u0027/temp\u0027\n\tunitPath \u003d path + \u0027/tempUnits\u0027\n\tvalues \u003d system.tag.readBlocking([tempPath, unitPath])\n\ttemp \u003d values[0].value\n\tunits \u003d values[1].value\n\tretVal \u003d  str(float(temp)) + \u0027 °\u0027 + units\n\treturn retVal",
                          "type": "script"
                        }
                      ],
                      "type": "property"
                    }
                  }
                },
                "props": {
                  "style": {
                    "fontSize": "18px",
                    "fontWeight": "bold"
                  }
                },
                "type": "ia.display.label"
              },
              {
                "meta": {
                  "name": "wind"
                },
                "position": {
                  "basis": "35px"
                },
                "propConfig": {
                  "position.display": {
                    "binding": {
                      "config": {
                        "path": "view.params.showDetailed"
                      },
                      "transforms": [
                        {
                          "expression": "if({value} \u003d 0, True, False)",
                          "type": "expression"
                        }
                      ],
                      "type": "property"
                    }
                  },
                  "props.text": {
                    "binding": {
                      "config": {
                        "fallbackDelay": 2.5,
                        "mode": "indirect",
                        "references": {
                          "number": "{view.params.number}",
                          "path": "{view.params.path}"
                        },
                        "tagPath": "{path}/{number}/wind"
                      },
                      "transforms": [
                        {
                          "expression": "\u0027Wind: \u0027 + {value}",
                          "type": "expression"
                        }
                      ],
                      "type": "tag"
                    }
                  }
                },
                "props": {
                  "style": {
                    "fontSize": "14px",
                    "fontWeight": "bold"
                  }
                },
                "type": "ia.display.label"
              },
              {
                "meta": {
                  "name": "shortForecast"
                },
                "position": {
                  "basis": "75px"
                },
                "propConfig": {
                  "position.display": {
                    "binding": {
                      "config": {
                        "path": "view.params.showDetailed"
                      },
                      "transforms": [
                        {
                          "expression": "if({value} \u003d 0, True, False)",
                          "type": "expression"
                        }
                      ],
                      "type": "property"
                    }
                  },
                  "props.text": {
                    "binding": {
                      "config": {
                        "fallbackDelay": 2.5,
                        "mode": "indirect",
                        "references": {
                          "number": "{view.params.number}",
                          "path": "{view.params.path}"
                        },
                        "tagPath": "{path}/{number}/forecastShort"
                      },
                      "type": "tag"
                    }
                  }
                },
                "props": {
                  "style": {
                    "fontSize": "14px",
                    "fontWeight": "bold",
                    "overflowWrap": "normal",
                    "paddingTop": 3
                  }
                },
                "type": "ia.display.label"
              },
              {
                "meta": {
                  "name": "detailedForecast"
                },
                "position": {
                  "basis": "145px"
                },
                "propConfig": {
                  "position.display": {
                    "binding": {
                      "config": {
                        "path": "view.params.showDetailed"
                      },
                      "transforms": [
                        {
                          "expression": "if({value} \u003d 1, True, False)",
                          "type": "expression"
                        }
                      ],
                      "type": "property"
                    }
                  },
                  "props.text": {
                    "binding": {
                      "config": {
                        "fallbackDelay": 2.5,
                        "mode": "indirect",
                        "references": {
                          "number": "{view.params.number}",
                          "path": "{view.params.path}"
                        },
                        "tagPath": "{path}/{number}/forecastDetailed"
                      },
                      "type": "tag"
                    }
                  }
                },
                "props": {
                  "style": {
                    "fontSize": "14px",
                    "fontWeight": "bold"
                  }
                },
                "type": "ia.display.label"
              }
            ],
            "meta": {
              "name": "FlexContainer"
            },
            "position": {
              "basis": "75px",
              "grow": 1
            },
            "props": {
              "direction": "column",
              "style": {
                "paddingLeft": 5
              }
            },
            "type": "ia.container.flex"
          }
        ],
        "events": {
          "dom": {
            "onMouseEnter": {
              "config": {
                "script": "\tself.view.params.showDetailed \u003d 1"
              },
              "scope": "G",
              "type": "script"
            },
            "onMouseLeave": {
              "config": {
                "script": "\tself.view.params.showDetailed \u003d 0"
              },
              "scope": "G",
              "type": "script"
            }
          }
        },
        "meta": {
          "name": "FlexContainer"
        },
        "position": {
          "basis": "200px"
        },
        "props": {
          "alignItems": "flex-start"
        },
        "type": "ia.container.flex"
      }
    ],
    "meta": {
      "name": "root"
    },
    "props": {
      "direction": "column",
      "style": {
        "borderStyle": "solid",
        "borderWidth": 1
      }
    },
    "type": "ia.container.flex"
  }
}