{
  "custom": {},
  "params": {},
  "props": {},
  "root": {
    "children": [
      {
        "meta": {
          "name": "AlarmJournalTable"
        },
        "position": {
          "height": 0.925,
          "width": 0.9,
          "x": 0.0512,
          "y": 0.0601
        },
        "propConfig": {
          "props.dateRange.historical.endDate": {
            "binding": {
              "config": {
                "path": "../dtInEnd.props.value"
              },
              "type": "property"
            }
          },
          "props.dateRange.historical.startDate": {
            "binding": {
              "config": {
                "path": "../dtInStart.props.value"
              },
              "type": "property"
            }
          }
        },
        "props": {
          "dateRange": {
            "historical": {},
            "mode": "historical"
          },
          "name": "alarmHistory"
        },
        "type": "ia.display.alarmjournaltable"
      },
      {
        "events": {
          "system": {
            "onStartup": {
              "config": {
                "script": "\tdtNow \u003d system.date.now()\n\t#default time span for Alarm History is 8 hours\n\tstart \u003d system.date.addHours(dtNow, -8)\n\tself.props.value \u003d start"
              },
              "scope": "G",
              "type": "script"
            }
          }
        },
        "meta": {
          "name": "dtInStart"
        },
        "position": {
          "height": 0.0375,
          "width": 0.3,
          "x": 0.2949,
          "y": 0.0138
        },
        "props": {
          "formattedValue": "Jul 29, 2020 3:46 AM",
          "formattedValues": {
            "date": "Jul 29, 2020",
            "datetime": "Jul 29, 2020 3:46 AM",
            "time": "3:46 AM"
          },
          "value": {
            "$": [
              "ts",
              192,
              1596041162782
            ],
            "$ts": 1596012362782
          }
        },
        "type": "ia.input.date-time-input"
      },
      {
        "meta": {
          "name": "Label"
        },
        "position": {
          "height": 0.025,
          "width": 0.1738,
          "x": 0.0512,
          "y": 0.02
        },
        "props": {
          "text": "Date/Time Filters:"
        },
        "type": "ia.display.label"
      },
      {
        "meta": {
          "name": "Label_0"
        },
        "position": {
          "height": 0.025,
          "width": 0.055,
          "x": 0.2398,
          "y": 0.02
        },
        "props": {
          "style": {
            "textAlign": "right"
          },
          "text": "Start:"
        },
        "type": "ia.display.label"
      },
      {
        "meta": {
          "name": "Label_1"
        },
        "position": {
          "height": 0.025,
          "width": 0.055,
          "x": 0.5936,
          "y": 0.02
        },
        "props": {
          "style": {
            "textAlign": "right"
          },
          "text": "End:"
        },
        "type": "ia.display.label"
      },
      {
        "events": {
          "system": {
            "onStartup": {
              "config": {
                "script": "\tdtNow \u003d system.date.now()\n\t#default time span for Alarm History is 8 hours\n\tend \u003d dtNow\n\tself.props.value \u003d end"
              },
              "scope": "G",
              "type": "script"
            }
          }
        },
        "meta": {
          "name": "dtInEnd"
        },
        "position": {
          "height": 0.0375,
          "width": 0.3,
          "x": 0.6486,
          "y": 0.0138
        },
        "props": {
          "formattedValue": "Jul 29, 2020 11:46 AM",
          "formattedValues": {
            "date": "Jul 29, 2020",
            "datetime": "Jul 29, 2020 11:46 AM",
            "time": "11:46 AM"
          },
          "value": {
            "$": [
              "ts",
              192,
              1596041162782
            ],
            "$ts": 1596041162782
          }
        },
        "type": "ia.input.date-time-input"
      }
    ],
    "meta": {
      "name": "root"
    },
    "position": {
      "x": -0.08,
      "y": -0.0325
    },
    "props": {
      "mode": "percent"
    },
    "type": "ia.container.coord"
  }
}