{
  "custom": {},
  "params": {
    "path": "[Park]epicUniverse/track902/rideVehicle2/"
  },
  "propConfig": {
    "params.path": {
      "paramDirection": "input",
      "persistent": true
    }
  },
  "props": {
    "defaultSize": {
      "height": 151,
      "width": 288
    }
  },
  "root": {
    "children": [
      {
        "meta": {
          "name": "Label"
        },
        "position": {
          "height": 20,
          "width": 127,
          "x": 5,
          "y": 8
        },
        "props": {
          "style": {
            "classes": "label label_underline puLightText"
          },
          "text": "Brake Status"
        },
        "type": "ia.display.label"
      },
      {
        "meta": {
          "name": "EmbeddedView"
        },
        "position": {
          "height": 36,
          "width": 49,
          "x": 156
        },
        "propConfig": {
          "props.params.priority": {
            "binding": {
              "config": {
                "fallbackDelay": 2.5,
                "mode": "indirect",
                "references": {
                  "path": "{view.params.path}"
                },
                "tagPath": "{path}/robot/brake/almPriority/priority"
              },
              "type": "tag"
            }
          }
        },
        "props": {
          "path": "Templates/Indicators/Alarm"
        },
        "type": "ia.display.view"
      },
      {
        "meta": {
          "name": "Label_0"
        },
        "position": {
          "height": 20,
          "width": 87,
          "x": 9,
          "y": 38
        },
        "props": {
          "style": {
            "classes": "label",
            "textAlign": "right"
          },
          "text": "Command:"
        },
        "type": "ia.display.label"
      },
      {
        "meta": {
          "name": "Label_3"
        },
        "position": {
          "height": 20,
          "width": 87,
          "x": 9,
          "y": 95
        },
        "props": {
          "style": {
            "classes": "label",
            "textAlign": "right"
          },
          "text": "Status:"
        },
        "type": "ia.display.label"
      },
      {
        "meta": {
          "name": "stModProx1"
        },
        "position": {
          "height": 30,
          "width": 30,
          "x": 122.5,
          "y": 33
        },
        "propConfig": {
          "props.style.backgroundColor": {
            "binding": {
              "config": {
                "fallbackDelay": 2.5,
                "mode": "indirect",
                "references": {
                  "path": "{view.params.path}"
                },
                "tagPath": "{path}/robot/brake/Cmd/engage"
              },
              "transforms": [
                {
                  "expression": "if({value} \u003d True, \u0027#00D900\u0027, \u0027#D5D5D5\u0027)",
                  "type": "expression"
                }
              ],
              "type": "tag"
            }
          }
        },
        "props": {
          "alignVertical": "center",
          "style": {
            "borderBottomLeftRadius": 50,
            "borderBottomRightRadius": 50,
            "borderStyle": "solid",
            "borderTopLeftRadius": 50,
            "borderTopRightRadius": 50,
            "borderWidth": 2,
            "textAlign": "center"
          }
        },
        "type": "ia.display.label"
      },
      {
        "meta": {
          "name": "Label_1"
        },
        "position": {
          "height": 20,
          "width": 87,
          "x": 96,
          "y": 63.5
        },
        "propConfig": {
          "meta.visible": {
            "binding": {
              "config": {
                "fallbackDelay": 2.5,
                "mode": "indirect",
                "references": {
                  "path": "{view.params.path}"
                },
                "tagPath": "{path}/robot/brake/Cmd/engage"
              },
              "type": "tag"
            }
          }
        },
        "props": {
          "style": {
            "classes": "label",
            "textAlign": "center"
          },
          "text": "Engage"
        },
        "type": "ia.display.label"
      },
      {
        "meta": {
          "name": "stModProx2"
        },
        "position": {
          "height": 30,
          "width": 30,
          "x": 210,
          "y": 33
        },
        "propConfig": {
          "props.style.backgroundColor": {
            "binding": {
              "config": {
                "fallbackDelay": 2.5,
                "mode": "indirect",
                "references": {
                  "path": "{view.params.path}"
                },
                "tagPath": "{path}/robot/brake/Cmd/disengage"
              },
              "transforms": [
                {
                  "expression": "if({value} \u003d True, \u0027#00D900\u0027, \u0027#D5D5D5\u0027)",
                  "type": "expression"
                }
              ],
              "type": "tag"
            }
          }
        },
        "props": {
          "alignVertical": "center",
          "style": {
            "borderBottomLeftRadius": 50,
            "borderBottomRightRadius": 50,
            "borderStyle": "solid",
            "borderTopLeftRadius": 50,
            "borderTopRightRadius": 50,
            "borderWidth": 2,
            "textAlign": "center"
          }
        },
        "type": "ia.display.label"
      },
      {
        "meta": {
          "name": "Label_2"
        },
        "position": {
          "height": 20,
          "width": 87,
          "x": 183,
          "y": 63.5
        },
        "propConfig": {
          "meta.visible": {
            "binding": {
              "config": {
                "fallbackDelay": 2.5,
                "mode": "indirect",
                "references": {
                  "path": "{view.params.path}"
                },
                "tagPath": "{path}/robot/brake/Cmd/disengage"
              },
              "type": "tag"
            }
          }
        },
        "props": {
          "style": {
            "classes": "label",
            "textAlign": "center"
          },
          "text": "Disengage"
        },
        "type": "ia.display.label"
      },
      {
        "meta": {
          "name": "Label_4"
        },
        "position": {
          "height": 20,
          "width": 87,
          "x": 183,
          "y": 120
        },
        "propConfig": {
          "meta.visible": {
            "binding": {
              "config": {
                "fallbackDelay": 2.5,
                "mode": "indirect",
                "references": {
                  "path": "{view.params.path}"
                },
                "tagPath": "{path}/robot/brake/In/disengaged"
              },
              "type": "tag"
            }
          }
        },
        "props": {
          "style": {
            "classes": "label",
            "textAlign": "center"
          },
          "text": "Disengaged"
        },
        "type": "ia.display.label"
      },
      {
        "meta": {
          "name": "Label_5"
        },
        "position": {
          "height": 20,
          "width": 87,
          "x": 96,
          "y": 120
        },
        "propConfig": {
          "meta.visible": {
            "binding": {
              "config": {
                "fallbackDelay": 2.5,
                "mode": "indirect",
                "references": {
                  "path": "{view.params.path}"
                },
                "tagPath": "{path}/robot/brake/In/engaged"
              },
              "type": "tag"
            }
          }
        },
        "props": {
          "style": {
            "classes": "label",
            "textAlign": "center"
          },
          "text": "Engaged"
        },
        "type": "ia.display.label"
      },
      {
        "meta": {
          "name": "stModProx3"
        },
        "position": {
          "height": 30,
          "width": 30,
          "x": 210,
          "y": 90
        },
        "propConfig": {
          "props.style.backgroundColor": {
            "binding": {
              "config": {
                "fallbackDelay": 2.5,
                "mode": "indirect",
                "references": {
                  "path": "{view.params.path}"
                },
                "tagPath": "{path}/robot/brake/In/disengaged"
              },
              "transforms": [
                {
                  "expression": "if({value} \u003d True, \u0027#00D900\u0027, \u0027#D5D5D5\u0027)",
                  "type": "expression"
                }
              ],
              "type": "tag"
            }
          }
        },
        "props": {
          "alignVertical": "center",
          "style": {
            "borderBottomLeftRadius": 50,
            "borderBottomRightRadius": 50,
            "borderStyle": "solid",
            "borderTopLeftRadius": 50,
            "borderTopRightRadius": 50,
            "borderWidth": 2,
            "textAlign": "center"
          }
        },
        "type": "ia.display.label"
      },
      {
        "meta": {
          "name": "stModProx4"
        },
        "position": {
          "height": 30,
          "width": 30,
          "x": 123,
          "y": 90
        },
        "propConfig": {
          "props.style.backgroundColor": {
            "binding": {
              "config": {
                "fallbackDelay": 2.5,
                "mode": "indirect",
                "references": {
                  "path": "{view.params.path}"
                },
                "tagPath": "{path}/robot/brake/In/engaged"
              },
              "transforms": [
                {
                  "expression": "if({value} \u003d True, \u0027#00D900\u0027, \u0027#D5D5D5\u0027)",
                  "type": "expression"
                }
              ],
              "type": "tag"
            }
          }
        },
        "props": {
          "alignVertical": "center",
          "style": {
            "borderBottomLeftRadius": 50,
            "borderBottomRightRadius": 50,
            "borderStyle": "solid",
            "borderTopLeftRadius": 50,
            "borderTopRightRadius": 50,
            "borderWidth": 2,
            "textAlign": "center"
          }
        },
        "type": "ia.display.label"
      }
    ],
    "meta": {
      "name": "root"
    },
    "props": {
      "style": {
        "classes": "puSection"
      }
    },
    "type": "ia.container.coord"
  }
}