{
  "custom": {},
  "params": {},
  "props": {
    "defaultSize": {
      "height": 30,
      "width": 83
    }
  },
  "root": {
    "children": [
      {
        "meta": {
          "name": "Icon"
        },
        "position": {
          "height": 30,
          "width": 30
        },
        "propConfig": {
          "props.color": {
            "binding": {
              "config": {
                "expression": "if({session.props.theme} \u003d \u0027light\u0027, \u0027#111111\u0027, \u0027#EEEEEE\u0027)"
              },
              "type": "expr"
            }
          }
        },
        "props": {
          "path": "material/help"
        },
        "type": "ia.display.icon"
      },
      {
        "meta": {
          "name": "Label"
        },
        "position": {
          "height": 20,
          "width": 50,
          "x": 32,
          "y": 5
        },
        "props": {
          "text": "Help"
        },
        "type": "ia.display.label"
      }
    ],
    "meta": {
      "name": "root"
    },
    "type": "ia.container.coord"
  }
}