{
  "custom": {},
  "params": {},
  "props": {
    "defaultSize": {
      "height": 965,
      "width": 1920
    }
  },
  "root": {
    "children": [
      {
        "meta": {
          "name": "tblEvents"
        },
        "position": {
          "height": 875,
          "width": 1286.680582076776,
          "x": 21.040585369065646,
          "y": 57.99000000000001
        },
        "propConfig": {
          "props.data": {
            "binding": {
              "config": {
                "polling": {
                  "enabled": true,
                  "rate": "10"
                },
                "queryPath": "Comments/comments_SELECT",
                "returnFormat": "dataset"
              },
              "transforms": [
                {
                  "expression": "if({value} \u003d \u0027null\u0027, \u0027\u0027, {value})",
                  "type": "expression"
                }
              ],
              "type": "query"
            }
          }
        },
        "props": {
          "columns": [
            {
              "align": "center",
              "boolean": "checkbox",
              "dateFormat": "MM/DD/YYYY HH:mm:ss",
              "editable": false,
              "field": "item",
              "footer": {
                "align": "center",
                "justify": "left",
                "style": {
                  "classes": ""
                },
                "title": ""
              },
              "header": {
                "align": "center",
                "justify": "left",
                "style": {
                  "classes": ""
                },
                "title": ""
              },
              "justify": "auto",
              "number": "value",
              "numberFormat": "0,0.##",
              "progressBar": {
                "bar": {
                  "color": "#62A3F6",
                  "linecap": "round",
                  "width": 5
                },
                "max": 100,
                "track": {
                  "color": "#DADADA",
                  "linecap": "round",
                  "width": 2
                },
                "value": {
                  "color": "#7D7D7D",
                  "show": true
                }
              },
              "render": "date",
              "resizable": true,
              "sortable": true,
              "strictWidth": false,
              "style": {
                "classes": ""
              },
              "toggleSwitch": {
                "color": {
                  "selected": "#2196F3",
                  "unselected": "#FFFFFF"
                }
              },
              "viewParams": {},
              "viewPath": "",
              "visible": false,
              "width": ""
            },
            {
              "align": "center",
              "boolean": "checkbox",
              "dateFormat": "MM/DD/YYYY HH:mm:ss",
              "editable": false,
              "field": "timestamp",
              "footer": {
                "align": "center",
                "justify": "left",
                "style": {
                  "classes": ""
                },
                "title": ""
              },
              "header": {
                "align": "center",
                "justify": "left",
                "style": {
                  "classes": ""
                },
                "title": "Submitted On"
              },
              "justify": "auto",
              "number": "value",
              "numberFormat": "0,0.##",
              "progressBar": {
                "bar": {
                  "color": "#62A3F6",
                  "linecap": "round",
                  "width": 5
                },
                "max": 100,
                "track": {
                  "color": "#DADADA",
                  "linecap": "round",
                  "width": 2
                },
                "value": {
                  "color": "#7D7D7D",
                  "show": true
                }
              },
              "render": "auto",
              "resizable": true,
              "sortable": true,
              "strictWidth": false,
              "style": {
                "classes": ""
              },
              "toggleSwitch": {
                "color": {
                  "selected": "#2196F3",
                  "unselected": "#FFFFFF"
                }
              },
              "viewParams": {},
              "viewPath": "",
              "visible": true,
              "width": ""
            },
            {
              "align": "center",
              "boolean": "checkbox",
              "dateFormat": "MM/DD/YYYY",
              "editable": false,
              "field": "submitter",
              "footer": {
                "align": "center",
                "justify": "left",
                "style": {
                  "classes": ""
                },
                "title": ""
              },
              "header": {
                "align": "center",
                "justify": "left",
                "style": {
                  "classes": ""
                },
                "title": "Submitted By"
              },
              "justify": "auto",
              "number": "value",
              "numberFormat": "0,0.##",
              "progressBar": {
                "bar": {
                  "color": "#62A3F6",
                  "linecap": "round",
                  "width": 5
                },
                "max": 100,
                "track": {
                  "color": "#DADADA",
                  "linecap": "round",
                  "width": 2
                },
                "value": {
                  "color": "#7D7D7D",
                  "show": true
                }
              },
              "render": "auto",
              "resizable": true,
              "sortable": true,
              "strictWidth": false,
              "style": {
                "classes": ""
              },
              "toggleSwitch": {
                "color": {
                  "selected": "#2196F3",
                  "unselected": "#FFFFFF"
                }
              },
              "viewParams": {},
              "viewPath": "",
              "visible": true,
              "width": ""
            },
            {
              "align": "center",
              "boolean": "checkbox",
              "dateFormat": "MM/DD/YYYY",
              "editable": false,
              "field": "area",
              "footer": {
                "align": "center",
                "justify": "left",
                "style": {
                  "classes": ""
                },
                "title": ""
              },
              "header": {
                "align": "center",
                "justify": "left",
                "style": {
                  "classes": ""
                },
                "title": "Area"
              },
              "justify": "auto",
              "number": "value",
              "numberFormat": "0,0.##",
              "progressBar": {
                "bar": {
                  "color": "#62A3F6",
                  "linecap": "round",
                  "width": 5
                },
                "max": 100,
                "track": {
                  "color": "#DADADA",
                  "linecap": "round",
                  "width": 2
                },
                "value": {
                  "color": "#7D7D7D",
                  "show": true
                }
              },
              "render": "auto",
              "resizable": true,
              "sortable": true,
              "strictWidth": false,
              "style": {
                "classes": ""
              },
              "toggleSwitch": {
                "color": {
                  "selected": "#2196F3",
                  "unselected": "#FFFFFF"
                }
              },
              "viewParams": {},
              "viewPath": "",
              "visible": true,
              "width": ""
            },
            {
              "align": "center",
              "boolean": "checkbox",
              "dateFormat": "MM/DD/YYYY",
              "editable": false,
              "field": "subject",
              "footer": {
                "align": "center",
                "justify": "left",
                "style": {
                  "classes": ""
                },
                "title": ""
              },
              "header": {
                "align": "center",
                "justify": "left",
                "style": {
                  "classes": ""
                },
                "title": "Subject"
              },
              "justify": "auto",
              "number": "value",
              "numberFormat": "0,0.##",
              "progressBar": {
                "bar": {
                  "color": "#62A3F6",
                  "linecap": "round",
                  "width": 5
                },
                "max": 100,
                "track": {
                  "color": "#DADADA",
                  "linecap": "round",
                  "width": 2
                },
                "value": {
                  "color": "#7D7D7D",
                  "show": true
                }
              },
              "render": "auto",
              "resizable": true,
              "sort": "none",
              "sortable": true,
              "strictWidth": false,
              "style": {
                "classes": ""
              },
              "toggleSwitch": {
                "color": {
                  "selected": "#2196F3",
                  "unselected": "#FFFFFF"
                }
              },
              "viewParams": {},
              "viewPath": "",
              "visible": true,
              "width": ""
            },
            {
              "align": "center",
              "boolean": "checkbox",
              "dateFormat": "MM/DD/YYYY",
              "editable": false,
              "field": "comment",
              "footer": {
                "align": "center",
                "justify": "left",
                "style": {
                  "classes": ""
                },
                "title": ""
              },
              "header": {
                "align": "center",
                "justify": "left",
                "style": {
                  "classes": ""
                },
                "title": "Comment"
              },
              "justify": "auto",
              "number": "value",
              "numberFormat": "0,0.##",
              "progressBar": {
                "bar": {
                  "color": "#62A3F6",
                  "linecap": "round",
                  "width": 5
                },
                "max": 100,
                "track": {
                  "color": "#DADADA",
                  "linecap": "round",
                  "width": 2
                },
                "value": {
                  "color": "#7D7D7D",
                  "show": true
                }
              },
              "render": "auto",
              "resizable": true,
              "sort": "none",
              "sortable": true,
              "strictWidth": false,
              "style": {
                "classes": ""
              },
              "toggleSwitch": {
                "color": {
                  "selected": "#2196F3",
                  "unselected": "#FFFFFF"
                }
              },
              "viewParams": {},
              "viewPath": "",
              "visible": true,
              "width": ""
            },
            {
              "align": "center",
              "boolean": "checkbox",
              "dateFormat": "MM/DD/YYYY",
              "editable": false,
              "field": "owner",
              "footer": {
                "align": "center",
                "justify": "left",
                "style": {
                  "classes": ""
                },
                "title": ""
              },
              "header": {
                "align": "center",
                "justify": "left",
                "style": {
                  "classes": ""
                },
                "title": "Owner"
              },
              "justify": "auto",
              "number": "value",
              "numberFormat": "0,0.##",
              "progressBar": {
                "bar": {
                  "color": "#62A3F6",
                  "linecap": "round",
                  "width": 5
                },
                "max": 100,
                "track": {
                  "color": "#DADADA",
                  "linecap": "round",
                  "width": 2
                },
                "value": {
                  "color": "#7D7D7D",
                  "show": true
                }
              },
              "render": "auto",
              "resizable": true,
              "sort": "none",
              "sortable": true,
              "strictWidth": false,
              "style": {
                "classes": ""
              },
              "toggleSwitch": {
                "color": {
                  "selected": "#2196F3",
                  "unselected": "#FFFFFF"
                }
              },
              "viewParams": {},
              "viewPath": "",
              "visible": true,
              "width": ""
            },
            {
              "align": "center",
              "boolean": "checkbox",
              "dateFormat": "MM/DD/YYYY",
              "editable": false,
              "field": "note",
              "footer": {
                "align": "center",
                "justify": "left",
                "style": {
                  "classes": ""
                },
                "title": ""
              },
              "header": {
                "align": "center",
                "justify": "left",
                "style": {
                  "classes": ""
                },
                "title": "Note"
              },
              "justify": "auto",
              "number": "value",
              "numberFormat": "0,0.##",
              "progressBar": {
                "bar": {
                  "color": "#62A3F6",
                  "linecap": "round",
                  "width": 5
                },
                "max": 100,
                "track": {
                  "color": "#DADADA",
                  "linecap": "round",
                  "width": 2
                },
                "value": {
                  "color": "#7D7D7D",
                  "show": true
                }
              },
              "render": "auto",
              "resizable": true,
              "sort": "none",
              "sortable": true,
              "strictWidth": false,
              "style": {
                "classes": ""
              },
              "toggleSwitch": {
                "color": {
                  "selected": "#2196F3",
                  "unselected": "#FFFFFF"
                }
              },
              "viewParams": {},
              "viewPath": "",
              "visible": true,
              "width": ""
            },
            {
              "align": "center",
              "boolean": "checkbox",
              "dateFormat": "MM/DD/YYYY",
              "editable": false,
              "field": "note_time",
              "footer": {
                "align": "center",
                "justify": "left",
                "style": {
                  "classes": ""
                },
                "title": ""
              },
              "header": {
                "align": "center",
                "justify": "left",
                "style": {
                  "classes": ""
                },
                "title": "Noted On"
              },
              "justify": "auto",
              "number": "value",
              "numberFormat": "0,0.##",
              "progressBar": {
                "bar": {
                  "color": "#62A3F6",
                  "linecap": "round",
                  "width": 5
                },
                "max": 100,
                "track": {
                  "color": "#DADADA",
                  "linecap": "round",
                  "width": 2
                },
                "value": {
                  "color": "#7D7D7D",
                  "show": true
                }
              },
              "render": "auto",
              "resizable": true,
              "sort": "none",
              "sortable": true,
              "strictWidth": false,
              "style": {
                "classes": ""
              },
              "toggleSwitch": {
                "color": {
                  "selected": "#2196F3",
                  "unselected": "#FFFFFF"
                }
              },
              "viewParams": {},
              "viewPath": "",
              "visible": true,
              "width": ""
            },
            {
              "align": "center",
              "boolean": "checkbox",
              "dateFormat": "MM/DD/YYYY",
              "editable": false,
              "field": "status",
              "footer": {
                "align": "center",
                "justify": "left",
                "style": {
                  "classes": ""
                },
                "title": ""
              },
              "header": {
                "align": "center",
                "justify": "left",
                "style": {
                  "classes": ""
                },
                "title": "Status"
              },
              "justify": "auto",
              "number": "value",
              "numberFormat": "0,0.##",
              "progressBar": {
                "bar": {
                  "color": "#62A3F6",
                  "linecap": "round",
                  "width": 5
                },
                "max": 100,
                "track": {
                  "color": "#DADADA",
                  "linecap": "round",
                  "width": 2
                },
                "value": {
                  "color": "#7D7D7D",
                  "show": true
                }
              },
              "render": "auto",
              "resizable": true,
              "sort": "none",
              "sortable": true,
              "strictWidth": false,
              "style": {
                "classes": ""
              },
              "toggleSwitch": {
                "color": {
                  "selected": "#2196F3",
                  "unselected": "#FFFFFF"
                }
              },
              "viewParams": {},
              "viewPath": "",
              "visible": true,
              "width": ""
            }
          ],
          "enableFooter": true,
          "filter": {
            "enabled": true
          },
          "pager": {
            "initialOption": 50
          }
        },
        "type": "ia.display.table"
      },
      {
        "children": [
          {
            "meta": {
              "name": "header"
            },
            "position": {
              "height": 20,
              "width": 297,
              "x": 5,
              "y": 5
            },
            "props": {
              "style": {
                "borderBottomStyle": "solid",
                "borderBottomWidth": 1
              },
              "text": "Additional Filters"
            },
            "type": "ia.display.label"
          },
          {
            "meta": {
              "name": "lblArea"
            },
            "position": {
              "height": 20,
              "width": 48,
              "x": 5,
              "y": 40
            },
            "props": {
              "text": "Area"
            },
            "type": "ia.display.label"
          },
          {
            "meta": {
              "name": "ddArea"
            },
            "position": {
              "height": 36,
              "width": 257,
              "x": 60,
              "y": 32
            },
            "propConfig": {
              "props.options": {
                "binding": {
                  "config": {
                    "queryPath": "Comments/comments_SELECT_area_distinct",
                    "returnFormat": "dataset"
                  },
                  "transforms": [
                    {
                      "code": "\toptions \u003d []\n\tpyDS \u003d system.dataset.toPyDataSet(value)\n\tfor item in pyDS:\n\t\tinstance \u003d {\u0027label\u0027:item[\u0027area\u0027], \u0027value\u0027:item[\u0027area\u0027]}\n\t\toptions.append(instance)\n\t\n\treturn options",
                      "type": "script"
                    }
                  ],
                  "type": "query"
                }
              }
            },
            "type": "ia.input.dropdown"
          },
          {
            "meta": {
              "name": "ddOwner"
            },
            "position": {
              "height": 35,
              "width": 257,
              "x": 60,
              "y": 72
            },
            "propConfig": {
              "props.options": {
                "binding": {
                  "config": {
                    "queryPath": "Comments/comments_SELECT_owner_distinct",
                    "returnFormat": "dataset"
                  },
                  "transforms": [
                    {
                      "code": "\toptions \u003d []\n\tpyDS \u003d system.dataset.toPyDataSet(value)\n\tfor item in pyDS:\n\t\tinstance \u003d {\u0027label\u0027:item[\u0027owner\u0027], \u0027value\u0027:item[\u0027owner\u0027]}\n\t\toptions.append(instance)\n\t\n\treturn options",
                      "type": "script"
                    }
                  ],
                  "type": "query"
                }
              }
            },
            "props": {
              "value": "456"
            },
            "type": "ia.input.dropdown"
          },
          {
            "meta": {
              "name": "lblOwner"
            },
            "position": {
              "height": 20,
              "width": 49,
              "x": 5,
              "y": 80
            },
            "props": {
              "text": "Owner"
            },
            "type": "ia.display.label"
          },
          {
            "meta": {
              "name": "lblStatus"
            },
            "position": {
              "height": 20,
              "width": 48,
              "x": 5,
              "y": 120
            },
            "props": {
              "text": "Status"
            },
            "type": "ia.display.label"
          },
          {
            "meta": {
              "name": "ddStatus"
            },
            "position": {
              "height": 35,
              "width": 257,
              "x": 60,
              "y": 112
            },
            "propConfig": {
              "props.options": {
                "binding": {
                  "config": {
                    "queryPath": "Comments/comments_SELECT_status_distinct",
                    "returnFormat": "dataset"
                  },
                  "transforms": [
                    {
                      "code": "\toptions \u003d []\n\tpyDS \u003d system.dataset.toPyDataSet(value)\n\tfor item in pyDS:\n\t\tinstance \u003d {\u0027label\u0027:item[\u0027status\u0027], \u0027value\u0027:item[\u0027status\u0027]}\n\t\toptions.append(instance)\n\t\n\treturn options",
                      "type": "script"
                    }
                  ],
                  "type": "query"
                }
              }
            },
            "props": {
              "value": "456"
            },
            "type": "ia.input.dropdown"
          }
        ],
        "meta": {
          "name": "additionalFilters",
          "visible": false
        },
        "position": {
          "height": 200,
          "width": 352,
          "x": 1315,
          "y": 112.981
        },
        "type": "ia.container.coord"
      },
      {
        "events": {
          "dom": {
            "onClick": {
              "config": {
                "script": "\tselRow \u003d self.getSibling(\"tblEvents\").props.selection.selectedRow\n\tif selRow !\u003d -1:\n\t\titem \u003d self.getSibling(\"tblEvents\").props.selection.data[0].item\n\t\tsubmitter \u003d self.getSibling(\"tblEvents\").props.selection.data[0].submitter\n\t\tarea \u003d self.getSibling(\"tblEvents\").props.selection.data[0].area\n\t\tsubject \u003d self.getSibling(\"tblEvents\").props.selection.data[0].subject\n\t\towner \u003d self.getSibling(\"tblEvents\").props.selection.data[0].owner\n\t\tif owner in [\u0027null\u0027, \u0027\u0027, None]:\n\t\t\tauthenticated \u003d self.session.props.auth.authenticated\n\t\t\tuserName \u003d \u0027\u0027\n\t\t\tif authenticated:\n\t\t\t\tuserName \u003d str(self.session.props.auth.user.lastName) + \u0027, \u0027 + str(self.session.props.auth.user.firstName)\n\t\t\towner \u003d userName\n\t\tnote \u003d self.getSibling(\"tblEvents\").props.selection.data[0].note\n\t\tstatus \u003d self.getSibling(\"tblEvents\").props.selection.data[0].status\n\t\tviewPath \u003d \u0027Templates/Diagnostics/updateComment\u0027\n\t\tviewID \u003d \u0027updateComment\u0027\n\t\tparams \u003d{\u0027id\u0027:item, \u0027submitter\u0027:submitter, \u0027area\u0027:area, \u0027subject\u0027:subject, \u0027owner\u0027:owner, \u0027note\u0027:note, \u0027status\u0027:status}\n\t\tsystem.perspective.openPopup(viewID, viewPath, params \u003d params, showCloseIcon \u003d False, draggable \u003d True, resizable \u003d False, title \u003d \u0027Update Comment\u0027)\n\n\t\t"
              },
              "scope": "G",
              "type": "script"
            }
          }
        },
        "meta": {
          "name": "Button"
        },
        "position": {
          "height": 44,
          "width": 194,
          "x": 1315,
          "y": 58.4684
        },
        "propConfig": {
          "meta.visible": {
            "binding": {
              "config": {
                "path": "../tblEvents.props.selection.selectedRow"
              },
              "transforms": [
                {
                  "expression": "if({value} !\u003d -1, True, False)",
                  "type": "expression"
                }
              ],
              "type": "property"
            }
          }
        },
        "props": {
          "primary": false,
          "style": {
            "classes": "Cursors/hand_on_hover"
          },
          "text": "Edit Selected Comment"
        },
        "type": "ia.input.button"
      }
    ],
    "meta": {
      "name": "root"
    },
    "type": "ia.container.coord"
  }
}