{
  "custom": {},
  "params": {},
  "props": {
    "defaultSize": {
      "height": 45,
      "width": 600
    }
  },
  "root": {
    "children": [
      {
        "events": {
          "dom": {
            "onClick": {
              "config": {
                "script": "\tif not self.session.props.auth.authenticated:\n\t\tsystem.perspective.login()\n\telse:\n\t\tsystem.perspective.logout()"
              },
              "scope": "G",
              "type": "script"
            }
          }
        },
        "meta": {
          "name": "Label_0"
        },
        "position": {
          "basis": "300px"
        },
        "propConfig": {
          "props.text": {
            "binding": {
              "config": {
                "path": "session.props.auth.authenticated"
              },
              "transforms": [
                {
                  "code": "\tif value:\n\t\tvalue \u003d str(self.session.props.auth.user.lastName) + \u0027, \u0027 + str(self.session.props.auth.user.firstName)\n\telse:\n\t\tvalue \u003d \u0027Login...\u0027\n\t\n\tif value \u003d\u003d \u0027None, None\u0027:\n\t\tvalue \u003d \u0027None\u0027\n\t\n\treturn value",
                  "type": "script"
                }
              ],
              "type": "property"
            }
          }
        },
        "props": {
          "alignVertical": "center",
          "style": {
            "classes": "label",
            "color": "#AAAAAA",
            "cursor": "pointer",
            "fontSize": "18px",
            "textAlign": "right"
          }
        },
        "type": "ia.display.label"
      },
      {
        "events": {
          "dom": {
            "onClick": {
              "config": {
                "script": "\tif not self.session.props.auth.authenticated:\n\t\tsystem.perspective.login()\n\telse:\n\t\tsystem.perspective.logout()"
              },
              "scope": "G",
              "type": "script"
            }
          }
        },
        "meta": {
          "name": "Label"
        },
        "position": {
          "basis": "250px"
        },
        "propConfig": {
          "props.text": {
            "binding": {
              "config": {
                "expression": "dateFormat(now(1000), \"YYYY-MMM-dd  hh:mm:ss a\")"
              },
              "type": "expr"
            }
          }
        },
        "props": {
          "alignVertical": "center",
          "style": {
            "classes": "label",
            "color": "#AAAAAA",
            "cursor": "pointer",
            "fontSize": "18px",
            "textAlign": "right"
          }
        },
        "type": "ia.display.label"
      },
      {
        "meta": {
          "name": "FlexContainer"
        },
        "position": {
          "basis": "10px",
          "shrink": 0
        },
        "type": "ia.container.flex"
      },
      {
        "events": {
          "dom": {
            "onClick": {
              "config": {
                "draggable": true,
                "id": "addComment",
                "modal": false,
                "overlayDismiss": false,
                "resizable": false,
                "showCloseIcon": false,
                "type": "open",
                "viewParams": {
                  "id": "addComment"
                },
                "viewPath": "Templates/Comments"
              },
              "scope": "C",
              "type": "popup"
            }
          }
        },
        "meta": {
          "name": "Icon"
        },
        "position": {
          "basis": "30px",
          "shrink": 0
        },
        "props": {
          "color": "#D5D5D5",
          "path": "material/assignment"
        },
        "type": "ia.display.icon"
      }
    ],
    "meta": {
      "name": "root"
    },
    "props": {
      "justify": "flex-end",
      "style": {
        "classes": "themeStyles/backgroundDarkTheme"
      }
    },
    "type": "ia.container.flex"
  }
}