{
  "custom": {
    "almPath": "epicUniverse/track902/Ride Equipment/rotarySwitch1",
    "mode": 99,
    "state": 1
  },
  "params": {
    "id": "",
    "path": "[Park]epicUniverse/track902/Ride Equipment/rotarySwitch1"
  },
  "propConfig": {
    "custom.almPath": {
      "binding": {
        "config": {
          "path": "view.params.path"
        },
        "transforms": [
          {
            "expression": "substring({value}, (lastindexof({value}, \u0027]\u0027) + 1))",
            "type": "expression"
          }
        ],
        "type": "property"
      },
      "persistent": true
    },
    "custom.mode": {
      "binding": {
        "config": {
          "fallbackDelay": 2.5,
          "mode": "indirect",
          "references": {
            "path": "{view.params.path}"
          },
          "tagPath": "{path}/In/mode"
        },
        "type": "tag"
      },
      "persistent": true
    },
    "custom.state": {
      "binding": {
        "config": {
          "fallbackDelay": 2.5,
          "mode": "indirect",
          "references": {
            "path": "{view.params.path}"
          },
          "tagPath": "{path}/In/state"
        },
        "type": "tag"
      },
      "persistent": true
    },
    "params.id": {
      "paramDirection": "input",
      "persistent": true
    },
    "params.path": {
      "paramDirection": "input",
      "persistent": true
    }
  },
  "props": {
    "defaultSize": {
      "height": 475,
      "width": 805
    }
  },
  "root": {
    "children": [
      {
        "events": {
          "component": {
            "onActionPerformed": {
              "config": {
                "draggable": true,
                "id": "{view.params.id}",
                "modal": false,
                "overlayDismiss": false,
                "resizable": true,
                "showCloseIcon": false,
                "type": "close",
                "viewPath": ""
              },
              "scope": "C",
              "type": "popup"
            }
          }
        },
        "meta": {
          "name": "Button_0"
        },
        "position": {
          "height": 44,
          "width": 88,
          "x": 357.5,
          "y": 419
        },
        "props": {
          "style": {
            "classes": "button",
            "cursor": "pointer"
          },
          "text": "Close"
        },
        "type": "ia.input.button"
      },
      {
        "children": [
          {
            "children": [
              {
                "meta": {
                  "name": "Label_4"
                },
                "position": {
                  "height": 81,
                  "width": 308,
                  "x": 482,
                  "y": 97
                },
                "props": {
                  "style": {
                    "borderBottomLeftRadius": 5,
                    "borderBottomRightRadius": 5,
                    "borderColor": "#D5D5D5",
                    "borderStyle": "solid",
                    "borderTopLeftRadius": 5,
                    "borderTopRightRadius": 5,
                    "borderWidth": 1
                  }
                },
                "type": "ia.display.label"
              },
              {
                "meta": {
                  "name": "prx1"
                },
                "position": {
                  "height": 57,
                  "width": 33,
                  "x": 510.5,
                  "y": 119
                },
                "propConfig": {
                  "props.params.path": {
                    "binding": {
                      "config": {
                        "path": "view.params.path"
                      },
                      "type": "property"
                    }
                  }
                },
                "props": {
                  "params": {
                    "num": 1
                  },
                  "path": "Templates/Indicators/prox"
                },
                "type": "ia.display.view"
              },
              {
                "meta": {
                  "name": "prx12"
                },
                "position": {
                  "height": 57,
                  "width": 33,
                  "x": 580.5,
                  "y": 119
                },
                "propConfig": {
                  "props.params.path": {
                    "binding": {
                      "config": {
                        "path": "view.params.path"
                      },
                      "type": "property"
                    }
                  }
                },
                "props": {
                  "params": {
                    "num": 2
                  },
                  "path": "Templates/Indicators/prox"
                },
                "type": "ia.display.view"
              },
              {
                "meta": {
                  "name": "prx13"
                },
                "position": {
                  "height": 57,
                  "width": 33,
                  "x": 653.5,
                  "y": 119
                },
                "propConfig": {
                  "props.params.path": {
                    "binding": {
                      "config": {
                        "path": "view.params.path"
                      },
                      "type": "property"
                    }
                  }
                },
                "props": {
                  "params": {
                    "num": 3
                  },
                  "path": "Templates/Indicators/prox"
                },
                "type": "ia.display.view"
              },
              {
                "meta": {
                  "name": "prx14"
                },
                "position": {
                  "height": 57,
                  "width": 33,
                  "x": 726.5,
                  "y": 119
                },
                "propConfig": {
                  "props.params.path": {
                    "binding": {
                      "config": {
                        "path": "view.params.path"
                      },
                      "type": "property"
                    }
                  }
                },
                "props": {
                  "params": {
                    "num": 4
                  },
                  "path": "Templates/Indicators/prox"
                },
                "type": "ia.display.view"
              },
              {
                "meta": {
                  "name": "Label_9"
                },
                "position": {
                  "height": 20,
                  "width": 130,
                  "x": 571,
                  "y": 98.989
                },
                "props": {
                  "style": {
                    "color": "#EEEEEE",
                    "textAlign": "center",
                    "textDecoration": "underline"
                  },
                  "text": "Prox Statuses:"
                },
                "type": "ia.display.label"
              },
              {
                "meta": {
                  "name": "EmbeddedView_0"
                },
                "position": {
                  "height": 118,
                  "width": 308,
                  "x": 168.998,
                  "y": 60
                },
                "propConfig": {
                  "props.params.path": {
                    "binding": {
                      "config": {
                        "path": "view.params.path"
                      },
                      "type": "property"
                    }
                  }
                },
                "props": {
                  "path": "Templates/Equipment/ctlSystem",
                  "style": {
                    "stroke": "#D5D5D5"
                  }
                },
                "type": "ia.display.view"
              },
              {
                "meta": {
                  "name": "Rotary Switch Simple"
                },
                "position": {
                  "height": 151,
                  "width": 141,
                  "x": 16,
                  "y": 27
                },
                "props": {
                  "fit": {
                    "height": 200,
                    "mode": "fill",
                    "width": 200
                  },
                  "source": "/system/images/Devices/icons8-rotary-inclinometer.svg"
                },
                "type": "ia.display.image"
              },
              {
                "meta": {
                  "name": "Label_5"
                },
                "position": {
                  "height": 85,
                  "width": 308,
                  "x": 482,
                  "y": 3
                },
                "props": {
                  "style": {
                    "borderBottomLeftRadius": 5,
                    "borderBottomRightRadius": 5,
                    "borderColor": "#D5D5D5",
                    "borderStyle": "solid",
                    "borderTopLeftRadius": 5,
                    "borderTopRightRadius": 5,
                    "borderWidth": 1
                  }
                },
                "type": "ia.display.label"
              },
              {
                "meta": {
                  "name": "Label_10"
                },
                "position": {
                  "height": 20,
                  "width": 130,
                  "x": 571,
                  "y": 5
                },
                "props": {
                  "style": {
                    "color": "#EEEEEE",
                    "textAlign": "center",
                    "textDecoration": "underline"
                  },
                  "text": "Lock Statuses:"
                },
                "type": "ia.display.label"
              },
              {
                "meta": {
                  "name": "lock1"
                },
                "position": {
                  "height": 52,
                  "width": 72,
                  "x": 491,
                  "y": 28.5
                },
                "propConfig": {
                  "props.params.path": {
                    "binding": {
                      "config": {
                        "path": "view.params.path"
                      },
                      "type": "property"
                    }
                  }
                },
                "props": {
                  "params": {
                    "num": 1
                  },
                  "path": "Templates/Indicators/lock"
                },
                "type": "ia.display.view"
              },
              {
                "meta": {
                  "name": "lock2"
                },
                "position": {
                  "height": 52,
                  "width": 72,
                  "x": 561,
                  "y": 28.5
                },
                "propConfig": {
                  "props.params.path": {
                    "binding": {
                      "config": {
                        "path": "view.params.path"
                      },
                      "type": "property"
                    }
                  }
                },
                "props": {
                  "params": {
                    "num": 2
                  },
                  "path": "Templates/Indicators/lock"
                },
                "type": "ia.display.view"
              },
              {
                "meta": {
                  "name": "lock3"
                },
                "position": {
                  "height": 52,
                  "width": 72,
                  "x": 634,
                  "y": 28.5
                },
                "propConfig": {
                  "props.params.path": {
                    "binding": {
                      "config": {
                        "path": "view.params.path"
                      },
                      "type": "property"
                    }
                  }
                },
                "props": {
                  "params": {
                    "num": 3
                  },
                  "path": "Templates/Indicators/lock"
                },
                "type": "ia.display.view"
              },
              {
                "meta": {
                  "name": "lock4"
                },
                "position": {
                  "height": 52,
                  "width": 72,
                  "x": 707,
                  "y": 28.5
                },
                "propConfig": {
                  "props.params.path": {
                    "binding": {
                      "config": {
                        "path": "view.params.path"
                      },
                      "type": "property"
                    }
                  }
                },
                "props": {
                  "params": {
                    "num": 4
                  },
                  "path": "Templates/Indicators/lock"
                },
                "type": "ia.display.view"
              },
              {
                "meta": {
                  "name": "servo1"
                },
                "position": {
                  "height": 47,
                  "width": 775,
                  "x": 13.5,
                  "y": 184.5
                },
                "propConfig": {
                  "props.params.path": {
                    "binding": {
                      "config": {
                        "path": "view.params.path"
                      },
                      "type": "property"
                    }
                  }
                },
                "props": {
                  "params": {
                    "direction": "left",
                    "dispTagSuffix": "In/actualPos",
                    "dispValText": "Position",
                    "dockedView": "Templates/Equipment/servoStatus",
                    "drvNum": "servo1",
                    "label": "Servo #1"
                  },
                  "path": "Templates/Indicators/driveStatus"
                },
                "type": "ia.display.view"
              },
              {
                "meta": {
                  "name": "servo2"
                },
                "position": {
                  "height": 47,
                  "width": 775,
                  "x": 13.5,
                  "y": 231.5
                },
                "propConfig": {
                  "props.params.path": {
                    "binding": {
                      "config": {
                        "path": "view.params.path"
                      },
                      "type": "property"
                    }
                  }
                },
                "props": {
                  "params": {
                    "direction": "left",
                    "dispTagSuffix": "In/actualPos",
                    "dispValText": "Position",
                    "dockedView": "Templates/Equipment/servoStatus",
                    "drvNum": "servo2",
                    "label": "Servo #2"
                  },
                  "path": "Templates/Indicators/driveStatus"
                },
                "type": "ia.display.view"
              },
              {
                "meta": {
                  "name": "servo3"
                },
                "position": {
                  "height": 47,
                  "width": 775,
                  "x": 13.5,
                  "y": 278.5
                },
                "propConfig": {
                  "props.params.path": {
                    "binding": {
                      "config": {
                        "path": "view.params.path"
                      },
                      "type": "property"
                    }
                  }
                },
                "props": {
                  "params": {
                    "direction": "left",
                    "dispTagSuffix": "In/actualPos",
                    "dispValText": "Position",
                    "dockedView": "Templates/Equipment/servoStatus",
                    "drvNum": "servo3",
                    "label": "Servo #3"
                  },
                  "path": "Templates/Indicators/driveStatus"
                },
                "type": "ia.display.view"
              },
              {
                "meta": {
                  "name": "Label_2"
                },
                "position": {
                  "height": 20,
                  "width": 246,
                  "y": 5
                },
                "propConfig": {
                  "props.text": {
                    "binding": {
                      "config": {
                        "fallbackDelay": 2.5,
                        "mode": "indirect",
                        "references": {
                          "path": "{view.params.path}"
                        },
                        "tagPath": "{path}/metaData/displayName"
                      },
                      "transforms": [
                        {
                          "expression": "\u0027Device: \u0027 + upper({value})",
                          "type": "expression"
                        }
                      ],
                      "type": "tag"
                    }
                  }
                },
                "props": {
                  "style": {
                    "color": "#EEEEEE",
                    "fontWeight": "bold",
                    "textAlign": "center",
                    "textDecoration": "underline"
                  }
                },
                "type": "ia.display.label"
              },
              {
                "meta": {
                  "name": "EmbeddedView"
                },
                "position": {
                  "height": 36,
                  "width": 49,
                  "x": 13.5,
                  "y": 142
                },
                "propConfig": {
                  "props.params.priority": {
                    "binding": {
                      "config": {
                        "fallbackDelay": 2.5,
                        "mode": "indirect",
                        "references": {
                          "path": "{view.params.path}"
                        },
                        "tagPath": "{path}/almPriority/priority"
                      },
                      "type": "tag"
                    }
                  }
                },
                "props": {
                  "path": "Templates/Indicators/Alarm"
                },
                "type": "ia.display.view"
              },
              {
                "meta": {
                  "name": "state"
                },
                "position": {
                  "height": 30,
                  "width": 30,
                  "x": 127,
                  "y": 27
                },
                "propConfig": {
                  "props.params.state": {
                    "binding": {
                      "config": {
                        "path": "view.custom.state"
                      },
                      "type": "property"
                    }
                  }
                },
                "props": {
                  "path": "Templates/Icons/rotarySwitch"
                },
                "type": "ia.display.view"
              },
              {
                "meta": {
                  "name": "mode"
                },
                "position": {
                  "height": 30,
                  "width": 30,
                  "x": 127,
                  "y": 148
                },
                "propConfig": {
                  "props.params.mode": {
                    "binding": {
                      "config": {
                        "path": "view.custom.mode"
                      },
                      "type": "property"
                    }
                  }
                },
                "props": {
                  "path": "Templates/Indicators/Mode"
                },
                "type": "ia.display.view"
              }
            ],
            "meta": {
              "name": "servo1"
            },
            "props": {
              "style": {
                "backgroundColor": "#555555"
              }
            },
            "type": "ia.container.coord"
          },
          {
            "children": [
              {
                "custom": {
                  "key": 2
                },
                "events": {
                  "component": {
                    "onActionPerformed": {
                      "config": {
                        "script": "\tself.custom.value \u003d self.custom.key"
                      },
                      "scope": "G",
                      "type": "script"
                    }
                  }
                },
                "meta": {
                  "name": "Button_3"
                },
                "position": {
                  "height": 40,
                  "width": 80,
                  "x": 444,
                  "y": 41
                },
                "propConfig": {
                  "custom.value": {
                    "binding": {
                      "config": {
                        "bidirectional": true,
                        "fallbackDelay": 2.5,
                        "mode": "indirect",
                        "references": {
                          "1": "{view.params.path}"
                        },
                        "tagPath": "{1}/In/mode"
                      },
                      "type": "tag"
                    }
                  },
                  "props.style.backgroundColor": {
                    "binding": {
                      "config": {
                        "path": "this.custom.value"
                      },
                      "transforms": [
                        {
                          "expression": "if({value} \u003d {this.custom.key}, true, false)",
                          "type": "expression"
                        },
                        {
                          "fallback": "#000000",
                          "inputType": "scalar",
                          "mappings": [
                            {
                              "input": false,
                              "output": "#808080"
                            },
                            {
                              "input": true,
                              "output": "#FFFFFF"
                            }
                          ],
                          "outputType": "color",
                          "type": "map"
                        }
                      ],
                      "type": "property"
                    }
                  }
                },
                "props": {
                  "style": {
                    "classes": "button",
                    "cursor": "pointer"
                  },
                  "text": "Maint"
                },
                "type": "ia.input.button"
              },
              {
                "custom": {
                  "key": 5
                },
                "events": {
                  "component": {
                    "onActionPerformed": {
                      "config": {
                        "script": "\tself.custom.value \u003d self.custom.key"
                      },
                      "scope": "G",
                      "type": "script"
                    }
                  }
                },
                "meta": {
                  "name": "Button_4"
                },
                "position": {
                  "height": 40,
                  "width": 80,
                  "x": 360,
                  "y": 160
                },
                "propConfig": {
                  "custom.value": {
                    "binding": {
                      "config": {
                        "bidirectional": true,
                        "fallbackDelay": 2.5,
                        "mode": "indirect",
                        "references": {
                          "1": "{view.params.path}"
                        },
                        "tagPath": "{1}/In/state"
                      },
                      "type": "tag"
                    }
                  },
                  "props.style.backgroundColor": {
                    "binding": {
                      "config": {
                        "path": "this.custom.value"
                      },
                      "transforms": [
                        {
                          "expression": "if({value} \u003d {this.custom.key}, true, false)",
                          "type": "expression"
                        },
                        {
                          "fallback": "#000000",
                          "inputType": "scalar",
                          "mappings": [
                            {
                              "input": false,
                              "output": "#808080"
                            },
                            {
                              "input": true,
                              "output": "#FFFFFF"
                            }
                          ],
                          "outputType": "color",
                          "type": "map"
                        }
                      ],
                      "type": "property"
                    }
                  }
                },
                "props": {
                  "style": {
                    "classes": "button",
                    "cursor": "pointer"
                  },
                  "text": "No Comm"
                },
                "type": "ia.input.button"
              },
              {
                "custom": {
                  "key": 6
                },
                "events": {
                  "component": {
                    "onActionPerformed": {
                      "config": {
                        "script": "\tself.custom.value \u003d self.custom.key"
                      },
                      "scope": "G",
                      "type": "script"
                    }
                  }
                },
                "meta": {
                  "name": "Button_5"
                },
                "position": {
                  "height": 40,
                  "width": 80,
                  "x": 445,
                  "y": 160
                },
                "propConfig": {
                  "custom.value": {
                    "binding": {
                      "config": {
                        "bidirectional": true,
                        "fallbackDelay": 2.5,
                        "mode": "indirect",
                        "references": {
                          "1": "{view.params.path}"
                        },
                        "tagPath": "{1}/In/state"
                      },
                      "type": "tag"
                    }
                  },
                  "props.style.backgroundColor": {
                    "binding": {
                      "config": {
                        "path": "this.custom.value"
                      },
                      "transforms": [
                        {
                          "expression": "if({value} \u003d {this.custom.key}, true, false)",
                          "type": "expression"
                        },
                        {
                          "fallback": "#000000",
                          "inputType": "scalar",
                          "mappings": [
                            {
                              "input": false,
                              "output": "#808080"
                            },
                            {
                              "input": true,
                              "output": "#FFFFFF"
                            }
                          ],
                          "outputType": "color",
                          "type": "map"
                        }
                      ],
                      "type": "property"
                    }
                  }
                },
                "props": {
                  "style": {
                    "classes": "button",
                    "cursor": "pointer"
                  },
                  "text": "Faulted"
                },
                "type": "ia.input.button"
              },
              {
                "custom": {
                  "key": 99
                },
                "events": {
                  "component": {
                    "onActionPerformed": {
                      "config": {
                        "script": "\tself.custom.value \u003d self.custom.key"
                      },
                      "scope": "G",
                      "type": "script"
                    }
                  }
                },
                "meta": {
                  "name": "Button_2"
                },
                "position": {
                  "height": 40,
                  "width": 80,
                  "x": 359,
                  "y": 41
                },
                "propConfig": {
                  "custom.value": {
                    "binding": {
                      "config": {
                        "bidirectional": true,
                        "fallbackDelay": 2.5,
                        "mode": "indirect",
                        "references": {
                          "1": "{view.params.path}"
                        },
                        "tagPath": "{1}/In/mode"
                      },
                      "type": "tag"
                    }
                  },
                  "props.style.backgroundColor": {
                    "binding": {
                      "config": {
                        "path": "this.custom.value"
                      },
                      "transforms": [
                        {
                          "expression": "if({value} \u003d {this.custom.key}, true, false)",
                          "type": "expression"
                        },
                        {
                          "fallback": "#000000",
                          "inputType": "scalar",
                          "mappings": [
                            {
                              "input": false,
                              "output": "#808080"
                            },
                            {
                              "input": true,
                              "output": "#FFFFFF"
                            }
                          ],
                          "outputType": "color",
                          "type": "map"
                        }
                      ],
                      "type": "property"
                    }
                  }
                },
                "props": {
                  "style": {
                    "classes": "button",
                    "cursor": "pointer"
                  },
                  "text": "Enable"
                },
                "type": "ia.input.button"
              },
              {
                "custom": {
                  "key": 0
                },
                "events": {
                  "component": {
                    "onActionPerformed": {
                      "config": {
                        "script": "\tself.custom.value \u003d self.custom.key"
                      },
                      "scope": "G",
                      "type": "script"
                    }
                  }
                },
                "meta": {
                  "name": "Button_1"
                },
                "position": {
                  "height": 40,
                  "width": 80,
                  "x": 274,
                  "y": 41
                },
                "propConfig": {
                  "custom.value": {
                    "binding": {
                      "config": {
                        "bidirectional": true,
                        "fallbackDelay": 2.5,
                        "mode": "indirect",
                        "references": {
                          "1": "{view.params.path}"
                        },
                        "tagPath": "{1}/In/mode"
                      },
                      "type": "tag"
                    }
                  },
                  "props.style.backgroundColor": {
                    "binding": {
                      "config": {
                        "path": "this.custom.value"
                      },
                      "transforms": [
                        {
                          "expression": "if({value} \u003d {this.custom.key}, true, false)",
                          "type": "expression"
                        },
                        {
                          "fallback": "#000000",
                          "inputType": "scalar",
                          "mappings": [
                            {
                              "input": false,
                              "output": "#808080"
                            },
                            {
                              "input": true,
                              "output": "#FFFFFF"
                            }
                          ],
                          "outputType": "color",
                          "type": "map"
                        }
                      ],
                      "type": "property"
                    }
                  }
                },
                "props": {
                  "style": {
                    "classes": "button",
                    "cursor": "pointer"
                  },
                  "text": "Disable"
                },
                "type": "ia.input.button"
              },
              {
                "meta": {
                  "name": "Label_3"
                },
                "position": {
                  "height": 29,
                  "width": 774,
                  "x": 10.5,
                  "y": 5.01563
                },
                "props": {
                  "style": {
                    "borderBottomStyle": "solid",
                    "borderBottomWidth": 1,
                    "borderLeftStyle": "none",
                    "borderRightStyle": "none",
                    "borderTopStyle": "none",
                    "classes": "label"
                  },
                  "text": "Test Modes"
                },
                "type": "ia.display.label"
              },
              {
                "meta": {
                  "name": "Label_2"
                },
                "position": {
                  "height": 29,
                  "width": 774,
                  "x": 13.5,
                  "y": 126
                },
                "props": {
                  "style": {
                    "borderBottomStyle": "solid",
                    "borderBottomWidth": 1,
                    "borderLeftStyle": "none",
                    "borderRightStyle": "none",
                    "borderTopStyle": "none",
                    "classes": "label"
                  },
                  "text": "Test States"
                },
                "type": "ia.display.label"
              },
              {
                "custom": {
                  "key": 1
                },
                "events": {
                  "component": {
                    "onActionPerformed": {
                      "config": {
                        "script": "\tself.custom.value \u003d self.custom.key"
                      },
                      "scope": "G",
                      "type": "script"
                    }
                  }
                },
                "meta": {
                  "name": "Button_6"
                },
                "position": {
                  "height": 40,
                  "width": 80,
                  "x": 273,
                  "y": 160
                },
                "propConfig": {
                  "custom.value": {
                    "binding": {
                      "config": {
                        "bidirectional": true,
                        "fallbackDelay": 2.5,
                        "mode": "indirect",
                        "references": {
                          "1": "{view.params.path}"
                        },
                        "tagPath": "{1}/In/state"
                      },
                      "type": "tag"
                    }
                  },
                  "props.style.backgroundColor": {
                    "binding": {
                      "config": {
                        "path": "this.custom.value"
                      },
                      "transforms": [
                        {
                          "expression": "if({value} \u003d {this.custom.key}, true, false)",
                          "type": "expression"
                        },
                        {
                          "fallback": "#000000",
                          "inputType": "scalar",
                          "mappings": [
                            {
                              "input": false,
                              "output": "#808080"
                            },
                            {
                              "input": true,
                              "output": "#FFFFFF"
                            }
                          ],
                          "outputType": "color",
                          "type": "map"
                        }
                      ],
                      "type": "property"
                    }
                  }
                },
                "props": {
                  "style": {
                    "classes": "button",
                    "cursor": "pointer"
                  },
                  "text": "Active"
                },
                "type": "ia.input.button"
              }
            ],
            "meta": {
              "name": "maintCoordinateContainer"
            },
            "position": {
              "tabIndex": 1
            },
            "props": {
              "style": {
                "backgroundColor": "#555555"
              }
            },
            "type": "ia.container.coord"
          },
          {
            "children": [
              {
                "meta": {
                  "name": "AlarmStatusTable"
                },
                "position": {
                  "height": 322,
                  "width": 793,
                  "x": 2.5,
                  "y": 4
                },
                "propConfig": {
                  "props.filters.active.conditions.source": {
                    "binding": {
                      "config": {
                        "path": "view.custom.almPath"
                      },
                      "transforms": [
                        {
                          "expression": "\u0027*\u0027 + {value} + \u0027/*\u0027",
                          "type": "expression"
                        }
                      ],
                      "type": "property"
                    }
                  }
                },
                "props": {
                  "columns": {
                    "active": {
                      "activeTime": {
                        "width": 100
                      },
                      "displayPath": {
                        "width": 150
                      },
                      "name": {
                        "enabled": false
                      },
                      "priority": {
                        "enabled": false
                      },
                      "source": {
                        "enabled": false
                      },
                      "state": {
                        "width": 100
                      }
                    }
                  },
                  "dateFormat": "MM/DD/YY HH:mm:ss",
                  "filters": {
                    "active": {
                      "conditions": {}
                    }
                  },
                  "toolbar": {
                    "enabled": false
                  }
                },
                "type": "ia.display.alarmstatustable"
              }
            ],
            "meta": {
              "name": "alarmCoordinateContainer"
            },
            "position": {
              "tabIndex": 3
            },
            "props": {
              "style": {
                "backgroundColor": "#555555"
              }
            },
            "type": "ia.container.coord"
          },
          {
            "children": [
              {
                "meta": {
                  "name": "TimeSeriesChart"
                },
                "position": {
                  "height": 305.00000000000006,
                  "width": 788,
                  "y": 4.9936
                },
                "propConfig": {
                  "props.series[0].data": {
                    "binding": {
                      "config": {
                        "path": "view.params.path"
                      },
                      "transforms": [
                        {
                          "code": "\tpath \u003d value\n\tdata \u003d []\n\n\thistPaths \u003d []\n\tservo1Pos \u003d path + \u0027/servo1/In/actualPos\u0027\n\thistPaths.append(servo1Pos)\n\tservo2Pos \u003d path + \u0027/servo3/In/actualPos\u0027\n\thistPaths.append(servo2Pos)\n\tservo3Pos \u003d path + \u0027/servo3/In/actualPos\u0027\n\thistPaths.append(histPaths)\n\t\n\tendTime \u003d system.date.now()\n\tstartTime \u003d system.date.addHours(endTime, -8)\n\t\n\tdsHist \u003d system.tag.queryTagHistory(paths \u003d histPaths, startDate \u003d startTime, endDate \u003d endTime, returnSize \u003d 250, aggregationMode \u003d \u0027Average\u0027)\n\trows \u003d dsHist.getRowCount()\n\tif rows \u003e 0:\n\t\tfor row in range(rows):\n\t\t\ttime \u003d dsHist.getValueAt(row, 0)\n\t\t\tepoch \u003d system.date.secondsBetween(system.date.getDate(1970, 1, 1), time)\n\t\t\tsrvo1Pos \u003d dsHist.getValueAt(row, 1)\n\t\t\tsrvo2Pos \u003d dsHist.getValueAt(row, 2)\n\t\t\tsrvo3Pos \u003d dsHist.getValueAt(row, 3)\n\t\t\tdict \u003d {\"servo1Pos\":srvo1Pos, \"servo2Pos\":srvo2Pos, \"servo3Pos\":srvo3Pos, \"time\":epoch}\n\t\t\tdata.append(dict)\n\t\t\t\n\treturn data",
                          "type": "script"
                        }
                      ],
                      "type": "property"
                    }
                  }
                },
                "props": {
                  "series": [
                    {
                      "name": "Rotary Switch"
                    }
                  ]
                },
                "type": "ia.chart.timeseries"
              },
              {
                "events": {
                  "dom": {
                    "onClick": {
                      "config": {
                        "draggable": true,
                        "id": "{/root/TabContainer/trendCoordinateContainer/Button.custom.id}",
                        "modal": false,
                        "overlayDismiss": false,
                        "resizable": true,
                        "showCloseIcon": false,
                        "type": "open",
                        "viewParams": {
                          "id": "{/root/TabContainer/trendCoordinateContainer/Button.custom.id}",
                          "path": "{view.params.path}"
                        },
                        "viewPath": "AdHocTrends/AdHocTrendsWrap"
                      },
                      "scope": "C",
                      "type": "popup"
                    }
                  }
                },
                "meta": {
                  "name": "Button"
                },
                "position": {
                  "height": 44,
                  "width": 102,
                  "x": 348.5,
                  "y": 319.968
                },
                "propConfig": {
                  "custom.id": {
                    "binding": {
                      "config": {
                        "path": "view.params.id"
                      },
                      "transforms": [
                        {
                          "expression": "{value} + \u0027/AdHocTrend\u0027",
                          "type": "expression"
                        }
                      ],
                      "type": "property"
                    }
                  }
                },
                "props": {
                  "style": {
                    "classes": "button",
                    "cursor": "pointer"
                  },
                  "text": "Ad Hoc Trend"
                },
                "type": "ia.input.button"
              }
            ],
            "meta": {
              "name": "trendCoordinateContainer"
            },
            "position": {
              "tabIndex": 2
            },
            "props": {
              "style": {
                "backgroundColor": "#555555"
              }
            },
            "type": "ia.container.coord"
          },
          {
            "children": [
              {
                "meta": {
                  "name": "txtDevDesc"
                },
                "position": {
                  "height": 20,
                  "width": 180,
                  "x": 202,
                  "y": 15
                },
                "propConfig": {
                  "props.text": {
                    "binding": {
                      "config": {
                        "bidirectional": true,
                        "fallbackDelay": 2.5,
                        "mode": "indirect",
                        "references": {
                          "path": "{view.params.path}"
                        },
                        "tagPath": "{path}/metaData/Description"
                      },
                      "type": "tag"
                    }
                  }
                },
                "type": "ia.input.text-field"
              },
              {
                "meta": {
                  "name": "lblDevDesc"
                },
                "position": {
                  "height": 20,
                  "width": 146,
                  "x": 52,
                  "y": 15
                },
                "props": {
                  "style": {
                    "color": "#FFFFFF"
                  },
                  "text": "Device Description:"
                },
                "type": "ia.display.label"
              },
              {
                "meta": {
                  "name": "lblCtrlSys"
                },
                "position": {
                  "height": 20,
                  "width": 341,
                  "x": 52,
                  "y": 50
                },
                "props": {
                  "style": {
                    "borderBottomColor": "#FFFFFF",
                    "borderBottomStyle": "solid",
                    "borderBottomWidth": 1,
                    "color": "#FFFFFF"
                  },
                  "text": "Control System"
                },
                "type": "ia.display.label"
              },
              {
                "meta": {
                  "name": "lblCtrlSysDesc"
                },
                "position": {
                  "height": 20,
                  "width": 146,
                  "x": 52,
                  "y": 75
                },
                "props": {
                  "style": {
                    "color": "#FFFFFF"
                  },
                  "text": "Description:"
                },
                "type": "ia.display.label"
              },
              {
                "meta": {
                  "name": "lblProxesDesc2"
                },
                "position": {
                  "height": 20,
                  "width": 147,
                  "x": 417,
                  "y": 100
                },
                "props": {
                  "style": {
                    "color": "#FFFFFF"
                  },
                  "text": "Prox 2 Desc:"
                },
                "type": "ia.display.label"
              },
              {
                "meta": {
                  "name": "lblProxesDesc1"
                },
                "position": {
                  "height": 20,
                  "width": 147,
                  "x": 417,
                  "y": 75
                },
                "props": {
                  "style": {
                    "color": "#FFFFFF"
                  },
                  "text": "Prox 1 Desc:"
                },
                "type": "ia.display.label"
              },
              {
                "meta": {
                  "name": "lblProxesDesc3"
                },
                "position": {
                  "height": 20,
                  "width": 147,
                  "x": 417,
                  "y": 125
                },
                "props": {
                  "style": {
                    "color": "#FFFFFF"
                  },
                  "text": "Prox 3 Desc:"
                },
                "type": "ia.display.label"
              },
              {
                "meta": {
                  "name": "lblProxesDesc4"
                },
                "position": {
                  "height": 20,
                  "width": 147,
                  "x": 417,
                  "y": 150
                },
                "props": {
                  "style": {
                    "color": "#FFFFFF"
                  },
                  "text": "Prox 4 Desc:"
                },
                "type": "ia.display.label"
              },
              {
                "meta": {
                  "name": "lblProxes"
                },
                "position": {
                  "height": 20,
                  "width": 329,
                  "x": 417,
                  "y": 50
                },
                "props": {
                  "style": {
                    "borderBottomColor": "#FFFFFF",
                    "borderBottomStyle": "solid",
                    "borderBottomWidth": 1,
                    "color": "#FFFFFF"
                  },
                  "text": "Proxes"
                },
                "type": "ia.display.label"
              },
              {
                "meta": {
                  "name": "lblServo1Desc"
                },
                "position": {
                  "height": 20,
                  "width": 146,
                  "x": 52,
                  "y": 135
                },
                "props": {
                  "style": {
                    "color": "#FFFFFF"
                  },
                  "text": "Servo 1 Description:"
                },
                "type": "ia.display.label"
              },
              {
                "meta": {
                  "name": "lblServo2Desc"
                },
                "position": {
                  "height": 20,
                  "width": 146,
                  "x": 52,
                  "y": 160
                },
                "props": {
                  "style": {
                    "color": "#FFFFFF"
                  },
                  "text": "Servo 2 Description:"
                },
                "type": "ia.display.label"
              },
              {
                "meta": {
                  "name": "lblServos"
                },
                "position": {
                  "height": 20,
                  "width": 341,
                  "x": 52,
                  "y": 110
                },
                "props": {
                  "style": {
                    "borderBottomColor": "#FFFFFF",
                    "borderBottomStyle": "solid",
                    "borderBottomWidth": 1,
                    "color": "#FFFFFF"
                  },
                  "text": "Servos"
                },
                "type": "ia.display.label"
              },
              {
                "meta": {
                  "name": "lblServo3Desc"
                },
                "position": {
                  "height": 20,
                  "width": 146,
                  "x": 52,
                  "y": 185
                },
                "props": {
                  "style": {
                    "color": "#FFFFFF"
                  },
                  "text": "Servo 3 Description:"
                },
                "type": "ia.display.label"
              },
              {
                "meta": {
                  "name": "lblLockDesc2"
                },
                "position": {
                  "height": 20,
                  "width": 147,
                  "x": 417,
                  "y": 230
                },
                "props": {
                  "style": {
                    "color": "#FFFFFF"
                  },
                  "text": "Lock 2 Desc:"
                },
                "type": "ia.display.label"
              },
              {
                "meta": {
                  "name": "lblLockDesc1"
                },
                "position": {
                  "height": 20,
                  "width": 147,
                  "x": 417,
                  "y": 205
                },
                "props": {
                  "style": {
                    "color": "#FFFFFF"
                  },
                  "text": "Lock 1 Desc:"
                },
                "type": "ia.display.label"
              },
              {
                "meta": {
                  "name": "lblLockDesc3"
                },
                "position": {
                  "height": 20,
                  "width": 147,
                  "x": 417,
                  "y": 255
                },
                "props": {
                  "style": {
                    "color": "#FFFFFF"
                  },
                  "text": "Lock 3 Desc:"
                },
                "type": "ia.display.label"
              },
              {
                "meta": {
                  "name": "lblLockDesc4"
                },
                "position": {
                  "height": 20,
                  "width": 147,
                  "x": 417,
                  "y": 280
                },
                "props": {
                  "style": {
                    "color": "#FFFFFF"
                  },
                  "text": "Lock 4 Desc:"
                },
                "type": "ia.display.label"
              },
              {
                "meta": {
                  "name": "lblLocks"
                },
                "position": {
                  "height": 20,
                  "width": 329,
                  "x": 417,
                  "y": 180
                },
                "props": {
                  "style": {
                    "borderBottomColor": "#FFFFFF",
                    "borderBottomStyle": "solid",
                    "borderBottomWidth": 1,
                    "color": "#FFFFFF"
                  },
                  "text": "Locks"
                },
                "type": "ia.display.label"
              },
              {
                "meta": {
                  "name": "txtCtrlSysDes"
                },
                "position": {
                  "height": 20,
                  "width": 180,
                  "x": 202,
                  "y": 75
                },
                "propConfig": {
                  "props.text": {
                    "binding": {
                      "config": {
                        "bidirectional": true,
                        "fallbackDelay": 2.5,
                        "mode": "indirect",
                        "references": {
                          "path": "{view.params.path}"
                        },
                        "tagPath": "{path}/ctlSystem/metaData/Description"
                      },
                      "type": "tag"
                    }
                  }
                },
                "type": "ia.input.text-field"
              },
              {
                "meta": {
                  "name": "txtServo1Desc"
                },
                "position": {
                  "height": 20,
                  "width": 180,
                  "x": 202,
                  "y": 135
                },
                "propConfig": {
                  "props.text": {
                    "binding": {
                      "config": {
                        "bidirectional": true,
                        "fallbackDelay": 2.5,
                        "mode": "indirect",
                        "references": {
                          "path": "{view.params.path}"
                        },
                        "tagPath": "{path}/servo1/metaData/Description"
                      },
                      "type": "tag"
                    }
                  }
                },
                "type": "ia.input.text-field"
              },
              {
                "meta": {
                  "name": "txtServo2Desc"
                },
                "position": {
                  "height": 20,
                  "width": 180,
                  "x": 202,
                  "y": 160
                },
                "propConfig": {
                  "props.text": {
                    "binding": {
                      "config": {
                        "bidirectional": true,
                        "fallbackDelay": 2.5,
                        "mode": "indirect",
                        "references": {
                          "path": "{view.params.path}"
                        },
                        "tagPath": "{path}/servo2/metaData/Description"
                      },
                      "type": "tag"
                    }
                  }
                },
                "type": "ia.input.text-field"
              },
              {
                "meta": {
                  "name": "txtServo3Desc"
                },
                "position": {
                  "height": 20,
                  "width": 180,
                  "x": 202,
                  "y": 185
                },
                "propConfig": {
                  "props.text": {
                    "binding": {
                      "config": {
                        "bidirectional": true,
                        "fallbackDelay": 2.5,
                        "mode": "indirect",
                        "references": {
                          "path": "{view.params.path}"
                        },
                        "tagPath": "{path}/servo3/metaData/Description"
                      },
                      "type": "tag"
                    }
                  }
                },
                "type": "ia.input.text-field"
              },
              {
                "meta": {
                  "name": "txtProxesDesc1"
                },
                "position": {
                  "height": 20,
                  "width": 180,
                  "x": 557,
                  "y": 75
                },
                "propConfig": {
                  "props.text": {
                    "binding": {
                      "config": {
                        "bidirectional": true,
                        "fallbackDelay": 2.5,
                        "mode": "indirect",
                        "references": {
                          "path": "{view.params.path}"
                        },
                        "tagPath": "{path}/In/prox1/metaData/Description"
                      },
                      "type": "tag"
                    }
                  }
                },
                "type": "ia.input.text-field"
              },
              {
                "meta": {
                  "name": "txtProxesDesc2"
                },
                "position": {
                  "height": 20,
                  "width": 180,
                  "x": 557,
                  "y": 100
                },
                "propConfig": {
                  "props.text": {
                    "binding": {
                      "config": {
                        "bidirectional": true,
                        "fallbackDelay": 2.5,
                        "mode": "indirect",
                        "references": {
                          "path": "{view.params.path}"
                        },
                        "tagPath": "{path}/In/prox2/metaData/Description"
                      },
                      "type": "tag"
                    }
                  }
                },
                "type": "ia.input.text-field"
              },
              {
                "meta": {
                  "name": "txtProxesDesc3"
                },
                "position": {
                  "height": 20,
                  "width": 180,
                  "x": 557,
                  "y": 125
                },
                "propConfig": {
                  "props.text": {
                    "binding": {
                      "config": {
                        "bidirectional": true,
                        "fallbackDelay": 2.5,
                        "mode": "indirect",
                        "references": {
                          "path": "{view.params.path}"
                        },
                        "tagPath": "{path}/In/prox3/metaData/Description"
                      },
                      "type": "tag"
                    }
                  }
                },
                "type": "ia.input.text-field"
              },
              {
                "meta": {
                  "name": "txtProxesDesc4"
                },
                "position": {
                  "height": 20,
                  "width": 180,
                  "x": 557,
                  "y": 150
                },
                "propConfig": {
                  "props.text": {
                    "binding": {
                      "config": {
                        "bidirectional": true,
                        "fallbackDelay": 2.5,
                        "mode": "indirect",
                        "references": {
                          "path": "{view.params.path}"
                        },
                        "tagPath": "{path}/In/prox4/metaData/Description"
                      },
                      "type": "tag"
                    }
                  }
                },
                "type": "ia.input.text-field"
              },
              {
                "meta": {
                  "name": "txtLockDesc1"
                },
                "position": {
                  "height": 20,
                  "width": 180,
                  "x": 557,
                  "y": 205
                },
                "propConfig": {
                  "props.text": {
                    "binding": {
                      "config": {
                        "bidirectional": true,
                        "fallbackDelay": 2.5,
                        "mode": "indirect",
                        "references": {
                          "path": "{view.params.path}"
                        },
                        "tagPath": "{path}/lock1/metaData/Description"
                      },
                      "type": "tag"
                    }
                  }
                },
                "type": "ia.input.text-field"
              },
              {
                "meta": {
                  "name": "txtLockDesc2"
                },
                "position": {
                  "height": 20,
                  "width": 180,
                  "x": 557,
                  "y": 230
                },
                "propConfig": {
                  "props.text": {
                    "binding": {
                      "config": {
                        "bidirectional": true,
                        "fallbackDelay": 2.5,
                        "mode": "indirect",
                        "references": {
                          "path": "{view.params.path}"
                        },
                        "tagPath": "{path}/lock2/metaData/Description"
                      },
                      "type": "tag"
                    }
                  }
                },
                "type": "ia.input.text-field"
              },
              {
                "meta": {
                  "name": "txtLockDesc3"
                },
                "position": {
                  "height": 20,
                  "width": 180,
                  "x": 557,
                  "y": 255
                },
                "propConfig": {
                  "props.text": {
                    "binding": {
                      "config": {
                        "bidirectional": true,
                        "fallbackDelay": 2.5,
                        "mode": "indirect",
                        "references": {
                          "path": "{view.params.path}"
                        },
                        "tagPath": "{path}/lock3/metaData/Description"
                      },
                      "type": "tag"
                    }
                  }
                },
                "type": "ia.input.text-field"
              },
              {
                "meta": {
                  "name": "txtLockDesc4"
                },
                "position": {
                  "height": 20,
                  "width": 180,
                  "x": 557,
                  "y": 280
                },
                "propConfig": {
                  "props.text": {
                    "binding": {
                      "config": {
                        "bidirectional": true,
                        "fallbackDelay": 2.5,
                        "mode": "indirect",
                        "references": {
                          "path": "{view.params.path}"
                        },
                        "tagPath": "{path}/lock4/metaData/Description"
                      },
                      "type": "tag"
                    }
                  }
                },
                "type": "ia.input.text-field"
              }
            ],
            "meta": {
              "name": "labelsCoordinateContainer"
            },
            "position": {
              "tabIndex": 4
            },
            "props": {
              "style": {
                "backgroundColor": "#555555"
              }
            },
            "type": "ia.container.coord"
          }
        ],
        "meta": {
          "name": "TabContainer"
        },
        "position": {
          "height": 410,
          "width": 801,
          "x": 1
        },
        "props": {
          "currentTabIndex": 2,
          "tabSize": {
            "width": 130
          },
          "tabStyle": {
            "active": {
              "backgroundColor": "#EEEEEE",
              "borderColor": "#000000",
              "borderStyle": "solid",
              "borderWidth": 1
            },
            "inactive": {
              "backgroundColor": "#D5D5D5",
              "borderColor": "#000000",
              "borderStyle": "solid",
              "borderWidth": 1
            }
          },
          "tabs": [
            {
              "viewPath": "Templates/Popups/tabIcons/home"
            },
            {
              "viewPath": "Templates/Popups/tabIcons/maintenance"
            },
            {
              "viewPath": "Templates/Popups/tabIcons/trend"
            },
            {
              "viewPath": "Templates/Popups/tabIcons/alarms"
            },
            {
              "viewPath": "Templates/Popups/tabIcons/labels"
            }
          ]
        },
        "type": "ia.container.tab"
      }
    ],
    "events": {
      "system": {
        "onStartup": {
          "config": {
            "script": "\tself.getChild(\"TabContainer\").props.currentTabIndex \u003d 0"
          },
          "scope": "G",
          "type": "script"
        }
      }
    },
    "meta": {
      "name": "root"
    },
    "position": {
      "x": 168,
      "y": 43
    },
    "props": {
      "style": {
        "backgroundColor": "#555555",
        "borderColor": "#000000",
        "borderStyle": "solid",
        "borderWidth": 1
      }
    },
    "type": "ia.container.coord"
  }
}