{
  "custom": {
    "key": ""
  },
  "params": {
    "index": 34,
    "indexMax": 750,
    "path": "[Park]area905/Track 907/rv1",
    "selected": false
  },
  "propConfig": {
    "params.index": {
      "binding": {
        "config": {
          "fallbackDelay": 2.5,
          "mode": "indirect",
          "references": {
            "1": "{view.params.path}"
          },
          "tagPath": "{1}/lineEncoder/In/actualPos"
        },
        "type": "tag"
      },
      "paramDirection": "output",
      "persistent": true
    },
    "params.indexMax": {
      "binding": {
        "config": {
          "fallbackDelay": 2.5,
          "mode": "indirect",
          "references": {
            "1": "{view.params.path}"
          },
          "tagPath": "{1}/In/posMax"
        },
        "type": "tag"
      },
      "paramDirection": "output",
      "persistent": true
    },
    "params.path": {
      "paramDirection": "input",
      "persistent": true
    },
    "params.selected": {
      "binding": {
        "config": {
          "fallbackDelay": 2.5,
          "mode": "indirect",
          "references": {
            "1": "{view.params.path}"
          },
          "tagPath": "{1}/In/selected"
        },
        "transforms": [
          {
            "code": "\tif value:\n\t\tself.props.defaultSize.width \u003d 60\n\t\tself.props.defaultSize.height \u003d 60\n\telse:\n\t\tself.props.defaultSize.width \u003d 30\n\t\tself.props.defaultSize.height \u003d 30\n\treturn value",
            "type": "script"
          }
        ],
        "type": "tag"
      },
      "paramDirection": "output",
      "persistent": true
    }
  },
  "props": {
    "defaultSize": {
      "height": 50,
      "width": 50
    }
  },
  "root": {
    "children": [
      {
        "meta": {
          "name": "RV"
        },
        "position": {
          "height": 1,
          "width": 1
        },
        "propConfig": {
          "props.elements[0].elements[0].fill.paint": {
            "binding": {
              "config": {
                "fallbackDelay": 2.5,
                "mode": "indirect",
                "references": {
                  "1": "{view.params.path}"
                },
                "tagPath": "{1}/In/selected"
              },
              "transforms": [
                {
                  "fallback": "#808080",
                  "inputType": "scalar",
                  "mappings": [
                    {
                      "input": false,
                      "output": "#FFFFFF"
                    },
                    {
                      "input": true,
                      "output": "#808080"
                    }
                  ],
                  "outputType": "color",
                  "type": "map"
                }
              ],
              "type": "tag"
            }
          },
          "props.elements[0].elements[1].fill.paint": {
            "binding": {
              "config": {
                "path": "session.props.theme"
              },
              "transforms": [
                {
                  "fallback": "#000000",
                  "inputType": "scalar",
                  "mappings": [
                    {
                      "input": "light",
                      "output": "#FFFFFF"
                    },
                    {
                      "input": "dark",
                      "output": "#808080"
                    }
                  ],
                  "outputType": "color",
                  "type": "map"
                }
              ],
              "type": "property"
            }
          }
        },
        "props": {
          "elements": [
            {
              "elements": [
                {
                  "cx": "50.285122",
                  "cy": "247.47083",
                  "fill": {
                    "opacity": 1,
                    "rule": "evenodd"
                  },
                  "name": "path815",
                  "r": "49",
                  "stroke": {
                    "dasharray": "none",
                    "dashoffset": "0",
                    "linecap": "butt",
                    "miterlimit": "4",
                    "opacity": "1",
                    "paint": "#000000",
                    "width": 1
                  },
                  "style": {
                    "opacity": "1",
                    "vectorEffect": "none"
                  },
                  "type": "circle"
                },
                {
                  "cx": "50.285122",
                  "cy": "247.47083",
                  "fill": {
                    "opacity": 1,
                    "rule": "evenodd"
                  },
                  "name": "path817",
                  "r": "39.56044",
                  "stroke": {
                    "dasharray": "none",
                    "dashoffset": "0",
                    "linecap": "butt",
                    "miterlimit": "4",
                    "opacity": "1",
                    "paint": "#000000",
                    "width": 0.87912089
                  },
                  "style": {
                    "opacity": "1",
                    "vectorEffect": "none"
                  },
                  "type": "circle"
                }
              ],
              "name": "layer1",
              "transform": "translate(0,-197)",
              "type": "group"
            }
          ],
          "style": {
            "cursor": "pointer"
          }
        },
        "type": "ia.shapes.svg"
      },
      {
        "meta": {
          "name": "Label"
        },
        "position": {
          "height": 1,
          "width": 1
        },
        "propConfig": {
          "props.text": {
            "binding": {
              "config": {
                "fallbackDelay": 2.5,
                "mode": "indirect",
                "references": {
                  "1": "{view.params.path}"
                },
                "tagPath": "{1}/Number"
              },
              "type": "tag"
            }
          }
        },
        "props": {
          "alignVertical": "center",
          "style": {
            "classes": "carText",
            "textAlign": "center"
          }
        },
        "type": "ia.display.label"
      }
    ],
    "meta": {
      "name": "root"
    },
    "props": {
      "aspectRatio": "1:1",
      "mode": "percent",
      "style": {
        "overflow": "hidden"
      }
    },
    "type": "ia.container.coord"
  }
}