{
  "custom": {
    "almPath": "epicUniverse/track902/Ride Equipment/turntable001",
    "mode": 99,
    "state": 1
  },
  "params": {
    "id": "",
    "path": "[Park]epicUniverse/track902/Ride Equipment/turntable001",
    "title": "value"
  },
  "propConfig": {
    "custom.almPath": {
      "binding": {
        "config": {
          "path": "view.params.path"
        },
        "transforms": [
          {
            "expression": "substring({value}, (lastindexof({value}, \u0027]\u0027) + 1))",
            "type": "expression"
          }
        ],
        "type": "property"
      },
      "persistent": true
    },
    "custom.mode": {
      "binding": {
        "config": {
          "fallbackDelay": 2.5,
          "mode": "indirect",
          "references": {
            "path": "{view.params.path}"
          },
          "tagPath": "{path}/In/mode"
        },
        "type": "tag"
      },
      "persistent": true
    },
    "custom.state": {
      "binding": {
        "config": {
          "fallbackDelay": 2.5,
          "mode": "indirect",
          "references": {
            "path": "{view.params.path}"
          },
          "tagPath": "{path}/In/state"
        },
        "type": "tag"
      },
      "persistent": true
    },
    "params.id": {
      "paramDirection": "input",
      "persistent": true
    },
    "params.path": {
      "paramDirection": "input",
      "persistent": true
    },
    "params.title": {
      "paramDirection": "input",
      "persistent": true
    }
  },
  "props": {
    "defaultSize": {
      "height": 772,
      "width": 760
    }
  },
  "root": {
    "children": [
      {
        "children": [
          {
            "children": [
              {
                "meta": {
                  "name": "Label_4"
                },
                "position": {
                  "height": 88,
                  "width": 152,
                  "x": 263.44399999999996,
                  "y": 105.375
                },
                "props": {
                  "style": {
                    "borderBottomLeftRadius": 5,
                    "borderBottomRightRadius": 5,
                    "borderColor": "#EEEEEE",
                    "borderStyle": "solid",
                    "borderTopLeftRadius": 5,
                    "borderTopRightRadius": 5,
                    "borderWidth": 1
                  }
                },
                "type": "ia.display.label"
              },
              {
                "meta": {
                  "name": "Turntable"
                },
                "position": {
                  "height": 200,
                  "width": 200,
                  "x": 23,
                  "y": 25
                },
                "props": {
                  "fit": {
                    "mode": "fill"
                  },
                  "source": "/system/images/Devices/Turntable.svg"
                },
                "type": "ia.display.image"
              },
              {
                "meta": {
                  "name": "Label_0"
                },
                "position": {
                  "height": 23,
                  "width": 70,
                  "x": 336,
                  "y": 78.125
                },
                "propConfig": {
                  "props.text": {
                    "binding": {
                      "config": {
                        "fallbackDelay": 2.5,
                        "mode": "indirect",
                        "references": {
                          "path": "{view.params.path}"
                        },
                        "tagPath": "{path}/Cmd/Dir"
                      },
                      "type": "tag"
                    }
                  }
                },
                "props": {
                  "style": {
                    "color": "#EEEEEE"
                  }
                },
                "type": "ia.display.label"
              },
              {
                "meta": {
                  "name": "Label"
                },
                "position": {
                  "height": 20,
                  "width": 66,
                  "x": 263.438,
                  "y": 79.625
                },
                "props": {
                  "style": {
                    "color": "#EEEEEE"
                  },
                  "text": "Direction:"
                },
                "type": "ia.display.label"
              },
              {
                "meta": {
                  "name": "EmbeddedView"
                },
                "position": {
                  "height": 36,
                  "width": 49,
                  "x": 23,
                  "y": 189
                },
                "propConfig": {
                  "props.params.priority": {
                    "binding": {
                      "config": {
                        "fallbackDelay": 2.5,
                        "mode": "indirect",
                        "references": {
                          "path": "{view.params.path}"
                        },
                        "tagPath": "{path}/almPriority/priority"
                      },
                      "type": "tag"
                    }
                  }
                },
                "props": {
                  "path": "Templates/Indicators/Alarm"
                },
                "type": "ia.display.view"
              },
              {
                "meta": {
                  "name": "Label_1"
                },
                "position": {
                  "height": 20,
                  "width": 67,
                  "x": 263,
                  "y": 58.125
                },
                "props": {
                  "style": {
                    "color": "#EEEEEE"
                  },
                  "text": "Position:"
                },
                "type": "ia.display.label"
              },
              {
                "meta": {
                  "name": "Label_3"
                },
                "position": {
                  "height": 23,
                  "width": 70,
                  "x": 336,
                  "y": 56.625
                },
                "propConfig": {
                  "props.text": {
                    "binding": {
                      "config": {
                        "fallbackDelay": 2.5,
                        "mode": "indirect",
                        "references": {
                          "path": "{view.params.path}"
                        },
                        "tagPath": "{path}/Out/angle"
                      },
                      "type": "tag"
                    }
                  }
                },
                "props": {
                  "style": {
                    "color": "#EEEEEE"
                  }
                },
                "type": "ia.display.label"
              },
              {
                "meta": {
                  "name": "prx1"
                },
                "position": {
                  "height": 57,
                  "width": 33,
                  "x": 265.45,
                  "y": 134.375
                },
                "propConfig": {
                  "props.params.path": {
                    "binding": {
                      "config": {
                        "path": "view.params.path"
                      },
                      "type": "property"
                    }
                  }
                },
                "props": {
                  "params": {
                    "num": 1
                  },
                  "path": "Templates/Indicators/prox"
                },
                "type": "ia.display.view"
              },
              {
                "meta": {
                  "name": "prx12"
                },
                "position": {
                  "height": 57,
                  "width": 33,
                  "x": 303.45,
                  "y": 134.375
                },
                "propConfig": {
                  "props.params.path": {
                    "binding": {
                      "config": {
                        "path": "view.params.path"
                      },
                      "type": "property"
                    }
                  }
                },
                "props": {
                  "params": {
                    "num": 2
                  },
                  "path": "Templates/Indicators/prox"
                },
                "type": "ia.display.view"
              },
              {
                "meta": {
                  "name": "prx13"
                },
                "position": {
                  "height": 57,
                  "width": 33,
                  "x": 341.45,
                  "y": 134.375
                },
                "propConfig": {
                  "props.params.path": {
                    "binding": {
                      "config": {
                        "path": "view.params.path"
                      },
                      "type": "property"
                    }
                  }
                },
                "props": {
                  "params": {
                    "num": 3
                  },
                  "path": "Templates/Indicators/prox"
                },
                "type": "ia.display.view"
              },
              {
                "meta": {
                  "name": "prx14"
                },
                "position": {
                  "height": 57,
                  "width": 33,
                  "x": 379.45,
                  "y": 134.375
                },
                "propConfig": {
                  "props.params.path": {
                    "binding": {
                      "config": {
                        "path": "view.params.path"
                      },
                      "type": "property"
                    }
                  }
                },
                "props": {
                  "params": {
                    "num": 4
                  },
                  "path": "Templates/Indicators/prox"
                },
                "type": "ia.display.view"
              },
              {
                "meta": {
                  "name": "Label_9"
                },
                "position": {
                  "height": 20,
                  "width": 130,
                  "x": 274.444,
                  "y": 108.364
                },
                "props": {
                  "style": {
                    "classes": "label_underline",
                    "color": "#EEEEEE"
                  },
                  "text": "Prox Statuses:"
                },
                "type": "ia.display.label"
              },
              {
                "meta": {
                  "name": "EmbeddedView_0"
                },
                "position": {
                  "height": 111,
                  "width": 290,
                  "x": 425.451,
                  "y": 82.384
                },
                "propConfig": {
                  "props.params.path": {
                    "binding": {
                      "config": {
                        "path": "view.params.path"
                      },
                      "type": "property"
                    }
                  }
                },
                "props": {
                  "path": "Templates/Equipment/ctlSystem"
                },
                "type": "ia.display.view"
              },
              {
                "meta": {
                  "name": "vfd8"
                },
                "position": {
                  "height": 53,
                  "width": 730,
                  "x": 23,
                  "y": 604
                },
                "propConfig": {
                  "props.params.path": {
                    "binding": {
                      "config": {
                        "path": "view.params.path"
                      },
                      "type": "property"
                    }
                  }
                },
                "props": {
                  "params": {
                    "direction": "left",
                    "dockedView": "Templates/Equipment/vfdStatus",
                    "drvNum": "vfd8",
                    "label": "VFD #8"
                  },
                  "path": "Templates/Indicators/driveStatus"
                },
                "type": "ia.display.view"
              },
              {
                "meta": {
                  "name": "vfd2"
                },
                "position": {
                  "height": 53,
                  "width": 730,
                  "x": 23,
                  "y": 286
                },
                "propConfig": {
                  "props.params.path": {
                    "binding": {
                      "config": {
                        "path": "view.params.path"
                      },
                      "type": "property"
                    }
                  }
                },
                "props": {
                  "params": {
                    "direction": "left",
                    "dockedView": "Templates/Equipment/vfdStatus",
                    "drvNum": "vfd2",
                    "label": "VFD #2"
                  },
                  "path": "Templates/Indicators/driveStatus"
                },
                "type": "ia.display.view"
              },
              {
                "meta": {
                  "name": "vfd3"
                },
                "position": {
                  "height": 53,
                  "width": 730,
                  "x": 23,
                  "y": 339
                },
                "propConfig": {
                  "props.params.path": {
                    "binding": {
                      "config": {
                        "path": "view.params.path"
                      },
                      "type": "property"
                    }
                  }
                },
                "props": {
                  "params": {
                    "direction": "left",
                    "dockedView": "Templates/Equipment/vfdStatus",
                    "drvNum": "vfd3",
                    "label": "VFD #3"
                  },
                  "path": "Templates/Indicators/driveStatus"
                },
                "type": "ia.display.view"
              },
              {
                "meta": {
                  "name": "vfd4"
                },
                "position": {
                  "height": 53,
                  "width": 730,
                  "x": 23,
                  "y": 392
                },
                "propConfig": {
                  "props.params.path": {
                    "binding": {
                      "config": {
                        "path": "view.params.path"
                      },
                      "type": "property"
                    }
                  }
                },
                "props": {
                  "params": {
                    "direction": "left",
                    "dockedView": "Templates/Equipment/vfdStatus",
                    "drvNum": "vfd4",
                    "label": "VFD #4"
                  },
                  "path": "Templates/Indicators/driveStatus"
                },
                "type": "ia.display.view"
              },
              {
                "meta": {
                  "name": "vfd5"
                },
                "position": {
                  "height": 53,
                  "width": 730,
                  "x": 23,
                  "y": 445
                },
                "propConfig": {
                  "props.params.path": {
                    "binding": {
                      "config": {
                        "path": "view.params.path"
                      },
                      "type": "property"
                    }
                  }
                },
                "props": {
                  "params": {
                    "direction": "left",
                    "dockedView": "Templates/Equipment/vfdStatus",
                    "drvNum": "vfd5",
                    "label": "VFD #5"
                  },
                  "path": "Templates/Indicators/driveStatus"
                },
                "type": "ia.display.view"
              },
              {
                "meta": {
                  "name": "vfd6"
                },
                "position": {
                  "height": 53,
                  "width": 730,
                  "x": 23,
                  "y": 498
                },
                "propConfig": {
                  "props.params.path": {
                    "binding": {
                      "config": {
                        "path": "view.params.path"
                      },
                      "type": "property"
                    }
                  }
                },
                "props": {
                  "params": {
                    "direction": "left",
                    "dockedView": "Templates/Equipment/vfdStatus",
                    "drvNum": "vfd6",
                    "label": "VFD #6"
                  },
                  "path": "Templates/Indicators/driveStatus"
                },
                "type": "ia.display.view"
              },
              {
                "meta": {
                  "name": "vfd7"
                },
                "position": {
                  "height": 53,
                  "width": 730,
                  "x": 23,
                  "y": 551
                },
                "propConfig": {
                  "props.params.path": {
                    "binding": {
                      "config": {
                        "path": "view.params.path"
                      },
                      "type": "property"
                    }
                  }
                },
                "props": {
                  "params": {
                    "direction": "left",
                    "dockedView": "Templates/Equipment/vfdStatus",
                    "drvNum": "vfd7",
                    "label": "VFD #7"
                  },
                  "path": "Templates/Indicators/driveStatus"
                },
                "type": "ia.display.view"
              },
              {
                "meta": {
                  "name": "vfd1"
                },
                "position": {
                  "height": 54,
                  "width": 730,
                  "x": 23,
                  "y": 232.016
                },
                "propConfig": {
                  "props.params.path": {
                    "binding": {
                      "config": {
                        "path": "view.params.path"
                      },
                      "type": "property"
                    }
                  }
                },
                "props": {
                  "params": {
                    "direction": "left",
                    "dockedView": "Templates/Equipment/vfdStatus",
                    "drvNum": "vfd1",
                    "label": "VFD #1"
                  },
                  "path": "Templates/Indicators/driveStatus"
                },
                "type": "ia.display.view"
              },
              {
                "meta": {
                  "name": "Label_2"
                },
                "position": {
                  "height": 20,
                  "width": 246,
                  "y": 5
                },
                "propConfig": {
                  "props.text": {
                    "binding": {
                      "config": {
                        "fallbackDelay": 2.5,
                        "mode": "indirect",
                        "references": {
                          "path": "{view.params.path}"
                        },
                        "tagPath": "{path}/metaData/displayName"
                      },
                      "transforms": [
                        {
                          "expression": "\u0027Device: \u0027 + upper({value})",
                          "type": "expression"
                        }
                      ],
                      "type": "tag"
                    }
                  }
                },
                "props": {
                  "style": {
                    "color": "#EEEEEE",
                    "fontWeight": "bold",
                    "textAlign": "center",
                    "textDecoration": "underline"
                  }
                },
                "type": "ia.display.label"
              },
              {
                "meta": {
                  "name": "state"
                },
                "position": {
                  "height": 30,
                  "width": 30,
                  "x": 193,
                  "y": 25
                },
                "propConfig": {
                  "props.params.state": {
                    "binding": {
                      "config": {
                        "path": "view.custom.state"
                      },
                      "type": "property"
                    }
                  }
                },
                "props": {
                  "path": "Templates/Icons/turntable"
                },
                "type": "ia.display.view"
              },
              {
                "meta": {
                  "name": "mode"
                },
                "position": {
                  "height": 30,
                  "width": 30,
                  "x": 193,
                  "y": 195
                },
                "propConfig": {
                  "props.params.mode": {
                    "binding": {
                      "config": {
                        "path": "view.custom.mode"
                      },
                      "type": "property"
                    }
                  }
                },
                "props": {
                  "path": "Templates/Indicators/Mode"
                },
                "type": "ia.display.view"
              }
            ],
            "meta": {
              "name": "homeCoordinateContainer"
            },
            "props": {
              "style": {
                "backgroundColor": "#555555"
              }
            },
            "type": "ia.container.coord"
          },
          {
            "children": [
              {
                "custom": {
                  "key": 0
                },
                "events": {
                  "component": {
                    "onActionPerformed": {
                      "config": {
                        "script": "\tself.custom.value \u003d self.custom.key"
                      },
                      "scope": "G",
                      "type": "script"
                    }
                  }
                },
                "meta": {
                  "name": "Button_1"
                },
                "position": {
                  "height": 40,
                  "width": 80,
                  "x": 253,
                  "y": 44.0156
                },
                "propConfig": {
                  "custom.value": {
                    "binding": {
                      "config": {
                        "bidirectional": true,
                        "fallbackDelay": 2.5,
                        "mode": "indirect",
                        "references": {
                          "1": "{view.params.path}"
                        },
                        "tagPath": "{1}/In/mode"
                      },
                      "type": "tag"
                    }
                  },
                  "props.style.backgroundColor": {
                    "binding": {
                      "config": {
                        "path": "this.custom.value"
                      },
                      "transforms": [
                        {
                          "expression": "if({value} \u003d {this.custom.key}, true, false)",
                          "type": "expression"
                        },
                        {
                          "fallback": "#000000",
                          "inputType": "scalar",
                          "mappings": [
                            {
                              "input": false,
                              "output": "#808080"
                            },
                            {
                              "input": true,
                              "output": "#FFFFFF"
                            }
                          ],
                          "outputType": "color",
                          "type": "map"
                        }
                      ],
                      "type": "property"
                    }
                  }
                },
                "props": {
                  "style": {
                    "classes": "button",
                    "cursor": "pointer"
                  },
                  "text": "Disable"
                },
                "type": "ia.input.button"
              },
              {
                "custom": {
                  "key": 99
                },
                "events": {
                  "component": {
                    "onActionPerformed": {
                      "config": {
                        "script": "\tself.custom.value \u003d self.custom.key"
                      },
                      "scope": "G",
                      "type": "script"
                    }
                  }
                },
                "meta": {
                  "name": "Button_2"
                },
                "position": {
                  "height": 40,
                  "width": 80,
                  "x": 338,
                  "y": 44.0156
                },
                "propConfig": {
                  "custom.value": {
                    "binding": {
                      "config": {
                        "bidirectional": true,
                        "fallbackDelay": 2.5,
                        "mode": "indirect",
                        "references": {
                          "1": "{view.params.path}"
                        },
                        "tagPath": "{1}/In/mode"
                      },
                      "type": "tag"
                    }
                  },
                  "props.style.backgroundColor": {
                    "binding": {
                      "config": {
                        "path": "this.custom.value"
                      },
                      "transforms": [
                        {
                          "expression": "if({value} \u003d {this.custom.key}, true, false)",
                          "type": "expression"
                        },
                        {
                          "fallback": "#000000",
                          "inputType": "scalar",
                          "mappings": [
                            {
                              "input": false,
                              "output": "#808080"
                            },
                            {
                              "input": true,
                              "output": "#FFFFFF"
                            }
                          ],
                          "outputType": "color",
                          "type": "map"
                        }
                      ],
                      "type": "property"
                    }
                  }
                },
                "props": {
                  "style": {
                    "classes": "button",
                    "cursor": "pointer"
                  },
                  "text": "Enable"
                },
                "type": "ia.input.button"
              },
              {
                "custom": {
                  "key": 2
                },
                "events": {
                  "component": {
                    "onActionPerformed": {
                      "config": {
                        "script": "\tself.custom.value \u003d self.custom.key"
                      },
                      "scope": "G",
                      "type": "script"
                    }
                  }
                },
                "meta": {
                  "name": "Button_3"
                },
                "position": {
                  "height": 40,
                  "width": 80,
                  "x": 423,
                  "y": 44.0156
                },
                "propConfig": {
                  "custom.value": {
                    "binding": {
                      "config": {
                        "bidirectional": true,
                        "fallbackDelay": 2.5,
                        "mode": "indirect",
                        "references": {
                          "1": "{view.params.path}"
                        },
                        "tagPath": "{1}/In/mode"
                      },
                      "type": "tag"
                    }
                  },
                  "props.style.backgroundColor": {
                    "binding": {
                      "config": {
                        "path": "this.custom.value"
                      },
                      "transforms": [
                        {
                          "expression": "if({value} \u003d {this.custom.key}, true, false)",
                          "type": "expression"
                        },
                        {
                          "fallback": "#000000",
                          "inputType": "scalar",
                          "mappings": [
                            {
                              "input": false,
                              "output": "#808080"
                            },
                            {
                              "input": true,
                              "output": "#FFFFFF"
                            }
                          ],
                          "outputType": "color",
                          "type": "map"
                        }
                      ],
                      "type": "property"
                    }
                  }
                },
                "props": {
                  "style": {
                    "classes": "button",
                    "cursor": "pointer"
                  },
                  "text": "Maint"
                },
                "type": "ia.input.button"
              },
              {
                "custom": {
                  "key": 5
                },
                "events": {
                  "component": {
                    "onActionPerformed": {
                      "config": {
                        "script": "\tself.custom.value \u003d self.custom.key"
                      },
                      "scope": "G",
                      "type": "script"
                    }
                  }
                },
                "meta": {
                  "name": "Button_4"
                },
                "position": {
                  "height": 40,
                  "width": 80,
                  "x": 331.5,
                  "y": 160
                },
                "propConfig": {
                  "custom.value": {
                    "binding": {
                      "config": {
                        "bidirectional": true,
                        "fallbackDelay": 2.5,
                        "mode": "indirect",
                        "references": {
                          "1": "{view.params.path}"
                        },
                        "tagPath": "{1}/In/state"
                      },
                      "type": "tag"
                    }
                  },
                  "props.style.backgroundColor": {
                    "binding": {
                      "config": {
                        "path": "this.custom.value"
                      },
                      "transforms": [
                        {
                          "expression": "if({value} \u003d {this.custom.key}, true, false)",
                          "type": "expression"
                        },
                        {
                          "fallback": "#000000",
                          "inputType": "scalar",
                          "mappings": [
                            {
                              "input": false,
                              "output": "#808080"
                            },
                            {
                              "input": true,
                              "output": "#FFFFFF"
                            }
                          ],
                          "outputType": "color",
                          "type": "map"
                        }
                      ],
                      "type": "property"
                    }
                  }
                },
                "props": {
                  "style": {
                    "classes": "button",
                    "cursor": "pointer"
                  },
                  "text": "No Comm"
                },
                "type": "ia.input.button"
              },
              {
                "custom": {
                  "key": 6
                },
                "events": {
                  "component": {
                    "onActionPerformed": {
                      "config": {
                        "script": "\tself.custom.value \u003d self.custom.key"
                      },
                      "scope": "G",
                      "type": "script"
                    }
                  }
                },
                "meta": {
                  "name": "Button_5"
                },
                "position": {
                  "height": 40,
                  "width": 80,
                  "x": 416.5,
                  "y": 160
                },
                "propConfig": {
                  "custom.value": {
                    "binding": {
                      "config": {
                        "bidirectional": true,
                        "fallbackDelay": 2.5,
                        "mode": "indirect",
                        "references": {
                          "1": "{view.params.path}"
                        },
                        "tagPath": "{1}/In/state"
                      },
                      "type": "tag"
                    }
                  },
                  "props.style.backgroundColor": {
                    "binding": {
                      "config": {
                        "path": "this.custom.value"
                      },
                      "transforms": [
                        {
                          "expression": "if({value} \u003d {this.custom.key}, true, false)",
                          "type": "expression"
                        },
                        {
                          "fallback": "#000000",
                          "inputType": "scalar",
                          "mappings": [
                            {
                              "input": false,
                              "output": "#808080"
                            },
                            {
                              "input": true,
                              "output": "#FFFFFF"
                            }
                          ],
                          "outputType": "color",
                          "type": "map"
                        }
                      ],
                      "type": "property"
                    }
                  }
                },
                "props": {
                  "style": {
                    "classes": "button",
                    "cursor": "pointer"
                  },
                  "text": "Faulted"
                },
                "type": "ia.input.button"
              },
              {
                "meta": {
                  "name": "Label_3"
                },
                "position": {
                  "height": 29,
                  "width": 652,
                  "x": 50.2,
                  "y": 5.01563
                },
                "props": {
                  "style": {
                    "borderBottomStyle": "solid",
                    "borderBottomWidth": 1,
                    "borderLeftStyle": "none",
                    "borderRightStyle": "none",
                    "borderTopStyle": "none",
                    "classes": "label"
                  },
                  "text": "Test Modes"
                },
                "type": "ia.display.label"
              },
              {
                "meta": {
                  "name": "Label_2"
                },
                "position": {
                  "height": 29,
                  "width": 653,
                  "x": 52.8,
                  "y": 126
                },
                "props": {
                  "style": {
                    "borderBottomStyle": "solid",
                    "borderBottomWidth": 1,
                    "borderLeftStyle": "none",
                    "borderRightStyle": "none",
                    "borderTopStyle": "none",
                    "classes": "label"
                  },
                  "text": "Test States"
                },
                "type": "ia.display.label"
              },
              {
                "custom": {
                  "key": 1
                },
                "events": {
                  "component": {
                    "onActionPerformed": {
                      "config": {
                        "script": "\tself.custom.value \u003d self.custom.key"
                      },
                      "scope": "G",
                      "type": "script"
                    }
                  }
                },
                "meta": {
                  "name": "Button_6"
                },
                "position": {
                  "height": 40,
                  "width": 67,
                  "x": 259.5,
                  "y": 160
                },
                "propConfig": {
                  "custom.value": {
                    "binding": {
                      "config": {
                        "bidirectional": true,
                        "fallbackDelay": 2.5,
                        "mode": "indirect",
                        "references": {
                          "1": "{view.params.path}"
                        },
                        "tagPath": "{1}/In/state"
                      },
                      "type": "tag"
                    }
                  },
                  "props.style.backgroundColor": {
                    "binding": {
                      "config": {
                        "path": "this.custom.value"
                      },
                      "transforms": [
                        {
                          "expression": "if({value} \u003d {this.custom.key}, true, false)",
                          "type": "expression"
                        },
                        {
                          "fallback": "#000000",
                          "inputType": "scalar",
                          "mappings": [
                            {
                              "input": false,
                              "output": "#808080"
                            },
                            {
                              "input": true,
                              "output": "#FFFFFF"
                            }
                          ],
                          "outputType": "color",
                          "type": "map"
                        }
                      ],
                      "type": "property"
                    }
                  }
                },
                "props": {
                  "style": {
                    "classes": "button",
                    "cursor": "pointer"
                  },
                  "text": "Active"
                },
                "type": "ia.input.button"
              }
            ],
            "meta": {
              "name": "maintCoordinateContainer"
            },
            "position": {
              "tabIndex": 1
            },
            "props": {
              "style": {
                "backgroundColor": "#555555"
              }
            },
            "type": "ia.container.coord"
          },
          {
            "children": [
              {
                "meta": {
                  "name": "AlarmStatusTable"
                },
                "position": {
                  "height": 561,
                  "width": 970
                },
                "propConfig": {
                  "props.filters.active.conditions.source": {
                    "binding": {
                      "config": {
                        "path": "view.custom.almPath"
                      },
                      "transforms": [
                        {
                          "expression": "\u0027*\u0027 + {value} + \u0027/*\u0027",
                          "type": "expression"
                        }
                      ],
                      "type": "property"
                    }
                  }
                },
                "props": {
                  "columns": {
                    "active": {
                      "activeTime": {
                        "width": 100
                      },
                      "displayPath": {
                        "width": 150
                      },
                      "name": {
                        "enabled": false
                      },
                      "priority": {
                        "enabled": false
                      },
                      "source": {
                        "enabled": false
                      },
                      "state": {
                        "width": 100
                      }
                    }
                  },
                  "dateFormat": "MM/DD/YY HH:mm:ss",
                  "filters": {
                    "active": {
                      "conditions": {},
                      "priorities": {
                        "critical": false,
                        "high": false,
                        "low": false,
                        "medium": false
                      },
                      "states": {
                        "activeAcked": false,
                        "activeUnacked": false,
                        "clearUnacked": false
                      }
                    }
                  }
                },
                "type": "ia.display.alarmstatustable"
              }
            ],
            "meta": {
              "name": "alarmCoordinateContainer"
            },
            "position": {
              "tabIndex": 3
            },
            "props": {
              "style": {
                "backgroundColor": "#555555"
              }
            },
            "type": "ia.container.coord"
          },
          {
            "children": [
              {
                "meta": {
                  "name": "TimeSeriesChart"
                },
                "position": {
                  "height": 573,
                  "width": 752,
                  "y": 33.9936
                },
                "propConfig": {
                  "props.series[0].data": {
                    "binding": {
                      "config": {
                        "path": "view.params.path"
                      },
                      "transforms": [
                        {
                          "code": "\tpath \u003d value\n\tdata \u003d []\n\t\n\thistPaths \u003d []\n\tanglePath \u003d path + \u0027/Out/angle\u0027\n\thistPaths.append(anglePath)\n\tvfd1Path \u003d path + \u0027/vfd1/In/actualVel\u0027\n\thistPaths.append(vfd1Path)\n\tvfd2Path \u003d path + \u0027/vfd2/In/actualVel\u0027\n\thistPaths.append(vfd2Path)\n\t\n\tendTime \u003d system.date.now()\n\tstartTime \u003d system.date.addHours(endTime, -8)\n\t\n\tdsHist \u003d system.tag.queryTagHistory(paths \u003d histPaths, startDate \u003d startTime, endDate \u003d endTime, returnSize \u003d 250, aggregationMode \u003d \u0027Average\u0027)\n\trows \u003d dsHist.getRowCount()\n\tif rows \u003e 0:\n\t\tfor row in range(rows):\n\t\t\ttime \u003d dsHist.getValueAt(row, 0)\n\t\t\tepoch \u003d system.date.secondsBetween(system.date.getDate(1970, 1, 1), time)\n\t\t\tttAngle \u003d dsHist.getValueAt(row, 1)\n\t\t\tvfd1Vel \u003d dsHist.getValueAt(row, 2)\n\t\t\tvfd2Vel \u003d dsHist.getValueAt(row, 3)\n\t\t\tdict \u003d {\"angle\":ttAngle, \"vfd1Speed\":vfd1Vel, \"vfd2Speed\":vfd2Vel, \"time\":epoch}\n\t\t\tdata.append(dict)\n\t\t\t\n\treturn data",
                          "type": "script"
                        }
                      ],
                      "type": "property"
                    }
                  }
                },
                "props": {
                  "series": [
                    {
                      "name": "Turntable"
                    }
                  ]
                },
                "type": "ia.chart.timeseries"
              },
              {
                "events": {
                  "dom": {
                    "onClick": {
                      "config": {
                        "draggable": true,
                        "id": "{/root/TabContainer/trendCoordinateContainer/Button.custom.id}",
                        "modal": false,
                        "overlayDismiss": false,
                        "resizable": true,
                        "showCloseIcon": false,
                        "type": "open",
                        "viewParams": {
                          "id": "{/root/TabContainer/trendCoordinateContainer/Button.custom.id}",
                          "path": "{view.params.path}"
                        },
                        "viewPath": "AdHocTrends/AdHocTrendsWrap"
                      },
                      "scope": "C",
                      "type": "popup"
                    }
                  }
                },
                "meta": {
                  "name": "Button"
                },
                "position": {
                  "height": 40,
                  "width": 102,
                  "x": 326,
                  "y": 615.968
                },
                "propConfig": {
                  "custom.id": {
                    "binding": {
                      "config": {
                        "path": "view.params.id"
                      },
                      "transforms": [
                        {
                          "expression": "{value} + \u0027/AdHocTrend\u0027",
                          "type": "expression"
                        }
                      ],
                      "type": "property"
                    }
                  }
                },
                "props": {
                  "style": {
                    "classes": "button"
                  },
                  "text": "Ad Hoc Trend"
                },
                "type": "ia.input.button"
              }
            ],
            "meta": {
              "name": "trendCoordinateContainer"
            },
            "position": {
              "tabIndex": 2
            },
            "props": {
              "style": {
                "backgroundColor": "#555555"
              }
            },
            "type": "ia.container.coord"
          },
          {
            "children": [
              {
                "meta": {
                  "name": "txtDevDesc"
                },
                "position": {
                  "height": 20,
                  "width": 180,
                  "x": 358.5,
                  "y": 41
                },
                "propConfig": {
                  "props.text": {
                    "binding": {
                      "config": {
                        "bidirectional": true,
                        "fallbackDelay": 2.5,
                        "mode": "indirect",
                        "references": {
                          "path": "{view.params.path}"
                        },
                        "tagPath": "{path}/metaData/Description"
                      },
                      "type": "tag"
                    }
                  }
                },
                "type": "ia.input.text-field"
              },
              {
                "meta": {
                  "name": "lblDevDesc"
                },
                "position": {
                  "height": 20,
                  "width": 146,
                  "x": 207.5,
                  "y": 41
                },
                "props": {
                  "style": {
                    "color": "#FFFfff"
                  },
                  "text": "Device Description:"
                },
                "type": "ia.display.label"
              },
              {
                "meta": {
                  "name": "lblCtrlSys"
                },
                "position": {
                  "height": 20,
                  "width": 341,
                  "x": 207.5,
                  "y": 76
                },
                "props": {
                  "style": {
                    "borderBottomColor": "#FFFFFF",
                    "borderBottomStyle": "solid",
                    "borderBottomWidth": 1,
                    "color": "#FFFfff"
                  },
                  "text": "Control System"
                },
                "type": "ia.display.label"
              },
              {
                "meta": {
                  "name": "lblCtrlSysDesc"
                },
                "position": {
                  "height": 20,
                  "width": 146,
                  "x": 207.5,
                  "y": 101
                },
                "props": {
                  "style": {
                    "color": "#FFFfff"
                  },
                  "text": "Description:"
                },
                "type": "ia.display.label"
              },
              {
                "meta": {
                  "name": "lblVFDs"
                },
                "position": {
                  "height": 20,
                  "width": 341,
                  "x": 207.5,
                  "y": 131
                },
                "props": {
                  "style": {
                    "borderBottomColor": "#FFFFFF",
                    "borderBottomStyle": "solid",
                    "borderBottomWidth": 1,
                    "color": "#FFFfff"
                  },
                  "text": "VFDs"
                },
                "type": "ia.display.label"
              },
              {
                "meta": {
                  "name": "lblVFD1Desc"
                },
                "position": {
                  "height": 20,
                  "width": 146,
                  "x": 207.5,
                  "y": 156
                },
                "props": {
                  "style": {
                    "color": "#FFFfff"
                  },
                  "text": "VFD 1 Description:"
                },
                "type": "ia.display.label"
              },
              {
                "meta": {
                  "name": "lblVFD2Desc"
                },
                "position": {
                  "height": 20,
                  "width": 146,
                  "x": 207.5,
                  "y": 181
                },
                "props": {
                  "style": {
                    "color": "#FFFfff"
                  },
                  "text": "VFD 2 Description:"
                },
                "type": "ia.display.label"
              },
              {
                "meta": {
                  "name": "lblVFD3Desc"
                },
                "position": {
                  "height": 20,
                  "width": 146,
                  "x": 207.5,
                  "y": 206
                },
                "props": {
                  "style": {
                    "color": "#FFFfff"
                  },
                  "text": "VFD 3 Description:"
                },
                "type": "ia.display.label"
              },
              {
                "meta": {
                  "name": "lblVFD4Desc"
                },
                "position": {
                  "height": 20,
                  "width": 146,
                  "x": 207.5,
                  "y": 231
                },
                "props": {
                  "style": {
                    "color": "#FFFfff"
                  },
                  "text": "VFD 4 Description:"
                },
                "type": "ia.display.label"
              },
              {
                "meta": {
                  "name": "lblVFD8Desc"
                },
                "position": {
                  "height": 20,
                  "width": 146,
                  "x": 207.5,
                  "y": 331
                },
                "props": {
                  "style": {
                    "color": "#FFFfff"
                  },
                  "text": "VFD 8 Description:"
                },
                "type": "ia.display.label"
              },
              {
                "meta": {
                  "name": "lblVFD7Desc"
                },
                "position": {
                  "height": 20,
                  "width": 146,
                  "x": 207.5,
                  "y": 306
                },
                "props": {
                  "style": {
                    "color": "#FFFfff"
                  },
                  "text": "VFD 7 Description:"
                },
                "type": "ia.display.label"
              },
              {
                "meta": {
                  "name": "lblVFD6Desc"
                },
                "position": {
                  "height": 20,
                  "width": 146,
                  "x": 207.5,
                  "y": 281
                },
                "props": {
                  "style": {
                    "color": "#FFFfff"
                  },
                  "text": "VFD 6 Description:"
                },
                "type": "ia.display.label"
              },
              {
                "meta": {
                  "name": "lblVFD5Desc"
                },
                "position": {
                  "height": 20,
                  "width": 146,
                  "x": 207.5,
                  "y": 256
                },
                "props": {
                  "style": {
                    "color": "#FFFfff"
                  },
                  "text": "VFD 5 Description:"
                },
                "type": "ia.display.label"
              },
              {
                "meta": {
                  "name": "lblProxesDesc3"
                },
                "position": {
                  "height": 20,
                  "width": 147,
                  "x": 207.5,
                  "y": 436
                },
                "props": {
                  "style": {
                    "color": "#FFFfff"
                  },
                  "text": "Prox 3 Desc:"
                },
                "type": "ia.display.label"
              },
              {
                "meta": {
                  "name": "lblProxesDesc4"
                },
                "position": {
                  "height": 20,
                  "width": 147,
                  "x": 207.5,
                  "y": 461
                },
                "props": {
                  "style": {
                    "color": "#FFFfff"
                  },
                  "text": "Prox 4 Desc:"
                },
                "type": "ia.display.label"
              },
              {
                "meta": {
                  "name": "lblProxesDesc2"
                },
                "position": {
                  "height": 20,
                  "width": 147,
                  "x": 207.5,
                  "y": 411
                },
                "props": {
                  "style": {
                    "color": "#FFFfff"
                  },
                  "text": "Prox 2 Desc:"
                },
                "type": "ia.display.label"
              },
              {
                "meta": {
                  "name": "lblProxesDesc1"
                },
                "position": {
                  "height": 20,
                  "width": 147,
                  "x": 207.5,
                  "y": 386
                },
                "props": {
                  "style": {
                    "color": "#FFFfff"
                  },
                  "text": "Prox 1 Desc:"
                },
                "type": "ia.display.label"
              },
              {
                "meta": {
                  "name": "lblProxes"
                },
                "position": {
                  "height": 20,
                  "width": 329,
                  "x": 207.5,
                  "y": 361
                },
                "props": {
                  "style": {
                    "borderBottomColor": "#FFFFFF",
                    "borderBottomStyle": "solid",
                    "borderBottomWidth": 1,
                    "color": "#FFFfff"
                  },
                  "text": "Proxes"
                },
                "type": "ia.display.label"
              },
              {
                "meta": {
                  "name": "txtCtrlSysDes"
                },
                "position": {
                  "height": 20,
                  "width": 180,
                  "x": 358.5,
                  "y": 101
                },
                "propConfig": {
                  "props.text": {
                    "binding": {
                      "config": {
                        "bidirectional": true,
                        "fallbackDelay": 2.5,
                        "mode": "indirect",
                        "references": {
                          "path": "{view.params.path}"
                        },
                        "tagPath": "{path}/ctlSystem/metaData/Description"
                      },
                      "type": "tag"
                    }
                  }
                },
                "type": "ia.input.text-field"
              },
              {
                "meta": {
                  "name": "txtVFD1Desc"
                },
                "position": {
                  "height": 20,
                  "width": 180,
                  "x": 358.5,
                  "y": 156
                },
                "propConfig": {
                  "props.text": {
                    "binding": {
                      "config": {
                        "bidirectional": true,
                        "fallbackDelay": 2.5,
                        "mode": "indirect",
                        "references": {
                          "path": "{view.params.path}"
                        },
                        "tagPath": "{path}/vfd1/metaData/Description"
                      },
                      "type": "tag"
                    }
                  }
                },
                "type": "ia.input.text-field"
              },
              {
                "meta": {
                  "name": "txtVFD2Desc"
                },
                "position": {
                  "height": 20,
                  "width": 180,
                  "x": 358.5,
                  "y": 181
                },
                "propConfig": {
                  "props.text": {
                    "binding": {
                      "config": {
                        "bidirectional": true,
                        "fallbackDelay": 2.5,
                        "mode": "indirect",
                        "references": {
                          "path": "{view.params.path}"
                        },
                        "tagPath": "{path}/vfd2/metaData/Description"
                      },
                      "type": "tag"
                    }
                  }
                },
                "type": "ia.input.text-field"
              },
              {
                "meta": {
                  "name": "txtVFD3Desc"
                },
                "position": {
                  "height": 20,
                  "width": 180,
                  "x": 358.5,
                  "y": 206
                },
                "propConfig": {
                  "props.text": {
                    "binding": {
                      "config": {
                        "bidirectional": true,
                        "fallbackDelay": 2.5,
                        "mode": "indirect",
                        "references": {
                          "path": "{view.params.path}"
                        },
                        "tagPath": "{path}/vfd3/metaData/Description"
                      },
                      "type": "tag"
                    }
                  }
                },
                "type": "ia.input.text-field"
              },
              {
                "meta": {
                  "name": "txtVFD4Desc"
                },
                "position": {
                  "height": 20,
                  "width": 180,
                  "x": 358.5,
                  "y": 231
                },
                "propConfig": {
                  "props.text": {
                    "binding": {
                      "config": {
                        "bidirectional": true,
                        "fallbackDelay": 2.5,
                        "mode": "indirect",
                        "references": {
                          "path": "{view.params.path}"
                        },
                        "tagPath": "{path}/vfd4/metaData/Description"
                      },
                      "type": "tag"
                    }
                  }
                },
                "type": "ia.input.text-field"
              },
              {
                "meta": {
                  "name": "txtVFD5Desc"
                },
                "position": {
                  "height": 20,
                  "width": 180,
                  "x": 358.5,
                  "y": 256
                },
                "propConfig": {
                  "props.text": {
                    "binding": {
                      "config": {
                        "bidirectional": true,
                        "fallbackDelay": 2.5,
                        "mode": "indirect",
                        "references": {
                          "path": "{view.params.path}"
                        },
                        "tagPath": "{path}/vfd5/metaData/Description"
                      },
                      "type": "tag"
                    }
                  }
                },
                "type": "ia.input.text-field"
              },
              {
                "meta": {
                  "name": "txtVFD6Desc"
                },
                "position": {
                  "height": 20,
                  "width": 180,
                  "x": 358.5,
                  "y": 281
                },
                "propConfig": {
                  "props.text": {
                    "binding": {
                      "config": {
                        "bidirectional": true,
                        "fallbackDelay": 2.5,
                        "mode": "indirect",
                        "references": {
                          "path": "{view.params.path}"
                        },
                        "tagPath": "{path}/vfd6/metaData/Description"
                      },
                      "type": "tag"
                    }
                  }
                },
                "type": "ia.input.text-field"
              },
              {
                "meta": {
                  "name": "txtVFD7Desc"
                },
                "position": {
                  "height": 20,
                  "width": 180,
                  "x": 358.5,
                  "y": 306
                },
                "propConfig": {
                  "props.text": {
                    "binding": {
                      "config": {
                        "bidirectional": true,
                        "fallbackDelay": 2.5,
                        "mode": "indirect",
                        "references": {
                          "path": "{view.params.path}"
                        },
                        "tagPath": "{path}/vfd7/metaData/Description"
                      },
                      "type": "tag"
                    }
                  }
                },
                "type": "ia.input.text-field"
              },
              {
                "meta": {
                  "name": "txtVFD8Desc"
                },
                "position": {
                  "height": 20,
                  "width": 180,
                  "x": 358.5,
                  "y": 331
                },
                "propConfig": {
                  "props.text": {
                    "binding": {
                      "config": {
                        "bidirectional": true,
                        "fallbackDelay": 2.5,
                        "mode": "indirect",
                        "references": {
                          "path": "{view.params.path}"
                        },
                        "tagPath": "{path}/vfd8/metaData/Description"
                      },
                      "type": "tag"
                    }
                  }
                },
                "type": "ia.input.text-field"
              },
              {
                "meta": {
                  "name": "txtProxesDesc1"
                },
                "position": {
                  "height": 20,
                  "width": 180,
                  "x": 358.5,
                  "y": 386
                },
                "propConfig": {
                  "props.text": {
                    "binding": {
                      "config": {
                        "bidirectional": true,
                        "fallbackDelay": 2.5,
                        "mode": "indirect",
                        "references": {
                          "path": "{view.params.path}"
                        },
                        "tagPath": "{path}/In/prox1/metaData/Description"
                      },
                      "type": "tag"
                    }
                  }
                },
                "type": "ia.input.text-field"
              },
              {
                "meta": {
                  "name": "txtProxesDesc2"
                },
                "position": {
                  "height": 20,
                  "width": 180,
                  "x": 358.5,
                  "y": 411
                },
                "propConfig": {
                  "props.text": {
                    "binding": {
                      "config": {
                        "bidirectional": true,
                        "fallbackDelay": 2.5,
                        "mode": "indirect",
                        "references": {
                          "path": "{view.params.path}"
                        },
                        "tagPath": "{path}/In/prox2/metaData/Description"
                      },
                      "type": "tag"
                    }
                  }
                },
                "type": "ia.input.text-field"
              },
              {
                "meta": {
                  "name": "txtProxesDesc3"
                },
                "position": {
                  "height": 20,
                  "width": 180,
                  "x": 358.5,
                  "y": 436
                },
                "propConfig": {
                  "props.text": {
                    "binding": {
                      "config": {
                        "bidirectional": true,
                        "fallbackDelay": 2.5,
                        "mode": "indirect",
                        "references": {
                          "path": "{view.params.path}"
                        },
                        "tagPath": "{path}/In/prox3/metaData/Description"
                      },
                      "type": "tag"
                    }
                  }
                },
                "type": "ia.input.text-field"
              },
              {
                "meta": {
                  "name": "txtProxesDesc4"
                },
                "position": {
                  "height": 20,
                  "width": 180,
                  "x": 358.5,
                  "y": 461
                },
                "propConfig": {
                  "props.text": {
                    "binding": {
                      "config": {
                        "bidirectional": true,
                        "fallbackDelay": 2.5,
                        "mode": "indirect",
                        "references": {
                          "path": "{view.params.path}"
                        },
                        "tagPath": "{path}/In/prox4/metaData/Description"
                      },
                      "type": "tag"
                    }
                  }
                },
                "type": "ia.input.text-field"
              }
            ],
            "meta": {
              "name": "labelsCoordinateContainer"
            },
            "position": {
              "tabIndex": 4
            },
            "props": {
              "style": {
                "backgroundColor": "#555555"
              }
            },
            "type": "ia.container.coord"
          }
        ],
        "meta": {
          "name": "TabContainer"
        },
        "position": {
          "height": 702,
          "width": 756
        },
        "props": {
          "currentTabIndex": 2,
          "style": {
            "backgroundColor": "#555555"
          },
          "tabSize": {
            "width": 130
          },
          "tabStyle": {
            "active": {
              "backgroundColor": "#EEEEEE",
              "borderColor": "#000000",
              "borderStyle": "solid",
              "borderWidth": 1
            },
            "inactive": {
              "backgroundColor": "#D5D5D5",
              "borderColor": "#000000",
              "borderStyle": "solid",
              "borderWidth": 1
            }
          },
          "tabs": [
            {
              "viewPath": "Templates/Popups/tabIcons/home"
            },
            {
              "viewPath": "Templates/Popups/tabIcons/maintenance"
            },
            {
              "viewPath": "Templates/Popups/tabIcons/trend"
            },
            {
              "viewPath": "Templates/Popups/tabIcons/alarms"
            },
            {
              "viewPath": "Templates/Popups/tabIcons/labels"
            }
          ]
        },
        "type": "ia.container.tab"
      },
      {
        "events": {
          "component": {
            "onActionPerformed": {
              "config": {
                "draggable": true,
                "id": "{view.params.id}",
                "modal": false,
                "overlayDismiss": false,
                "resizable": true,
                "showCloseIcon": false,
                "type": "close",
                "viewPath": ""
              },
              "scope": "C",
              "type": "popup"
            }
          }
        },
        "meta": {
          "name": "Button_0"
        },
        "position": {
          "height": 45,
          "width": 88,
          "x": 333.5,
          "y": 712
        },
        "props": {
          "style": {
            "classes": "button",
            "cursor": "pointer"
          },
          "text": "Close"
        },
        "type": "ia.input.button"
      }
    ],
    "events": {
      "system": {
        "onStartup": {
          "config": {
            "script": "\tself.getChild(\"TabContainer\").props.currentTabIndex \u003d 0"
          },
          "scope": "G",
          "type": "script"
        }
      }
    },
    "meta": {
      "name": "root"
    },
    "position": {
      "x": 22.99078941345215,
      "y": -11.50714111328125
    },
    "props": {
      "style": {
        "backgroundColor": "#555555",
        "borderColor": "#000000",
        "borderStyle": "solid",
        "borderWidth": 1
      }
    },
    "type": "ia.container.coord"
  }
}