{
  "custom": {},
  "params": {
    "name": "Ride Mode:",
    "path": "[Park]epicUniverse",
    "state": 0
  },
  "propConfig": {
    "params.name": {
      "paramDirection": "input",
      "persistent": true
    },
    "params.path": {
      "paramDirection": "input",
      "persistent": true
    },
    "params.state": {
      "paramDirection": "input",
      "persistent": true
    }
  },
  "props": {
    "defaultSize": {
      "height": 25,
      "width": 130
    }
  },
  "root": {
    "children": [
      {
        "meta": {
          "name": "lblState"
        },
        "position": {
          "basis": "105px"
        },
        "props": {
          "style": {
            "paddingLeft": 5
          },
          "text": "Ride Mode:"
        },
        "type": "ia.display.label"
      },
      {
        "meta": {
          "name": "EmbeddedView"
        },
        "position": {
          "basis": "25px"
        },
        "propConfig": {
          "props.params.state": {
            "binding": {
              "config": {
                "path": "view.params.state"
              },
              "type": "property"
            }
          }
        },
        "props": {
          "path": "Templates/Indicators/Status/statusIconSet"
        },
        "type": "ia.display.view"
      }
    ],
    "meta": {
      "name": "root"
    },
    "type": "ia.container.flex"
  }
}