{
  "custom": {},
  "params": {},
  "props": {},
  "root": {
    "children": [
      {
        "meta": {
          "name": "AlarmStatusTable"
        },
        "position": {
          "grow": 1
        },
        "props": {
          "columns": {
            "active": {
              "source": {
                "enabled": false
              },
              "state": {
                "enabled": false
              }
            }
          },
          "filters": {
            "active": {
              "priorities": {
                "low": false,
                "medium": false
              },
              "states": {
                "activeAcked": false,
                "clearUnacked": false
              }
            }
          },
          "pager": {
            "enabled": false,
            "initialOption": 3,
            "options": [
              3,
              5,
              10,
              25,
              50
            ]
          },
          "toolbar": {
            "enableActiveTab": false,
            "enableConfiguration": false,
            "enableFilter": false,
            "enableFilterResults": false,
            "enablePreFilters": false,
            "enableShelvedTab": false,
            "enabled": false
          }
        },
        "type": "ia.display.alarmstatustable"
      }
    ],
    "meta": {
      "name": "root"
    },
    "props": {
      "direction": "column"
    },
    "type": "ia.container.flex"
  }
}