{
  "custom": {},
  "params": {
    "path": "[Park]epicUniverse/track902/rideVehicle2/robot"
  },
  "propConfig": {
    "params.path": {
      "paramDirection": "input",
      "persistent": true
    }
  },
  "props": {
    "defaultSize": {
      "height": 116,
      "width": 290
    }
  },
  "root": {
    "children": [
      {
        "meta": {
          "name": "Label"
        },
        "position": {
          "height": 20,
          "width": 127,
          "x": 5,
          "y": 8
        },
        "props": {
          "style": {
            "classes": "label label_underline puLightText"
          },
          "text": "Control System"
        },
        "type": "ia.display.label"
      },
      {
        "meta": {
          "name": "Label_0"
        },
        "position": {
          "height": 20,
          "width": 87,
          "x": 15,
          "y": 46
        },
        "props": {
          "style": {
            "classes": "label"
          },
          "text": "Fault Code:"
        },
        "type": "ia.display.label"
      },
      {
        "meta": {
          "name": "Label_1"
        },
        "position": {
          "height": 20,
          "width": 36,
          "x": 102,
          "y": 46
        },
        "propConfig": {
          "props.text": {
            "binding": {
              "config": {
                "fallbackDelay": 2.5,
                "mode": "indirect",
                "references": {
                  "path": "{view.params.path}"
                },
                "tagPath": "{path}/ctlSystem/Alarm/fltCode/Val_FltCode_Var"
              },
              "type": "tag"
            }
          }
        },
        "props": {
          "style": {
            "classes": "label",
            "textAlign": "center"
          }
        },
        "type": "ia.display.label"
      },
      {
        "meta": {
          "name": "Label_2"
        },
        "position": {
          "height": 20,
          "width": 139,
          "x": 142,
          "y": 46
        },
        "propConfig": {
          "props.text": {
            "binding": {
              "config": {
                "fallbackDelay": 2.5,
                "mode": "indirect",
                "references": {
                  "path": "{view.params.path}"
                },
                "tagPath": "{path}/ctlSystem/Alarm/fltCode/Val_FltCodeTxt_Var"
              },
              "type": "tag"
            }
          }
        },
        "props": {
          "style": {
            "classes": "label"
          }
        },
        "type": "ia.display.label"
      },
      {
        "meta": {
          "name": "Label_3"
        },
        "position": {
          "height": 20,
          "width": 87,
          "x": 16,
          "y": 66
        },
        "props": {
          "style": {
            "classes": "label"
          },
          "text": "Mode:"
        },
        "type": "ia.display.label"
      },
      {
        "meta": {
          "name": "Label_4"
        },
        "position": {
          "height": 20,
          "width": 36,
          "x": 102,
          "y": 66
        },
        "propConfig": {
          "props.text": {
            "binding": {
              "config": {
                "fallbackDelay": 2.5,
                "mode": "indirect",
                "references": {
                  "path": "{view.params.path}"
                },
                "tagPath": "{path}/ctlSystem/In/mode"
              },
              "type": "tag"
            }
          }
        },
        "props": {
          "style": {
            "classes": "label",
            "textAlign": "center"
          }
        },
        "type": "ia.display.label"
      },
      {
        "meta": {
          "name": "Label_5"
        },
        "position": {
          "height": 20,
          "width": 139,
          "x": 142,
          "y": 66
        },
        "propConfig": {
          "props.text": {
            "binding": {
              "config": {
                "fallbackDelay": 2.5,
                "mode": "indirect",
                "references": {
                  "path": "{view.params.path}"
                },
                "tagPath": "{path}/ctlSystem/In/mode"
              },
              "transforms": [
                {
                  "fallback": null,
                  "inputType": "scalar",
                  "mappings": [
                    {
                      "input": 0,
                      "output": "Disabled"
                    },
                    {
                      "input": 1,
                      "output": "Program"
                    },
                    {
                      "input": 2,
                      "output": "Running"
                    },
                    {
                      "input": 3,
                      "output": "Faulted"
                    }
                  ],
                  "outputType": "scalar",
                  "type": "map"
                }
              ],
              "type": "tag"
            }
          }
        },
        "props": {
          "style": {
            "classes": "label"
          }
        },
        "type": "ia.display.label"
      },
      {
        "meta": {
          "name": "Label_6"
        },
        "position": {
          "height": 20,
          "width": 87,
          "x": 16,
          "y": 86
        },
        "props": {
          "style": {
            "classes": "label"
          },
          "text": "Safety Sign:"
        },
        "type": "ia.display.label"
      },
      {
        "meta": {
          "name": "indSafeSign"
        },
        "position": {
          "height": 20,
          "width": 180,
          "x": 104,
          "y": 86
        },
        "propConfig": {
          "props.text": {
            "binding": {
              "config": {
                "fallbackDelay": 2.5,
                "mode": "indirect",
                "references": {
                  "path": "{view.params.path}"
                },
                "tagPath": "{path}/ctlSystem/In/safetySign"
              },
              "type": "tag"
            }
          }
        },
        "props": {
          "style": {
            "classes": "label"
          }
        },
        "type": "ia.display.label"
      },
      {
        "meta": {
          "name": "EmbeddedView"
        },
        "position": {
          "height": 36,
          "width": 49,
          "x": 120
        },
        "propConfig": {
          "props.params.priority": {
            "binding": {
              "config": {
                "fallbackDelay": 2.5,
                "mode": "indirect",
                "references": {
                  "path": "{view.params.path}"
                },
                "tagPath": "{path}/ctlSystem/almPriority/priority"
              },
              "type": "tag"
            }
          }
        },
        "props": {
          "path": "Templates/Indicators/Alarm"
        },
        "type": "ia.display.view"
      }
    ],
    "meta": {
      "name": "root"
    },
    "props": {
      "style": {
        "classes": "puSection"
      }
    },
    "type": "ia.container.coord"
  }
}