{
  "custom": {},
  "params": {
    "path": "[Park]area905/Track 906"
  },
  "propConfig": {
    "params.path": {
      "paramDirection": "input",
      "persistent": true
    }
  },
  "props": {
    "defaultSize": {
      "height": 1080,
      "width": 1920
    }
  },
  "root": {
    "children": [
      {
        "meta": {
          "name": "EmbeddedView"
        },
        "position": {
          "grow": 1
        },
        "propConfig": {
          "props.params.path": {
            "binding": {
              "config": {
                "path": "view.params.path"
              },
              "type": "property"
            }
          }
        },
        "props": {
          "path": "Templates/Track Maps/trackMap"
        },
        "type": "ia.display.view"
      },
      {
        "meta": {
          "name": "List View"
        },
        "position": {
          "basis": "400px",
          "shrink": 0
        },
        "propConfig": {
          "props.params.path": {
            "binding": {
              "config": {
                "path": "view.params.path"
              },
              "type": "property"
            }
          }
        },
        "props": {
          "params": {
            "height": 1920,
            "hideTopDropdown": true,
            "name": "Cars",
            "tags": []
          },
          "path": "Templates/Lists/systems"
        },
        "type": "ia.display.view"
      }
    ],
    "meta": {
      "name": "root"
    },
    "type": "ia.container.flex"
  }
}