{
  "custom": {},
  "params": {},
  "props": {
    "defaultSize": {
      "height": 200,
      "width": 200
    }
  },
  "root": {
    "children": [
      {
        "meta": {
          "name": "vehicleIconActive"
        },
        "position": {
          "basis": "20px",
          "grow": 1
        },
        "props": {
          "elements": [
            {
              "cx": "12",
              "cy": "12",
              "name": "circle01",
              "r": "11.5",
              "stroke": {
                "paint": "black",
                "width": 0.5
              },
              "style": {
                "classes": "Modes/rideVehicle/faulted"
              },
              "type": "circle"
            },
            {
              "cx": "12",
              "cy": "12",
              "name": "circle02",
              "r": "9",
              "stroke": {
                "paint": "black",
                "width": 0.5
              },
              "style": {
                "classes": "Modes/RideEquipment/disabled"
              },
              "type": "circle"
            }
          ],
          "viewBox": "0 0 24 24"
        },
        "type": "ia.shapes.svg"
      }
    ],
    "meta": {
      "name": "root"
    },
    "props": {
      "direction": "column"
    },
    "type": "ia.container.flex"
  }
}