{
  "custom": {},
  "params": {
    "path": "[Park]epicUniverse/track902",
    "rewind": false,
    "rewindHist": []
  },
  "propConfig": {
    "params.path": {
      "paramDirection": "input",
      "persistent": true
    },
    "params.rewind": {
      "paramDirection": "input",
      "persistent": true
    },
    "params.rewindHist": {
      "paramDirection": "input",
      "persistent": true
    }
  },
  "props": {
    "defaultSize": {
      "height": 1160,
      "width": 1100
    }
  },
  "root": {
    "children": [
      {
        "meta": {
          "imagePath": "Map_Layers/Universal_Map_Outter_Wall_Layer_v01.svg",
          "name": "layerOuterWall"
        },
        "position": {
          "height": 1156,
          "width": 1075.5986813609893,
          "x": 1.4522354300014424
        },
        "propConfig": {
          "meta.visible": {
            "binding": {
              "config": {
                "fallbackDelay": 2.5,
                "mode": "indirect",
                "references": {
                  "path": "{view.params.path}"
                },
                "tagPath": "{path}/_trackLayer/outerWall"
              },
              "type": "tag"
            }
          },
          "props.params.imagePath": {
            "binding": {
              "config": {
                "path": "session.props.theme"
              },
              "transforms": [
                {
                  "code": "\ttheme \u003d value\n\timagePath \u003d self.meta.imagePath\n\tlayer \u003d \u0027_Layer_\u0027\n\timgPathParts \u003d imagePath.split(layer)\n\tnewPath \u003d imgPathParts[0] + layer + value + \u0027_\u0027 + imgPathParts[1]\n\treturn newPath",
                  "type": "script"
                }
              ],
              "type": "property"
            }
          }
        },
        "props": {
          "path": "Templates/Track Maps/trackLayer"
        },
        "type": "ia.display.view"
      },
      {
        "meta": {
          "imagePath": "Map_Layers/Universal_Map_Room_Layer_v01.svg",
          "name": "layerRoom"
        },
        "position": {
          "height": 1156,
          "width": 1075.5986813609893,
          "x": 1.4522354300014424
        },
        "propConfig": {
          "meta.visible": {
            "binding": {
              "config": {
                "fallbackDelay": 2.5,
                "mode": "indirect",
                "references": {
                  "path": "{view.params.path}"
                },
                "tagPath": "{path}/_trackLayer/room"
              },
              "type": "tag"
            }
          },
          "props.params.imagePath": {
            "binding": {
              "config": {
                "path": "session.props.theme"
              },
              "transforms": [
                {
                  "code": "\ttheme \u003d value\n\timagePath \u003d self.meta.imagePath\n\tlayer \u003d \u0027_Layer_\u0027\n\timgPathParts \u003d imagePath.split(layer)\n\tnewPath \u003d imgPathParts[0] + layer + value + \u0027_\u0027 + imgPathParts[1]\n\treturn newPath",
                  "type": "script"
                }
              ],
              "type": "property"
            }
          }
        },
        "props": {
          "path": "Templates/Track Maps/trackLayer"
        },
        "type": "ia.display.view"
      },
      {
        "meta": {
          "imagePath": "Map_Layers/Universal_Map_Ride_Layer_v01.svg",
          "name": "layerRide"
        },
        "position": {
          "height": 1156,
          "width": 1075.5986813609893,
          "x": 1.4522354300014424
        },
        "propConfig": {
          "meta.visible": {
            "binding": {
              "config": {
                "fallbackDelay": 2.5,
                "mode": "indirect",
                "references": {
                  "path": "{view.params.path}"
                },
                "tagPath": "{path}/_trackLayer/ride"
              },
              "type": "tag"
            }
          },
          "props.params.imagePath": {
            "binding": {
              "config": {
                "path": "session.props.theme"
              },
              "transforms": [
                {
                  "code": "\ttheme \u003d value\n\timagePath \u003d self.meta.imagePath\n\tlayer \u003d \u0027_Layer_\u0027\n\timgPathParts \u003d imagePath.split(layer)\n\tnewPath \u003d imgPathParts[0] + layer + value + \u0027_\u0027 + imgPathParts[1]\n\treturn newPath",
                  "type": "script"
                }
              ],
              "type": "property"
            }
          }
        },
        "props": {
          "path": "Templates/Track Maps/trackLayer"
        },
        "type": "ia.display.view"
      },
      {
        "meta": {
          "name": "layerStaticScene"
        },
        "position": {
          "height": 1156,
          "width": 1075.5986813609893,
          "x": 1.4522354300014424
        },
        "propConfig": {
          "meta.visible": {
            "binding": {
              "config": {
                "fallbackDelay": 2.5,
                "mode": "indirect",
                "references": {
                  "path": "{view.params.path}"
                },
                "tagPath": "{path}/_trackLayer/staticScene"
              },
              "type": "tag"
            }
          }
        },
        "props": {
          "params": {
            "imagePath": "Map_Layers/Universal_Map_Static_Scene_Layer_v01.svg"
          },
          "path": "Templates/Track Maps/trackLayer"
        },
        "type": "ia.display.view"
      },
      {
        "meta": {
          "name": "trackMap"
        },
        "position": {
          "height": 809.7327188940092,
          "width": 1096.9980268540353,
          "x": -11.5,
          "y": 19.42761880184332
        },
        "propConfig": {
          "props.params.path": {
            "binding": {
              "config": {
                "path": "view.params.path"
              },
              "type": "property"
            }
          },
          "props.params.rewindHist": {
            "binding": {
              "config": {
                "path": "view.params.rewindHist"
              },
              "type": "property"
            }
          },
          "props.path": {
            "binding": {
              "config": {
                "expression": "\u0027Templates/Track Maps/trackMap\u0027 + if({view.params.rewind}, \u0027Rewind\u0027, \u0027\u0027)"
              },
              "type": "expr"
            }
          }
        },
        "type": "ia.display.view"
      },
      {
        "custom": {
          "key": "value"
        },
        "meta": {
          "name": "turntable001"
        },
        "position": {
          "height": 70,
          "rotate": {
            "anchor": "435% -85%"
          },
          "width": 100,
          "x": 646.569,
          "y": 746.093
        },
        "propConfig": {
          "meta.visible": {
            "binding": {
              "config": {
                "path": "parent.custom.showTurntable"
              },
              "type": "property"
            }
          },
          "props.params.path": {
            "binding": {
              "config": {
                "expression": "{view.params.path} + \u0027/Ride Equipment/\u0027 + {this.meta.name}"
              },
              "type": "expr"
            }
          }
        },
        "props": {
          "params": {
            "iconPos": "right"
          },
          "path": "Templates/Devices/RideEquipment/turntable"
        },
        "type": "ia.display.view"
      },
      {
        "meta": {
          "name": "turntable002"
        },
        "position": {
          "height": 70,
          "rotate": {
            "anchor": "435% -85%"
          },
          "width": 100,
          "x": 725.366,
          "y": 896.613
        },
        "propConfig": {
          "meta.visible": {
            "binding": {
              "config": {
                "path": "parent.custom.showTurntable"
              },
              "type": "property"
            }
          },
          "props.params.path": {
            "binding": {
              "config": {
                "expression": "{view.params.path} + \u0027/Ride Equipment/\u0027 + {this.meta.name}"
              },
              "type": "expr"
            }
          }
        },
        "props": {
          "params": {
            "iconPos": "right"
          },
          "path": "Templates/Devices/RideEquipment/turntable"
        },
        "type": "ia.display.view"
      },
      {
        "meta": {
          "name": "showActEquip1"
        },
        "position": {
          "height": 85.23502304147465,
          "width": 90.10250733914047,
          "x": 854.5844473266277,
          "y": 523.0969253456221
        },
        "propConfig": {
          "meta.visible": {
            "binding": {
              "config": {
                "path": "parent.custom.showSaeRobot"
              },
              "type": "property"
            }
          },
          "props.params.path": {
            "binding": {
              "config": {
                "expression": "{view.params.path} + \u0027/Ride Equipment/\u0027 + {this.meta.name}"
              },
              "type": "expr"
            }
          }
        },
        "props": {
          "params": {
            "iconPos": "right"
          },
          "path": "Templates/Devices/RideEquipment/showActEquip"
        },
        "type": "ia.display.view"
      },
      {
        "meta": {
          "name": "animatedFigure1"
        },
        "position": {
          "height": 64,
          "rotate": {
            "anchor": "36% 50%"
          },
          "width": 64,
          "x": 721.505,
          "y": 576.566
        },
        "propConfig": {
          "meta.visible": {
            "binding": {
              "config": {
                "path": "parent.custom.showSaeRobot"
              },
              "type": "property"
            }
          },
          "props.params.path": {
            "binding": {
              "config": {
                "expression": "{view.params.path} + \u0027/Show Effects/\u0027 + {this.meta.name}"
              },
              "type": "expr"
            }
          }
        },
        "props": {
          "params": {
            "iconPos": "right"
          },
          "path": "Templates/Devices/RideEquipment/animatedFigure"
        },
        "type": "ia.display.view"
      },
      {
        "meta": {
          "name": "projector3"
        },
        "position": {
          "height": 63.926267281105986,
          "width": 67.57688050435536,
          "x": 59.5399,
          "y": 336.15
        },
        "propConfig": {
          "meta.visible": {
            "binding": {
              "config": {
                "path": "parent.custom.showAudioVideo"
              },
              "type": "property"
            }
          },
          "props.params.path": {
            "binding": {
              "config": {
                "expression": "{view.params.path} + \u0027/Audio Visual/\u0027 + {this.meta.name}"
              },
              "type": "expr"
            }
          }
        },
        "props": {
          "params": {
            "iconPos": "right"
          },
          "path": "Templates/Devices/RideEquipment/projector"
        },
        "type": "ia.display.view"
      },
      {
        "meta": {
          "name": "projector2"
        },
        "position": {
          "height": 63.926267281105986,
          "width": 67.57688050435536,
          "x": 74.1815,
          "y": 139.044
        },
        "propConfig": {
          "meta.visible": {
            "binding": {
              "config": {
                "path": "parent.custom.showAudioVideo"
              },
              "type": "property"
            }
          },
          "props.params.path": {
            "binding": {
              "config": {
                "expression": "{view.params.path} + \u0027/Audio Visual/\u0027 + {this.meta.name}"
              },
              "type": "expr"
            }
          }
        },
        "props": {
          "params": {
            "iconPos": "right"
          },
          "path": "Templates/Devices/RideEquipment/projector"
        },
        "type": "ia.display.view"
      },
      {
        "meta": {
          "name": "projector1"
        },
        "position": {
          "height": 63.926267281105986,
          "width": 67.57688050435536,
          "x": 93.6626,
          "y": 49.5469
        },
        "propConfig": {
          "meta.visible": {
            "binding": {
              "config": {
                "path": "parent.custom.showAudioVideo"
              },
              "type": "property"
            }
          },
          "props.params.path": {
            "binding": {
              "config": {
                "expression": "{view.params.path} + \u0027/Audio Visual/\u0027 + {this.meta.name}"
              },
              "type": "expr"
            }
          }
        },
        "props": {
          "params": {
            "iconPos": "right"
          },
          "path": "Templates/Devices/RideEquipment/projector"
        },
        "type": "ia.display.view"
      },
      {
        "meta": {
          "name": "projector4"
        },
        "position": {
          "height": 63.926267281105986,
          "width": 67.57688050435536,
          "x": 84.318,
          "y": 412.861
        },
        "propConfig": {
          "meta.visible": {
            "binding": {
              "config": {
                "path": "parent.custom.showAudioVideo"
              },
              "type": "property"
            }
          },
          "props.params.path": {
            "binding": {
              "config": {
                "expression": "{view.params.path} + \u0027/Audio Visual/\u0027 + {this.meta.name}"
              },
              "type": "expr"
            }
          }
        },
        "props": {
          "params": {
            "iconPos": "right"
          },
          "path": "Templates/Devices/RideEquipment/projector"
        },
        "type": "ia.display.view"
      }
    ],
    "meta": {
      "name": "root"
    },
    "position": {
      "x": 0,
      "y": 0
    },
    "propConfig": {
      "custom.showAudioVideo": {
        "binding": {
          "config": {
            "fallbackDelay": 2.5,
            "mode": "indirect",
            "references": {
              "path": "{view.params.path}"
            },
            "tagPath": "{path}/_trackLayer/audioVideo"
          },
          "type": "tag"
        }
      },
      "custom.showRotarySwitch": {
        "binding": {
          "config": {
            "fallbackDelay": 2.5,
            "mode": "indirect",
            "references": {
              "path": "{view.params.path}"
            },
            "tagPath": "{path}/_trackLayer/rotarySwitch"
          },
          "type": "tag"
        }
      },
      "custom.showSaeRobot": {
        "binding": {
          "config": {
            "fallbackDelay": 2.5,
            "mode": "indirect",
            "references": {
              "path": "{view.params.path}"
            },
            "tagPath": "{path}/_trackLayer/saeRobot"
          },
          "type": "tag"
        }
      },
      "custom.showTurntable": {
        "binding": {
          "config": {
            "fallbackDelay": 2.5,
            "mode": "indirect",
            "references": {
              "path": "{view.params.path}"
            },
            "tagPath": "{path}/_trackLayer/turntable"
          },
          "type": "tag"
        }
      }
    },
    "props": {
      "aspectRatio": "1920:1080"
    },
    "type": "ia.container.coord"
  }
}