{
  "custom": {},
  "params": {
    "direction": "left",
    "dispTagSuffix": "In/actualVel",
    "dispValText": "Speed",
    "dockedView": "value",
    "drvNum": "vfd1",
    "label": "Wheel #1",
    "path": "[Park]epicUniverse/Track 907/rv1"
  },
  "propConfig": {
    "params.direction": {
      "paramDirection": "output",
      "persistent": true
    },
    "params.dispTagSuffix": {
      "paramDirection": "inout",
      "persistent": true
    },
    "params.dispValText": {
      "paramDirection": "inout",
      "persistent": true
    },
    "params.dockedView": {
      "paramDirection": "inout",
      "persistent": true
    },
    "params.drvNum": {
      "paramDirection": "input",
      "persistent": true
    },
    "params.label": {
      "paramDirection": "input",
      "persistent": true
    },
    "params.path": {
      "paramDirection": "input",
      "persistent": true
    }
  },
  "props": {
    "defaultSize": {
      "height": 47,
      "width": 591
    },
    "label": "labelHere",
    "tagPath": "[Park]_types_/Demo/Devices/Components/VFD/Cmd/speed"
  },
  "root": {
    "children": [
      {
        "meta": {
          "name": "lblDrvName"
        },
        "position": {
          "height": 20,
          "width": 120,
          "x": 85,
          "y": 10.5
        },
        "propConfig": {
          "props.text": {
            "binding": {
              "config": {
                "path": "view.params.label"
              },
              "type": "property"
            }
          }
        },
        "type": "ia.display.label"
      },
      {
        "meta": {
          "name": "driveStatus"
        },
        "position": {
          "height": 36,
          "width": 49,
          "x": 40,
          "y": 2.5
        },
        "propConfig": {
          "props.params.priority": {
            "binding": {
              "config": {
                "fallbackDelay": 2.5,
                "mode": "indirect",
                "references": {
                  "drvNum": "{view.params.drvNum}",
                  "path": "{view.params.path}"
                },
                "tagPath": "{path}/{drvNum}/almPriority/priority"
              },
              "type": "tag"
            }
          }
        },
        "props": {
          "path": "Templates/Indicators/Alarm"
        },
        "type": "ia.display.view"
      },
      {
        "meta": {
          "name": "lblState"
        },
        "position": {
          "height": 20,
          "width": 50,
          "x": 210,
          "y": 10.5
        },
        "props": {
          "text": "State:"
        },
        "type": "ia.display.label"
      },
      {
        "meta": {
          "name": "lblStateDisplay"
        },
        "position": {
          "height": 20,
          "width": 100,
          "x": 265,
          "y": 10.5
        },
        "propConfig": {
          "props.text": {
            "binding": {
              "config": {
                "fallbackDelay": 2.5,
                "mode": "indirect",
                "references": {
                  "drvNum": "{view.params.drvNum}",
                  "path": "{view.params.path}"
                },
                "tagPath": "{path}/{drvNum}/In/state"
              },
              "transforms": [
                {
                  "fallback": "ERROR",
                  "inputType": "scalar",
                  "mappings": [
                    {
                      "input": 0,
                      "output": "Disabled"
                    },
                    {
                      "input": 1,
                      "output": "Enabled"
                    },
                    {
                      "input": 2,
                      "output": "Running"
                    },
                    {
                      "input": 3,
                      "output": "Drive Fault"
                    },
                    {
                      "input": 4,
                      "output": "Safe Off"
                    },
                    {
                      "input": 5,
                      "output": "Motor Fault"
                    }
                  ],
                  "outputType": "scalar",
                  "type": "map"
                }
              ],
              "type": "tag"
            }
          }
        },
        "type": "ia.display.label"
      },
      {
        "meta": {
          "name": "lblSpeed"
        },
        "position": {
          "height": 20,
          "width": 59,
          "x": 367,
          "y": 10.5
        },
        "propConfig": {
          "props.text": {
            "binding": {
              "config": {
                "expression": "{view.params.dispValText} + \u0027:\u0027"
              },
              "type": "expr"
            }
          }
        },
        "props": {
          "style": {
            "textAlign": "right"
          }
        },
        "type": "ia.display.label"
      },
      {
        "meta": {
          "name": "lblSpeed_0"
        },
        "position": {
          "height": 20,
          "width": 88,
          "x": 431,
          "y": 10.5
        },
        "propConfig": {
          "props.text": {
            "binding": {
              "config": {
                "fallbackDelay": 2.5,
                "mode": "indirect",
                "references": {
                  "dispTagSuffix": "{view.params.dispTagSuffix}",
                  "drvNum": "{view.params.drvNum}",
                  "path": "{view.params.path}"
                },
                "tagPath": "{path}/{drvNum}/{dispTagSuffix}"
              },
              "type": "tag"
            }
          }
        },
        "props": {
          "style": {
            "textAlign": "right"
          }
        },
        "type": "ia.display.label"
      },
      {
        "meta": {
          "name": "lblSpeed_1"
        },
        "position": {
          "height": 20,
          "width": 50,
          "x": 530,
          "y": 10.5
        },
        "propConfig": {
          "props.text": {
            "binding": {
              "config": {
                "fallbackDelay": 2.5,
                "mode": "indirect",
                "references": {
                  "dispTagSuffix": "{view.params.dispTagSuffix}",
                  "drvNum": "{view.params.drvNum}",
                  "path": "{view.params.path}"
                },
                "tagPath": "{path}/{drvNum}/{dispTagSuffix}.EngUnit"
              },
              "type": "tag"
            }
          }
        },
        "type": "ia.display.label"
      },
      {
        "meta": {
          "name": "EmbeddedView"
        },
        "position": {
          "height": 40,
          "width": 40,
          "y": 0.5
        },
        "propConfig": {
          "props.params.dockedView": {
            "binding": {
              "config": {
                "path": "view.params.dockedView"
              },
              "type": "property"
            }
          },
          "props.params.drvNum": {
            "binding": {
              "config": {
                "path": "view.params.drvNum"
              },
              "type": "property"
            }
          },
          "props.params.name": {
            "binding": {
              "config": {
                "expression": "{view.params.path} + \u0027/\u0027 + {view.params.drvNum}"
              },
              "enabled": false,
              "type": "expr"
            }
          },
          "props.params.path": {
            "binding": {
              "config": {
                "path": "view.params.path"
              },
              "type": "property"
            }
          }
        },
        "props": {
          "params": {
            "direction": "left",
            "name": ""
          },
          "path": "Templates/Indicators/DockArrowPU"
        },
        "type": "ia.display.view"
      }
    ],
    "meta": {
      "name": "root"
    },
    "props": {
      "style": {
        "borderStyle": "solid",
        "outlineStyle": "outset",
        "outlineWidth": "3"
      }
    },
    "type": "ia.container.coord"
  }
}