{
  "custom": {},
  "params": {
    "path": "[Park]epicUniverse/track902/902MainsElecMtr"
  },
  "propConfig": {
    "params.path": {
      "paramDirection": "input",
      "persistent": true
    }
  },
  "props": {
    "defaultSize": {
      "height": 160,
      "width": 262
    }
  },
  "root": {
    "children": [
      {
        "meta": {
          "name": "Label"
        },
        "position": {
          "basis": "20px"
        },
        "propConfig": {
          "props.text": {
            "binding": {
              "config": {
                "fallbackDelay": 2.5,
                "mode": "indirect",
                "references": {
                  "path": "{view.params.path}"
                },
                "tagPath": "{path}/name"
              },
              "transforms": [
                {
                  "expression": "\u0027Electrical: \u0027 + {value}",
                  "type": "expression"
                }
              ],
              "type": "tag"
            }
          }
        },
        "props": {
          "alignVertical": "center",
          "style": {
            "backgroundColor": "#555555",
            "classes": "label label_underline",
            "textAlign": "center"
          }
        },
        "type": "ia.display.label"
      },
      {
        "meta": {
          "name": "Label_0"
        },
        "position": {
          "basis": "20px"
        },
        "props": {
          "alignVertical": "center",
          "style": {
            "color": "#000000",
            "paddingLeft": 5
          },
          "text": "Label"
        },
        "type": "ia.display.label"
      },
      {
        "children": [
          {
            "meta": {
              "name": "Label"
            },
            "position": {
              "basis": "103px"
            },
            "props": {
              "alignVertical": "center",
              "style": {
                "color": "#000000",
                "paddingLeft": 5
              },
              "text": "Voltage (LL):"
            },
            "type": "ia.display.label"
          },
          {
            "meta": {
              "name": "LedDisplay"
            },
            "position": {
              "basis": "111px"
            },
            "propConfig": {
              "props.value": {
                "binding": {
                  "config": {
                    "fallbackDelay": 2.5,
                    "mode": "indirect",
                    "references": {
                      "path": "{view.params.path}"
                    },
                    "tagPath": "{path}/In/volt_LL_Avg"
                  },
                  "type": "tag"
                }
              }
            },
            "type": "ia.display.led-display"
          },
          {
            "meta": {
              "name": "Label_0"
            },
            "position": {
              "basis": "48px"
            },
            "propConfig": {
              "props.text": {
                "binding": {
                  "config": {
                    "fallbackDelay": 2.5,
                    "mode": "indirect",
                    "references": {
                      "path": "{view.params.path}"
                    },
                    "tagPath": "{path}/In/volt_LL_Avg.EngUnit"
                  },
                  "type": "tag"
                }
              }
            },
            "props": {
              "alignVertical": "center",
              "style": {
                "color": "#000000",
                "paddingLeft": 5
              }
            },
            "type": "ia.display.label"
          }
        ],
        "meta": {
          "name": "FlexContainer"
        },
        "position": {
          "basis": "30px"
        },
        "type": "ia.container.flex"
      },
      {
        "children": [
          {
            "meta": {
              "name": "Label"
            },
            "position": {
              "basis": "103px"
            },
            "props": {
              "alignVertical": "center",
              "style": {
                "color": "#000000",
                "paddingLeft": 5
              },
              "text": "Current:"
            },
            "type": "ia.display.label"
          },
          {
            "meta": {
              "name": "LedDisplay"
            },
            "position": {
              "basis": "111px"
            },
            "propConfig": {
              "props.value": {
                "binding": {
                  "config": {
                    "fallbackDelay": 2.5,
                    "mode": "indirect",
                    "references": {
                      "path": "{view.params.path}"
                    },
                    "tagPath": "{path}/In/current"
                  },
                  "type": "tag"
                }
              }
            },
            "type": "ia.display.led-display"
          },
          {
            "meta": {
              "name": "Label_0"
            },
            "position": {
              "basis": "48px"
            },
            "propConfig": {
              "props.text": {
                "binding": {
                  "config": {
                    "fallbackDelay": 2.5,
                    "mode": "indirect",
                    "references": {
                      "path": "{view.params.path}"
                    },
                    "tagPath": "{path}/In/current.EngUnit"
                  },
                  "type": "tag"
                }
              }
            },
            "props": {
              "alignVertical": "center",
              "style": {
                "color": "#000000",
                "paddingLeft": 5
              }
            },
            "type": "ia.display.label"
          }
        ],
        "meta": {
          "name": "FlexContainer_0"
        },
        "position": {
          "basis": "30px"
        },
        "type": "ia.container.flex"
      },
      {
        "children": [
          {
            "meta": {
              "name": "Label"
            },
            "position": {
              "basis": "103px"
            },
            "props": {
              "alignVertical": "center",
              "style": {
                "color": "#000000",
                "paddingLeft": 5
              },
              "text": "Power:"
            },
            "type": "ia.display.label"
          },
          {
            "meta": {
              "name": "LedDisplay"
            },
            "position": {
              "basis": "111px"
            },
            "propConfig": {
              "props.value": {
                "binding": {
                  "config": {
                    "fallbackDelay": 2.5,
                    "mode": "indirect",
                    "references": {
                      "path": "{view.params.path}"
                    },
                    "tagPath": "{path}/In/power"
                  },
                  "type": "tag"
                }
              }
            },
            "type": "ia.display.led-display"
          },
          {
            "meta": {
              "name": "Label_0"
            },
            "position": {
              "basis": "48px"
            },
            "propConfig": {
              "props.text": {
                "binding": {
                  "config": {
                    "fallbackDelay": 2.5,
                    "mode": "indirect",
                    "references": {
                      "path": "{view.params.path}"
                    },
                    "tagPath": "{path}/In/power.EngUnit"
                  },
                  "type": "tag"
                }
              }
            },
            "props": {
              "alignVertical": "center",
              "style": {
                "color": "#000000",
                "paddingLeft": 5
              }
            },
            "type": "ia.display.label"
          }
        ],
        "meta": {
          "name": "FlexContainer_1"
        },
        "position": {
          "basis": "30px"
        },
        "type": "ia.container.flex"
      },
      {
        "children": [
          {
            "meta": {
              "name": "Label"
            },
            "position": {
              "basis": "103px"
            },
            "props": {
              "alignVertical": "center",
              "style": {
                "color": "#000000",
                "paddingLeft": 5
              },
              "text": "Energy:"
            },
            "type": "ia.display.label"
          },
          {
            "meta": {
              "name": "LedDisplay"
            },
            "position": {
              "basis": "111px"
            },
            "propConfig": {
              "props.value": {
                "binding": {
                  "config": {
                    "fallbackDelay": 2.5,
                    "mode": "indirect",
                    "references": {
                      "path": "{view.params.path}"
                    },
                    "tagPath": "{path}/In/energy"
                  },
                  "type": "tag"
                }
              }
            },
            "type": "ia.display.led-display"
          },
          {
            "meta": {
              "name": "Label_0"
            },
            "position": {
              "basis": "48px"
            },
            "propConfig": {
              "props.text": {
                "binding": {
                  "config": {
                    "fallbackDelay": 2.5,
                    "mode": "indirect",
                    "references": {
                      "path": "{view.params.path}"
                    },
                    "tagPath": "{path}/In/energy.EngUnit"
                  },
                  "type": "tag"
                }
              }
            },
            "props": {
              "alignVertical": "center",
              "style": {
                "color": "#000000",
                "paddingLeft": 5
              }
            },
            "type": "ia.display.label"
          }
        ],
        "meta": {
          "name": "FlexContainer_2"
        },
        "position": {
          "basis": "30px"
        },
        "type": "ia.container.flex"
      }
    ],
    "meta": {
      "name": "root"
    },
    "props": {
      "direction": "column"
    },
    "type": "ia.container.flex"
  }
}