{
  "custom": {},
  "params": {
    "image": "value"
  },
  "propConfig": {
    "params.image": {
      "paramDirection": "input",
      "persistent": true
    }
  },
  "props": {
    "defaultSize": {
      "height": 201,
      "width": 205
    }
  },
  "root": {
    "children": [
      {
        "meta": {
          "name": "Image"
        },
        "position": {
          "height": 0.995,
          "width": 0.9805
        },
        "propConfig": {
          "props.source": {
            "binding": {
              "config": {
                "path": "view.params.image"
              },
              "type": "property"
            }
          }
        },
        "props": {
          "fit": {
            "mode": "fill"
          }
        },
        "type": "ia.display.image"
      }
    ],
    "meta": {
      "name": "root"
    },
    "props": {
      "mode": "percent"
    },
    "type": "ia.container.coord"
  }
}