{
  "custom": {},
  "params": {
    "path": "[Park]epicUniverse/track902",
    "rewind": false,
    "rewindHist": []
  },
  "propConfig": {
    "params.path": {
      "paramDirection": "input",
      "persistent": true
    },
    "params.rewind": {
      "paramDirection": "input",
      "persistent": true
    },
    "params.rewindHist": {
      "paramDirection": "input",
      "persistent": true
    }
  },
  "props": {
    "defaultSize": {
      "height": 1221,
      "width": 1028
    }
  },
  "root": {
    "children": [
      {
        "meta": {
          "name": "Universal_Map_Bounds_v02"
        },
        "position": {
          "height": 1211,
          "width": 1025,
          "y": 5
        },
        "props": {
          "fit": {
            "mode": "fill"
          },
          "source": "/system/images/Universal_Map_Bounds_v08.svg"
        },
        "type": "ia.display.image"
      },
      {
        "meta": {
          "name": "projector_1"
        },
        "position": {
          "height": 40,
          "rotate": {
            "anchor": "435% -85%"
          },
          "width": 40,
          "x": 60.455749999999995,
          "y": 125.238
        },
        "props": {
          "params": {
            "icon": "/system/images/icons8-video-projectorblack.svg"
          },
          "path": "Templates/Icons/projector"
        },
        "type": "ia.display.view"
      },
      {
        "meta": {
          "name": "projector_2"
        },
        "position": {
          "height": 40,
          "rotate": {
            "anchor": "435% -85%"
          },
          "width": 40,
          "x": 59.90570457763672,
          "y": 231.238
        },
        "props": {
          "params": {
            "icon": "/system/images/icons8-video-projectorblack.svg"
          },
          "path": "Templates/Icons/projector"
        },
        "type": "ia.display.view"
      },
      {
        "meta": {
          "name": "projector_3"
        },
        "position": {
          "height": 40,
          "rotate": {
            "anchor": "435% -85%"
          },
          "width": 40,
          "x": 31.98075,
          "y": 392.238
        },
        "props": {
          "params": {
            "icon": "/system/images/icons8-video-projectorblack.svg"
          },
          "path": "Templates/Icons/projector"
        },
        "type": "ia.display.view"
      },
      {
        "meta": {
          "name": "projector_4"
        },
        "position": {
          "height": 40,
          "rotate": {
            "anchor": "435% -85%"
          },
          "width": 40,
          "x": 51.95580228881836,
          "y": 472.238
        },
        "props": {
          "params": {
            "icon": "/system/images/icons8-video-projectorblack.svg"
          },
          "path": "Templates/Icons/projector"
        },
        "type": "ia.display.view"
      },
      {
        "meta": {
          "name": "turntable_2"
        },
        "position": {
          "height": 71,
          "rotate": {
            "anchor": "435% -85%"
          },
          "width": 71,
          "x": 706.87875,
          "y": 945.771
        },
        "props": {
          "params": {
            "icon": "/system/images/icons8-video-projectorblack.svg",
            "path": "[Park]OtherEquipDemo/turntable002"
          },
          "path": "Templates/Icons/turntable"
        },
        "type": "ia.display.view"
      },
      {
        "meta": {
          "name": "turntable_1"
        },
        "position": {
          "height": 76,
          "rotate": {
            "anchor": "435% -85%"
          },
          "width": 74,
          "x": 623.38875,
          "y": 783.782
        },
        "props": {
          "params": {
            "icon": "/system/images/icons8-video-projectorblack.svg",
            "path": "[Park]OtherEquipDemo/turntable001"
          },
          "path": "Templates/Icons/turntable"
        },
        "type": "ia.display.view"
      },
      {
        "meta": {
          "name": "trackMap"
        },
        "position": {
          "height": 760,
          "width": 974.0000000000001,
          "x": 21.82575,
          "y": 73.7602
        },
        "propConfig": {
          "props.params.path": {
            "binding": {
              "config": {
                "path": "view.params.path"
              },
              "type": "property"
            }
          },
          "props.params.rewindHist": {
            "binding": {
              "config": {
                "path": "view.params.rewindHist"
              },
              "type": "property"
            }
          },
          "props.path": {
            "binding": {
              "config": {
                "expression": "\u0027Templates/Track Maps/trackMap\u0027 + if({view.params.rewind}, \u0027Rewind\u0027, \u0027\u0027)"
              },
              "type": "expr"
            }
          }
        },
        "type": "ia.display.view"
      },
      {
        "events": {
          "dom": {
            "onClick": {
              "config": {
                "draggable": true,
                "id": "vU2N4xG+",
                "modal": false,
                "overlayDismiss": false,
                "resizable": true,
                "showCloseIcon": true,
                "type": "open",
                "viewParams": {
                  "path": "{/root/saeButton.meta.path}"
                },
                "viewPath": "Templates/Popups/showActEquip"
              },
              "scope": "C",
              "type": "popup"
            }
          }
        },
        "meta": {
          "name": "saeButton",
          "path": "[Park]OtherEquipDemo/sae2"
        },
        "position": {
          "height": 60,
          "width": 60,
          "x": 827,
          "y": 577
        },
        "propConfig": {
          "props.almPath": {
            "binding": {
              "config": {
                "expression": "if(indexOf({this.meta.path}, \u0027]\u0027) !\u003d -1,\r\n\tsubstring({this.meta.path}, indexOf({this.meta.path}, \u0027]\u0027) + 1),\r\n\t{this.meta.path})"
              },
              "type": "expr"
            }
          }
        },
        "props": {
          "style": {
            "borderBottomLeftRadius": 30,
            "borderBottomRightRadius": 30,
            "borderColor": "#FFFFFF",
            "borderStyle": "solid",
            "borderTopLeftRadius": 30,
            "borderTopRightRadius": 30,
            "borderWidth": 1,
            "classes": "Cursors/hand_on_hover"
          }
        },
        "type": "ia.display.label"
      }
    ],
    "meta": {
      "name": "root"
    },
    "position": {
      "x": -6.699999809265137,
      "y": 40.88750076293945
    },
    "props": {
      "aspectRatio": "1920:1080",
      "style": {
        "backgroundColor": "#555555"
      }
    },
    "type": "ia.container.coord"
  }
}