{
  "custom": {
    "almPriority": 0,
    "mode": 1,
    "number": 1,
    "selected": false
  },
  "params": {
    "mapView": false,
    "path": "[Park]epicUniverse/track902/rideVehicle1",
    "rewind": {
      "enable": false,
      "mode": "",
      "priority": ""
    }
  },
  "propConfig": {
    "custom.almPriority": {
      "binding": {
        "config": {
          "fallbackDelay": 2.5,
          "mode": "indirect",
          "references": {
            "1": "{view.params.path}"
          },
          "tagPath": "{1}/almPriority/priority"
        },
        "transforms": [
          {
            "expression": "if({view.params.rewind.enable}, {view.params.rewind.priority}, {value})",
            "type": "expression"
          }
        ],
        "type": "tag"
      },
      "persistent": true
    },
    "custom.mode": {
      "binding": {
        "config": {
          "fallbackDelay": 2.5,
          "mode": "indirect",
          "references": {
            "1": "{view.params.path}"
          },
          "tagPath": "{1}/In/mode"
        },
        "transforms": [
          {
            "expression": "if({view.params.rewind.enable}, {view.params.rewind.mode}, {value})",
            "type": "expression"
          }
        ],
        "type": "tag"
      },
      "persistent": true
    },
    "custom.number": {
      "binding": {
        "config": {
          "fallbackDelay": 2.5,
          "mode": "indirect",
          "references": {
            "path": "{view.params.path}"
          },
          "tagPath": "{path}/number"
        },
        "type": "tag"
      },
      "persistent": true
    },
    "custom.selected": {
      "binding": {
        "config": {
          "fallbackDelay": 2.5,
          "mode": "indirect",
          "references": {
            "1": "{view.params.path}"
          },
          "tagPath": "{1}/In/selected"
        },
        "type": "tag"
      },
      "persistent": true
    },
    "params.mapView": {
      "paramDirection": "input",
      "persistent": true
    },
    "params.path": {
      "paramDirection": "input",
      "persistent": true
    },
    "params.rewind": {
      "paramDirection": "input",
      "persistent": true
    },
    "params.rewind.enable": {
      "paramDirection": "input",
      "persistent": true
    },
    "params.rewind.mode": {
      "paramDirection": "input",
      "persistent": true
    }
  },
  "props": {
    "defaultSize": {
      "height": 30,
      "width": 30
    }
  },
  "root": {
    "children": [
      {
        "meta": {
          "name": "rideVehicle"
        },
        "position": {
          "height": 1,
          "width": 1
        },
        "propConfig": {
          "props.elements[0].elements[0].fill.paint": {
            "binding": {
              "config": {
                "path": "view.custom.mode"
              },
              "transforms": [
                {
                  "fallback": "#000000",
                  "inputType": "scalar",
                  "mappings": [
                    {
                      "input": 0,
                      "output": "#AAAAAA"
                    },
                    {
                      "input": 1,
                      "output": "#FFFFFF"
                    },
                    {
                      "input": 2,
                      "output": "#0000FF"
                    },
                    {
                      "input": 3,
                      "output": "#FF8C00"
                    },
                    {
                      "input": 4,
                      "output": "#00FF00"
                    },
                    {
                      "input": 5,
                      "output": "#000000"
                    },
                    {
                      "input": 6,
                      "output": "#FF0000"
                    },
                    {
                      "input": 7,
                      "output": "#FFFF00"
                    }
                  ],
                  "outputType": "color",
                  "type": "map"
                }
              ],
              "type": "property"
            }
          }
        },
        "props": {
          "elements": [
            {
              "elements": [
                {
                  "cx": "50.285122",
                  "cy": "247.47083",
                  "fill": {
                    "opacity": "1",
                    "rule": "evenodd"
                  },
                  "name": "path815",
                  "r": "49",
                  "stroke": {
                    "dasharray": "none",
                    "dashoffset": "0",
                    "linecap": "butt",
                    "miterlimit": "4",
                    "opacity": "1",
                    "paint": "#000000",
                    "width": "1"
                  },
                  "style": {
                    "opacity": "1",
                    "vectorEffect": "none"
                  },
                  "type": "circle"
                },
                {
                  "cx": "50.285122",
                  "cy": "247.47083",
                  "fill": {
                    "opacity": "1",
                    "paint": "#FFFFFF",
                    "rule": "evenodd"
                  },
                  "name": "path817",
                  "r": "39.56044",
                  "stroke": {
                    "dasharray": "none",
                    "dashoffset": "0",
                    "linecap": "butt",
                    "miterlimit": "4",
                    "opacity": "1",
                    "paint": "#000000",
                    "width": "0.87912089"
                  },
                  "style": {
                    "opacity": "1",
                    "vectorEffect": "none"
                  },
                  "type": "circle"
                }
              ],
              "name": "layer1",
              "transform": "translate(0,-197)",
              "type": "group"
            }
          ]
        },
        "type": "ia.shapes.svg"
      },
      {
        "meta": {
          "name": "Label"
        },
        "position": {
          "height": 1,
          "width": 1
        },
        "propConfig": {
          "meta.visible": {
            "binding": {
              "config": {
                "path": "view.custom.mode"
              },
              "transforms": [
                {
                  "fallback": true,
                  "inputType": "scalar",
                  "mappings": [
                    {
                      "input": 0,
                      "output": false
                    },
                    {
                      "input": 1,
                      "output": true
                    },
                    {
                      "input": 2,
                      "output": false
                    },
                    {
                      "input": 3,
                      "output": false
                    },
                    {
                      "input": 4,
                      "output": false
                    },
                    {
                      "input": 5,
                      "output": true
                    },
                    {
                      "input": 6,
                      "output": true
                    },
                    {
                      "input": 7,
                      "output": true
                    }
                  ],
                  "outputType": "scalar",
                  "type": "map"
                },
                {
                  "expression": "//{../alarmInd.props.params.priority} \u003d 0 \u0026\u0026 {value}\r\ntrue",
                  "type": "expression"
                }
              ],
              "type": "property"
            }
          },
          "props.text": {
            "binding": {
              "config": {
                "path": "view.custom.number"
              },
              "type": "property"
            }
          }
        },
        "props": {
          "alignVertical": "center",
          "style": {
            "classes": "rideVehicle/text"
          }
        },
        "type": "ia.display.label"
      },
      {
        "meta": {
          "name": "alarmInd",
          "visible": false
        },
        "position": {
          "height": 0.5714,
          "width": 0.5714,
          "x": 0.2143,
          "y": 0.2143
        },
        "propConfig": {
          "props.params.priority": {
            "binding": {
              "config": {
                "path": "view.custom.almPriority"
              },
              "type": "property"
            }
          }
        },
        "props": {
          "path": "Templates/Alarms/Alarm Indicator"
        },
        "type": "ia.display.view"
      },
      {
        "meta": {
          "name": "mode"
        },
        "position": {
          "height": 0.5714,
          "width": 0.5714,
          "x": 0.2143,
          "y": 0.2143
        },
        "propConfig": {
          "meta.visible": {
            "binding": {
              "config": {
                "expression": "//if({../alarmInd.props.params.priority} \u003d 0, true, \r\nfalse\r\n//)"
              },
              "type": "expr"
            }
          },
          "props.params.mode": {
            "binding": {
              "config": {
                "fallbackDelay": 2.5,
                "mode": "indirect",
                "references": {
                  "1": "{view.params.path}"
                },
                "tagPath": "{1}/In/mode"
              },
              "type": "tag"
            }
          }
        },
        "props": {
          "path": "Templates/Indicators/Mode"
        },
        "type": "ia.display.view"
      }
    ],
    "events": {
      "dom": {
        "onClick": [
          {
            "config": {
              "script": "\tif self.view.params.mapView:\n\t\tsystem.perspective.openPopup(\u0027rideVehicle\u0027 + str(self.view.custom.number)\n\t\t\t, \u0027Templates/Popups/rideVehicle\u0027\n\t\t\t, params \u003d {\u0027path\u0027:self.view.params.path}\n\t\t\t, overlayDismiss \u003d True\n\t\t\t, showCloseIcon \u003d False\n#\t\t\t, draggable \u003d False\n#\t\t\t, position  \u003d {\u0027left\u0027: 0, \u0027top\u0027: 0}\n\t\t\t)\n\t\t\t\n\telse:\n\t\tpath \u003d self.view.params.path + \u0027/In/selected\u0027\n\t\ttagR \u003d system.tag.readBlocking([path])\n\t\tval \u003d tagR[0].value\n\t\tval \u003d not val\n\t\tsystem.tag.writeBlocking([path], [val])"
            },
            "scope": "G",
            "type": "script"
          },
          {
            "config": {
              "draggable": true,
              "id": "UxC22pCF",
              "modal": false,
              "overlayDismiss": false,
              "resizable": true,
              "showCloseIcon": true,
              "title": "{view.params.path}",
              "type": "open",
              "viewParams": {
                "path": "{view.params.path}"
              },
              "viewPath": "Templates/Popups/rideVehicle"
            },
            "enabled": false,
            "scope": "C",
            "type": "popup"
          }
        ]
      }
    },
    "meta": {
      "name": "root"
    },
    "props": {
      "aspectRatio": "1:1",
      "mode": "percent",
      "style": {
        "cursor": "pointer",
        "overflow": "hidden"
      }
    },
    "type": "ia.container.coord"
  }
}