{
  "custom": {},
  "params": {
    "path": "[Park]area905/Sample Track"
  },
  "propConfig": {
    "params.path": {
      "paramDirection": "input",
      "persistent": true
    }
  },
  "props": {
    "defaultSize": {
      "height": 1080,
      "width": 1920
    }
  },
  "root": {
    "children": [
      {
        "children": [
          {
            "meta": {
              "name": "univTrackMap",
              "visible": false
            },
            "position": {
              "height": 1,
              "width": 1
            },
            "props": {
              "elements": [
                {
                  "elements": [
                    {
                      "d": "M 502.55747,1027.0874 455.79359,980.80068 V 909.71753 L 515.45786,832.022 500.94493,726.22383 404.19208,660.09998 288.08868,686.54952 242.93734,762.59195 249.38753,856.81845 302.6016,921.28921 278.41338,987.41307 270.35065,1022.1281 296.1514,1068.4149 271.9632,1118.0077 217.13659,1121.3139 H 128.44648 L 78.457508,1094.8645 47.81911,1065.1086 46.206562,1030.3937 67.169679,1013.8626 109.09591,997.33165 141.39604,952.8549 144.57196,891.53347 115.5461,861.77774 H 78.457508 L 41.368919,858.47155 12.343068,832.022 5.8928766,810.53175 17.180709,769.20433 51.044204,747.71408 76.844957,746.061 118.7712,724.57074 126.83394,698.1212 110.70845,665.05926 89.745345,655.14068 67.169679,648.5283 42.981467,640.26281 9.1179726,595.62922 7.5054246,575.79206 36.531278,557.608 67.169679,536.11775 68.78223,494.79033 59.106941,474.95318 47.81911,446.85054 V 417.0948 L 65.557129,393.95145 99.420623,387.33907 141.34686,398.91074 157.47233,433.62577 170.37271,458.42221 192.94838,471.64698 223.58677,468.3408 239.71226,451.80982 260.67536,431.97267 278.41338,415.44171 H 312.27689 L 339.69019,438.58506 341.30273,469.99388 354.20311,506.362 378.39132,527.85227 409.02972,537.77085 447.73086,512.9744 460.63125,471.64698 450.95595,427.01338 449.34341,402.21694 470.30653,372.4612 H 505.78256 L 533.19588,388.99216 552.54644,407.17622 H 578.34719 L 621.88599,392.29836 649.29928,380.72669 678.32518,388.99216 704.12592,417.0948 V 441.89125 L 699.2882,466.68769 676.71262,481.56555 636.39891,503.05582 575.12209,529.50536 560.60917,562.56729 558.99664,584.05754 573.50956,625.38495 605.76051,640.26281 631.56126,646.8752 712.1886,623.73186 733.15177,636.95662 747.66466,666.71236 750.88976,706.38667 731.53922,726.22383 713.80116,759.28575 670.26242,769.20433 636.39891,780.77601 626.72362,797.30698 623.49852,830.36891 V 858.47155 L 646.0742,878.3087 702.51336,901.45205 720.25136,926.2485 725.08902,964.26971 683.16276,995.67855 639.624,985.75997 605.76051,979.14758 547.7088,997.33165 Z",
                      "fill": {
                        "paint": "none"
                      },
                      "name": "path46",
                      "stroke": {
                        "linecap": "butt",
                        "opacity": "1",
                        "paint": "#000000",
                        "width": "1.04492545px"
                      },
                      "style": {},
                      "type": "path"
                    }
                  ],
                  "name": "g3989",
                  "transform": "translate(0,-366.61418)",
                  "type": "group"
                }
              ],
              "preserveAspectRatio": "none",
              "viewBox": "0 0 825 830"
            },
            "type": "ia.shapes.svg"
          },
          {
            "meta": {
              "name": "drawing-1"
            },
            "position": {
              "height": 1,
              "width": 1
            },
            "props": {
              "elements": [
                {
                  "elements": [
                    {
                      "d": "M 39.309524,140.89583 142.11905,120.48512 154.21428,193.43453 73.327381,261.84821 Z",
                      "fill": {
                        "paint": "none"
                      },
                      "name": "path10",
                      "stroke": {
                        "linecap": "butt",
                        "opacity": "1",
                        "paint": "#000000",
                        "width": "0.26458332px"
                      },
                      "style": {},
                      "type": "path"
                    }
                  ],
                  "name": "layer1",
                  "transform": "translate(0,-97)",
                  "type": "group"
                }
              ],
              "preserveAspectRatio": "none",
              "viewBox": "38 20 144 156"
            },
            "type": "ia.shapes.svg"
          },
          {
            "meta": {
              "name": "trackMap"
            },
            "position": {
              "height": 1,
              "width": 1
            },
            "propConfig": {
              "props.params.path": {
                "binding": {
                  "config": {
                    "path": "view.params.path"
                  },
                  "type": "property"
                },
                "persistent": true
              }
            },
            "props": {
              "params": {
                "SVGPath": "M 39.309524,140.89583 142.11905,120.48512 154.21428,193.43453 73.327381,261.84821 Z",
                "SVGTransform": "translate(0,-366.61418)",
                "granularity": 0.2,
                "height": 1030,
                "path": "[Park]area905/Sample Track",
                "scaleMax": 1.1,
                "scaleMin": 0.9,
                "width": 1720
              },
              "path": "Templates/Track Maps/test"
            },
            "type": "ia.display.view"
          }
        ],
        "meta": {
          "name": "CoordinateContainer"
        },
        "position": {
          "grow": 1
        },
        "props": {
          "mode": "percent"
        },
        "type": "ia.container.coord"
      },
      {
        "meta": {
          "name": "List View"
        },
        "position": {
          "basis": "200px",
          "shrink": 0
        },
        "propConfig": {
          "props.params.path": {
            "binding": {
              "config": {
                "path": "view.params.path"
              },
              "type": "property"
            }
          }
        },
        "props": {
          "params": {
            "height": 1920,
            "hideTopDropdown": true,
            "name": "Cars",
            "tags": []
          },
          "path": "Templates/Lists/systems"
        },
        "type": "ia.display.view"
      }
    ],
    "meta": {
      "name": "root"
    },
    "type": "ia.container.flex"
  }
}