{
  "custom": {},
  "params": {
    "path": "[Park]epicUniverse/track902/Ride Equipment/turntable001",
    "state": 5
  },
  "propConfig": {
    "params.path": {
      "paramDirection": "input",
      "persistent": true
    },
    "params.state": {
      "paramDirection": "input",
      "persistent": true
    }
  },
  "props": {
    "defaultSize": {
      "height": 100,
      "width": 100
    }
  },
  "root": {
    "children": [
      {
        "events": {
          "dom": {
            "onClick": {
              "config": {
                "draggable": true,
                "id": "kx627l8w",
                "modal": false,
                "overlayDismiss": false,
                "resizable": true,
                "showCloseIcon": false,
                "type": "open",
                "viewParams": {
                  "path": "{view.params.path}",
                  "title": "{view.params.path}/metaData/displayName"
                },
                "viewPath": "Templates/Popups/Turntable"
              },
              "scope": "C",
              "type": "popup"
            }
          }
        },
        "meta": {
          "name": "Turntable"
        },
        "position": {
          "basis": "20px",
          "grow": 1
        },
        "propConfig": {
          "props.elements[0].elements[0].style.classes": {
            "binding": {
              "config": {
                "path": "view.params.state"
              },
              "transforms": [
                {
                  "fallback": "Modes/RideEquipment/noComm",
                  "inputType": "scalar",
                  "mappings": [
                    {
                      "input": 0,
                      "output": "Modes/RideEquipment/disabled"
                    },
                    {
                      "input": 1,
                      "output": "Modes/RideEquipment/active"
                    },
                    {
                      "input": 3,
                      "output": "Modes/RideEquipment/maint"
                    },
                    {
                      "input": 5,
                      "output": "Modes/RideEquipment/noComm"
                    },
                    {
                      "input": 6,
                      "output": "Modes/RideEquipment/faulted"
                    }
                  ],
                  "outputType": "style-list",
                  "type": "map"
                },
                {
                  "expression": "if({value} !\u003d \u0027Modes/RideEquipment/noComm\u0027, {value}, \r\n\tif({session.props.theme} \u003d \u0027light\u0027, \u0027Modes/RideEquipment/noCommLight\u0027, \u0027Modes/RideEquipment/noCommDark\u0027))",
                  "type": "expression"
                }
              ],
              "type": "property"
            }
          }
        },
        "props": {
          "elements": [
            {
              "elements": [
                {
                  "d": "m 243.39154,-195.76097 -1,21 -6,21 -10,20 -12,17 -16,15 -18,11.999996 -20,9 -21,4 -22,1 -21,-3 -21,-6 -19,-11 -17,-12.999996 -14,-16 -11,-19 -8.0000004,-20 -4,-22 v -21 l 4,-22 8.0000004,-20 11,-18 14,-17 17,-13 19,-10 21,-7 21,-3 22,1 21,5 20,8 18,12 16,15 12,18 10,19 6,21 1,22 m -120,-121 -2,27 -5,27 -9,26 -12,24 -16,23 -18,20 -20,18 -23,15 24,-12 26,-8 27,-5 27,-2 28,2 27,5 25,9 25,13 -23,-16 -20,-18 -18,-21 -15,-22 -12,-25 -9,-26 -5,-27 -2,-27",
                  "name": "path5539",
                  "style": {
                    "fill": "none",
                    "stroke-width": 18
                  },
                  "type": "path"
                }
              ],
              "name": "g5493",
              "transform": "matrix(0.16,0,0,-0.16,1.1173537,-10.621756)",
              "type": "group"
            }
          ],
          "viewBox": "0 0 41.561157 41.581306"
        },
        "type": "ia.shapes.svg"
      }
    ],
    "meta": {
      "name": "root"
    },
    "props": {
      "direction": "column"
    },
    "type": "ia.container.flex"
  }
}