{
  "custom": {},
  "params": {
    "key": "value",
    "label": "value",
    "path": "value"
  },
  "propConfig": {
    "params.key": {
      "paramDirection": "input",
      "persistent": true
    },
    "params.label": {
      "paramDirection": "input",
      "persistent": true
    },
    "params.path": {
      "paramDirection": "input",
      "persistent": true
    }
  },
  "props": {
    "defaultSize": {
      "height": 20,
      "width": 175
    },
    "label": "labelHere",
    "tagPath": "[Park]_types_/Demo/Devices/Components/VFD/Cmd/speed"
  },
  "root": {
    "children": [
      {
        "meta": {
          "name": "Label"
        },
        "position": {
          "height": 20,
          "width": 100
        },
        "propConfig": {
          "props.text": {
            "binding": {
              "config": {
                "path": "view.props.label"
              },
              "type": "property"
            }
          }
        },
        "props": {
          "style": {
            "textAlign": "right"
          }
        },
        "type": "ia.display.label"
      },
      {
        "meta": {
          "name": "value"
        },
        "position": {
          "height": 20,
          "width": 65,
          "x": 110
        },
        "propConfig": {
          "props.text": {
            "binding": {
              "config": {
                "expression": "tag({view.props.tagPath})"
              },
              "type": "expr"
            }
          }
        },
        "props": {
          "style": {
            "textAlign": "center"
          }
        },
        "type": "ia.display.label"
      }
    ],
    "meta": {
      "name": "root"
    },
    "type": "ia.container.coord"
  }
}