{
  "custom": {
    "path": "[CUB]CUB/MCU/CMP_CUB_MCU1"
  },
  "events": {
    "system": {
      "onStartup": {
        "config": {
          "script": "\tself.getChild(\u0027root/flxDevices\u0027).getChild(\u0027flxPumps\u0027).custom.ack \u003d False\n\tself.getChild(\u0027root/flxDevices\u0027).getChild(\u0027flxChiller\u0027).custom.ack \u003d False"
        },
        "scope": "G",
        "type": "script"
      }
    }
  },
  "params": {
    "name": "CMP_CUB_MCU1"
  },
  "permissions": null,
  "propConfig": {
    "custom.path": {
      "binding": {
        "config": {
          "expression": "\u0027[CUB]CUB/MCU/\u0027 + {view.params.name}"
        },
        "type": "expr"
      },
      "persistent": true
    },
    "params.name": {
      "paramDirection": "input",
      "persistent": true
    }
  },
  "props": {},
  "root": {
    "children": [
      {
        "meta": {
          "name": "Label"
        },
        "position": {
          "breakpoints": [
            {
              "colIndex": 1,
              "name": "sm",
              "order": 2.5,
              "rowIndex": 0,
              "span": 10
            },
            {
              "colIndex": 2,
              "name": "md",
              "order": 2.5,
              "rowIndex": 0,
              "span": 8
            },
            {
              "colIndex": 1,
              "name": "lg",
              "order": 2.5,
              "rowIndex": 0,
              "span": 10
            }
          ],
          "height": 56
        },
        "propConfig": {
          "props.text": {
            "binding": {
              "config": {
                "path": "view.params.name"
              },
              "type": "property"
            }
          }
        },
        "props": {
          "alignVertical": "center",
          "style": {
            "classes": "pageHeader"
          }
        },
        "type": "ia.display.label"
      },
      {
        "children": [
          {
            "children": [
              {
                "children": [
                  {
                    "meta": {
                      "name": "Label"
                    },
                    "position": {
                      "basis": "auto",
                      "display": true,
                      "grow": 1,
                      "shrink": 1
                    },
                    "props": {
                      "alignVertical": "center",
                      "style": {
                        "classes": "deviceHeader"
                      },
                      "text": "Pumps"
                    },
                    "type": "ia.display.label"
                  },
                  {
                    "meta": {
                      "name": "lblPlus"
                    },
                    "position": {
                      "basis": "30px",
                      "display": true,
                      "grow": 0,
                      "shrink": 1
                    },
                    "props": {
                      "alignVertical": "center",
                      "style": {
                        "classes": "deviceHeader"
                      },
                      "text": "+"
                    },
                    "type": "ia.display.label"
                  }
                ],
                "events": {
                  "dom": {
                    "onClick": {
                      "config": {
                        "script": "\t\n\tself.getSibling(\u0027FlexRepeater\u0027).position.display \u003d not self.getSibling(\u0027FlexRepeater\u0027).position.display\n\t\n\tif self.getSibling(\u0027FlexRepeater\u0027).position.display !\u003d True:\n\t\tself.getChild(\u0027lblPlus\u0027).props.text \u003d \u0027+\u0027\n\telse:\n\t\tself.getChild(\u0027lblPlus\u0027).props.text \u003d \u0027-\u0027"
                      },
                      "scope": "G",
                      "type": "script"
                    }
                  }
                },
                "meta": {
                  "name": "header"
                },
                "position": {
                  "basis": "40px",
                  "display": true,
                  "grow": 0,
                  "shrink": 1
                },
                "props": {
                  "style": {
                    "cursor": "pointer"
                  }
                },
                "type": "ia.container.flex"
              },
              {
                "custom": {
                  "basePath": "[default]CUB/MCU/CMP_CUB_MCU0",
                  "typeId": "Devices/MCU_Pump"
                },
                "meta": {
                  "name": "FlexRepeater"
                },
                "position": {
                  "basis": "auto",
                  "display": false,
                  "grow": 1,
                  "shrink": 1
                },
                "propConfig": {
                  "props.instances": {
                    "binding": {
                      "config": {
                        "path": "this.position.display"
                      },
                      "transforms": [
                        {
                          "code": "\tresults \u003d system.tag.browse(self.view.custom.path, filter \u003d {\u0027typeId\u0027:self.parent.custom.typeId, \u0027tagType\u0027:\u0027udtInstance\u0027})\n\tcount \u003d 0\n\t\n\tretVal \u003d []\n\tfor res in results.getResults():\n\t\tcount \u003d count + 1\n\t\tdict \u003d {\u0027name\u0027:res[\u0027name\u0027], \u0027path\u0027:res[\u0027fullPath\u0027], \u0027typeId\u0027:res[\u0027typeId\u0027], \u0027instanceStyle\u0027:{}, \u0027instancePosition\u0027:{}}\n\t\tretVal.append(dict)\n\theight \u003d (count * 50) + 40\n\t\n\tif not self.position.display:\n\t\tself.parent.custom.height \u003d 40\n\t\tself.parent.position.basis \u003d \u002740px\u0027\n\telse:\n\t\tself.parent.custom.height \u003d height\n\t\tself.parent.position.basis \u003d str(height) + \u0027px\u0027\n\t\n\treturn retVal",
                          "type": "script"
                        }
                      ],
                      "type": "property"
                    }
                  }
                },
                "props": {
                  "direction": "column",
                  "path": "Templates/Overview Bars/Pump",
                  "useDefaultViewHeight": false,
                  "useDefaultViewWidth": false
                },
                "type": "ia.display.flex-repeater"
              }
            ],
            "custom": {
              "ack": false,
              "height": 40,
              "typeId": "Devices/MCU_Pump"
            },
            "meta": {
              "name": "flxPumps"
            },
            "position": {
              "basis": "40px",
              "display": true,
              "grow": 0,
              "shrink": 1
            },
            "props": {
              "direction": "column"
            },
            "type": "ia.container.flex"
          },
          {
            "children": [
              {
                "children": [
                  {
                    "meta": {
                      "name": "Label"
                    },
                    "position": {
                      "basis": "auto",
                      "display": true,
                      "grow": 1,
                      "shrink": 1
                    },
                    "props": {
                      "alignVertical": "center",
                      "style": {
                        "classes": "deviceHeader"
                      },
                      "text": "BYPV"
                    },
                    "type": "ia.display.label"
                  },
                  {
                    "meta": {
                      "name": "lblPlus"
                    },
                    "position": {
                      "basis": "30px",
                      "display": true,
                      "grow": 0,
                      "shrink": 1
                    },
                    "props": {
                      "alignVertical": "center",
                      "style": {
                        "classes": "deviceHeader"
                      },
                      "text": "+"
                    },
                    "type": "ia.display.label"
                  }
                ],
                "events": {
                  "dom": {
                    "onClick": {
                      "config": {
                        "script": "\t\n\tself.getSibling(\u0027FlexRepeater\u0027).position.display \u003d not self.getSibling(\u0027FlexRepeater\u0027).position.display\n\t\n\tif self.getSibling(\u0027FlexRepeater\u0027).position.display !\u003d True:\n\t\tself.getChild(\u0027lblPlus\u0027).props.text \u003d \u0027+\u0027\n\telse:\n\t\tself.getChild(\u0027lblPlus\u0027).props.text \u003d \u0027-\u0027"
                      },
                      "scope": "G",
                      "type": "script"
                    }
                  }
                },
                "meta": {
                  "name": "header"
                },
                "position": {
                  "basis": "40px",
                  "display": true,
                  "grow": 0,
                  "shrink": 1
                },
                "props": {
                  "style": {
                    "cursor": "pointer"
                  }
                },
                "type": "ia.container.flex"
              },
              {
                "custom": {
                  "basePath": "[default]CUB/MCU/CMP_CUB_MCU0",
                  "typeId": "Devices/MCU_Pump"
                },
                "meta": {
                  "name": "FlexRepeater"
                },
                "position": {
                  "basis": "auto",
                  "display": false,
                  "grow": 1,
                  "shrink": 1
                },
                "propConfig": {
                  "props.instances": {
                    "binding": {
                      "config": {
                        "path": "this.position.display"
                      },
                      "transforms": [
                        {
                          "code": "\tresults \u003d system.tag.browse(self.view.custom.path, filter \u003d {\u0027typeId\u0027:self.parent.custom.typeId, \u0027tagType\u0027:\u0027udtInstance\u0027})\n\tcount \u003d 0\n\t\n\tretVal \u003d []\n\tfor res in results.getResults():\n\t\tcount \u003d count + 1\n\t\tdict \u003d {\u0027name\u0027:res[\u0027name\u0027], \u0027path\u0027:res[\u0027fullPath\u0027], \u0027typeId\u0027:res[\u0027typeId\u0027], \u0027instanceStyle\u0027:{}, \u0027instancePosition\u0027:{}}\n\t\tretVal.append(dict)\n\theight \u003d (count * 50) + 40\n\t\n\tif not self.position.display:\n\t\tself.parent.custom.height \u003d 40\n\t\tself.parent.position.basis \u003d \u002740px\u0027\n\telse:\n\t\tself.parent.custom.height \u003d height\n\t\tself.parent.position.basis \u003d str(height) + \u0027px\u0027\n\t\n\treturn retVal",
                          "type": "script"
                        }
                      ],
                      "type": "property"
                    }
                  }
                },
                "props": {
                  "direction": "column",
                  "path": "Templates/Overview Bars/BYPV",
                  "style": {
                    "overflow": "hidden"
                  },
                  "useDefaultViewHeight": false,
                  "useDefaultViewWidth": false
                },
                "type": "ia.display.flex-repeater"
              }
            ],
            "custom": {
              "height": 40,
              "typeId": "Devices/MCU_BYPV"
            },
            "meta": {
              "name": "flxBYPV"
            },
            "position": {
              "basis": "40px",
              "display": true,
              "grow": 0,
              "shrink": 1
            },
            "props": {
              "direction": "column"
            },
            "type": "ia.container.flex"
          },
          {
            "children": [
              {
                "children": [
                  {
                    "meta": {
                      "name": "Label"
                    },
                    "position": {
                      "basis": "auto",
                      "display": true,
                      "grow": 1,
                      "shrink": 1
                    },
                    "props": {
                      "alignVertical": "center",
                      "style": {
                        "classes": "deviceHeader"
                      },
                      "text": "Valves"
                    },
                    "type": "ia.display.label"
                  },
                  {
                    "meta": {
                      "name": "lblPlus"
                    },
                    "position": {
                      "basis": "30px",
                      "display": true,
                      "grow": 0,
                      "shrink": 1
                    },
                    "props": {
                      "alignVertical": "center",
                      "style": {
                        "classes": "deviceHeader"
                      },
                      "text": "+"
                    },
                    "type": "ia.display.label"
                  }
                ],
                "events": {
                  "dom": {
                    "onClick": {
                      "config": {
                        "script": "\t\n\tself.getSibling(\u0027FlexRepeater\u0027).position.display \u003d not self.getSibling(\u0027FlexRepeater\u0027).position.display\n\t\n\tif self.getSibling(\u0027FlexRepeater\u0027).position.display !\u003d True:\n\t\tself.getChild(\u0027lblPlus\u0027).props.text \u003d \u0027+\u0027\n\telse:\n\t\tself.getChild(\u0027lblPlus\u0027).props.text \u003d \u0027-\u0027"
                      },
                      "scope": "G",
                      "type": "script"
                    }
                  }
                },
                "meta": {
                  "name": "header"
                },
                "position": {
                  "basis": "40px",
                  "display": true,
                  "grow": 0,
                  "shrink": 1
                },
                "props": {
                  "style": {
                    "cursor": "pointer"
                  }
                },
                "type": "ia.container.flex"
              },
              {
                "custom": {
                  "basePath": "[default]CUB/MCU/CMP_CUB_MCU0",
                  "typeId": "Devices/MCU_Pump"
                },
                "meta": {
                  "name": "FlexRepeater"
                },
                "position": {
                  "basis": "auto",
                  "display": false,
                  "grow": 1,
                  "shrink": 1
                },
                "propConfig": {
                  "props.instances": {
                    "binding": {
                      "config": {
                        "path": "this.position.display"
                      },
                      "transforms": [
                        {
                          "code": "\tresults \u003d system.tag.browse(self.view.custom.path, filter \u003d {\u0027typeId\u0027:self.parent.custom.typeId, \u0027tagType\u0027:\u0027udtInstance\u0027})\n\tcount \u003d 0\n\t\n\tretVal \u003d []\n\tfor res in results.getResults():\n\t\tcount \u003d count + 1\n\t\tdict \u003d {\u0027name\u0027:res[\u0027name\u0027], \u0027path\u0027:res[\u0027fullPath\u0027], \u0027typeId\u0027:res[\u0027typeId\u0027], \u0027instanceStyle\u0027:{}, \u0027instancePosition\u0027:{}}\n\t\tretVal.append(dict)\n\theight \u003d (count * 50) + 40\n\t\n\tif not self.position.display:\n\t\tself.parent.custom.height \u003d 40\n\t\tself.parent.position.basis \u003d \u002740px\u0027\n\telse:\n\t\tself.parent.custom.height \u003d height\n\t\tself.parent.position.basis \u003d str(height) + \u0027px\u0027\n\t\n\treturn retVal",
                          "type": "script"
                        }
                      ],
                      "type": "property"
                    }
                  }
                },
                "props": {
                  "direction": "column",
                  "path": "Templates/Overview Bars/Valve",
                  "useDefaultViewHeight": false,
                  "useDefaultViewWidth": false
                },
                "type": "ia.display.flex-repeater"
              }
            ],
            "custom": {
              "height": 40,
              "typeId": "Devices/MCU_Valve"
            },
            "meta": {
              "name": "flxValves"
            },
            "position": {
              "basis": "40px",
              "display": true,
              "grow": 0,
              "shrink": 1
            },
            "props": {
              "direction": "column"
            },
            "type": "ia.container.flex"
          },
          {
            "children": [
              {
                "children": [
                  {
                    "meta": {
                      "name": "Label"
                    },
                    "position": {
                      "basis": "auto",
                      "display": true,
                      "grow": 1,
                      "shrink": 1
                    },
                    "props": {
                      "alignVertical": "center",
                      "style": {
                        "classes": "deviceHeader"
                      },
                      "text": "Isolation Valves"
                    },
                    "type": "ia.display.label"
                  },
                  {
                    "meta": {
                      "name": "lblPlus"
                    },
                    "position": {
                      "basis": "30px",
                      "display": true,
                      "grow": 0,
                      "shrink": 1
                    },
                    "props": {
                      "alignVertical": "center",
                      "style": {
                        "classes": "deviceHeader"
                      },
                      "text": "+"
                    },
                    "type": "ia.display.label"
                  }
                ],
                "events": {
                  "dom": {
                    "onClick": {
                      "config": {
                        "script": "\t\n\tself.getSibling(\u0027FlexRepeater\u0027).position.display \u003d not self.getSibling(\u0027FlexRepeater\u0027).position.display\n\t\n\tif self.getSibling(\u0027FlexRepeater\u0027).position.display !\u003d True:\n\t\tself.getChild(\u0027lblPlus\u0027).props.text \u003d \u0027+\u0027\n\telse:\n\t\tself.getChild(\u0027lblPlus\u0027).props.text \u003d \u0027-\u0027"
                      },
                      "scope": "G",
                      "type": "script"
                    }
                  }
                },
                "meta": {
                  "name": "header"
                },
                "position": {
                  "basis": "40px",
                  "display": true,
                  "grow": 0,
                  "shrink": 1
                },
                "props": {
                  "style": {
                    "cursor": "pointer"
                  }
                },
                "type": "ia.container.flex"
              },
              {
                "custom": {
                  "basePath": "[default]CUB/MCU/CMP_CUB_MCU0",
                  "typeId": "Devices/MCU_IV"
                },
                "meta": {
                  "name": "FlexRepeater"
                },
                "position": {
                  "basis": "auto",
                  "display": false,
                  "grow": 1,
                  "shrink": 1
                },
                "propConfig": {
                  "props.instances": {
                    "binding": {
                      "config": {
                        "path": "this.position.display"
                      },
                      "transforms": [
                        {
                          "code": "\tresults \u003d system.tag.browse(self.view.custom.path, filter \u003d {\u0027typeId\u0027:self.parent.custom.typeId, \u0027tagType\u0027:\u0027udtInstance\u0027})\n\tcount \u003d 0\n\t\n\tretVal \u003d []\n\tfor res in results.getResults():\n\t\tcount \u003d count + 1\n\t\tdict \u003d {\u0027name\u0027:res[\u0027name\u0027], \u0027path\u0027:res[\u0027fullPath\u0027], \u0027typeId\u0027:res[\u0027typeId\u0027], \u0027instanceStyle\u0027:{}, \u0027instancePosition\u0027:{}}\n\t\tretVal.append(dict)\n\theight \u003d (count * 50) + 40\n\t\n\tif not self.position.display:\n\t\tself.parent.custom.height \u003d 40\n\t\tself.parent.position.basis \u003d \u002740px\u0027\n\telse:\n\t\tself.parent.custom.height \u003d height\n\t\tself.parent.position.basis \u003d str(height) + \u0027px\u0027\n\t\n\treturn retVal",
                          "type": "script"
                        }
                      ],
                      "type": "property"
                    }
                  }
                },
                "props": {
                  "direction": "column",
                  "path": "Templates/Overview Bars/IV",
                  "useDefaultViewHeight": false,
                  "useDefaultViewWidth": false
                },
                "type": "ia.display.flex-repeater"
              }
            ],
            "custom": {
              "height": 40,
              "typeId": "Devices/MCU_IV"
            },
            "meta": {
              "name": "flxIV"
            },
            "position": {
              "basis": "40px",
              "display": true,
              "grow": 0,
              "shrink": 1
            },
            "props": {
              "direction": "column"
            },
            "type": "ia.container.flex"
          },
          {
            "children": [
              {
                "children": [
                  {
                    "meta": {
                      "name": "Label"
                    },
                    "position": {
                      "basis": "auto",
                      "display": true,
                      "grow": 1,
                      "shrink": 1
                    },
                    "props": {
                      "alignVertical": "center",
                      "style": {
                        "classes": "deviceHeader"
                      },
                      "text": "Chiller"
                    },
                    "type": "ia.display.label"
                  },
                  {
                    "meta": {
                      "name": "lblPlus"
                    },
                    "position": {
                      "basis": "30px",
                      "display": true,
                      "grow": 0,
                      "shrink": 1
                    },
                    "props": {
                      "alignVertical": "center",
                      "style": {
                        "classes": "deviceHeader"
                      },
                      "text": "+"
                    },
                    "type": "ia.display.label"
                  }
                ],
                "events": {
                  "dom": {
                    "onClick": {
                      "config": {
                        "script": "\t\n\tself.getSibling(\u0027FlexRepeater\u0027).position.display \u003d not self.getSibling(\u0027FlexRepeater\u0027).position.display\n\t\n\tif self.getSibling(\u0027FlexRepeater\u0027).position.display !\u003d True:\n\t\tself.getChild(\u0027lblPlus\u0027).props.text \u003d \u0027+\u0027\n\telse:\n\t\tself.getChild(\u0027lblPlus\u0027).props.text \u003d \u0027-\u0027"
                      },
                      "scope": "G",
                      "type": "script"
                    }
                  }
                },
                "meta": {
                  "name": "header"
                },
                "position": {
                  "basis": "40px",
                  "display": true,
                  "grow": 0,
                  "shrink": 1
                },
                "props": {
                  "style": {
                    "cursor": "pointer"
                  }
                },
                "type": "ia.container.flex"
              },
              {
                "custom": {
                  "basePath": "[default]CUB/MCU/CMP_CUB_MCU0",
                  "typeId": "Devices/MCU_IV"
                },
                "meta": {
                  "name": "FlexRepeater"
                },
                "position": {
                  "basis": "auto",
                  "display": false,
                  "grow": 1,
                  "shrink": 1
                },
                "propConfig": {
                  "props.instances": {
                    "binding": {
                      "config": {
                        "path": "this.position.display"
                      },
                      "transforms": [
                        {
                          "code": "\tresults \u003d system.tag.browse(self.view.custom.path, filter \u003d {\u0027typeId\u0027:self.parent.custom.typeId, \u0027tagType\u0027:\u0027udtInstance\u0027})\n\tcount \u003d 0\n\t\n\tretVal \u003d []\n\tfor res in results.getResults():\n\t\tcount \u003d count + 1\n\t\tdict \u003d {\u0027name\u0027:res[\u0027name\u0027], \u0027path\u0027:res[\u0027fullPath\u0027], \u0027typeId\u0027:res[\u0027typeId\u0027], \u0027instanceStyle\u0027:{}, \u0027instancePosition\u0027:{}}\n\t\tretVal.append(dict)\n\theight \u003d (count * 50) + 40\n\t\n\tif not self.position.display:\n\t\tself.parent.custom.height \u003d 40\n\t\tself.parent.position.basis \u003d \u002740px\u0027\n\telse:\n\t\tself.parent.custom.height \u003d height\n\t\tself.parent.position.basis \u003d str(height) + \u0027px\u0027\n\t\n\treturn retVal",
                          "type": "script"
                        }
                      ],
                      "type": "property"
                    }
                  }
                },
                "props": {
                  "direction": "column",
                  "path": "Templates/Overview Bars/Chiller",
                  "useDefaultViewHeight": false,
                  "useDefaultViewWidth": false
                },
                "type": "ia.display.flex-repeater"
              }
            ],
            "custom": {
              "ack": false,
              "height": 40,
              "typeId": "Devices/MCU_Chiller"
            },
            "meta": {
              "name": "flxChiller"
            },
            "position": {
              "basis": "40px",
              "display": true,
              "grow": 0,
              "shrink": 1
            },
            "props": {
              "direction": "column"
            },
            "type": "ia.container.flex"
          }
        ],
        "meta": {
          "name": "flxDevices"
        },
        "position": {
          "breakpoints": [
            {
              "colIndex": 1,
              "name": "sm",
              "order": 1,
              "rowIndex": 1,
              "span": 10
            },
            {
              "colIndex": 3,
              "name": "md",
              "order": 1,
              "rowIndex": 1,
              "span": 6
            },
            {
              "colIndex": 3,
              "name": "lg",
              "order": 1,
              "rowIndex": 1,
              "span": 6
            }
          ]
        },
        "propConfig": {
          "position.height": {
            "binding": {
              "config": {
                "expression": "{./flxPumps.custom.height} + {./flxBYPV.custom.height} + {./flxValves.custom.height} + {./flxIV.custom.height}+ {./flxChiller.custom.height}"
              },
              "type": "expr"
            }
          }
        },
        "props": {
          "direction": "column",
          "style": {
            "overflow": "hidden"
          }
        },
        "type": "ia.container.flex"
      }
    ],
    "meta": {
      "name": "root"
    },
    "type": "ia.container.column"
  }
}