{
  "custom": {
    "key": ""
  },
  "params": {},
  "props": {
    "defaultSize": {
      "height": 30,
      "width": 30
    }
  },
  "root": {
    "children": [
      {
        "meta": {
          "name": "Car"
        },
        "position": {
          "height": 1,
          "width": 1
        },
        "propConfig": {
          "props.elements[0].elements[1].fill.paint": {
            "binding": {
              "config": {
                "path": "session.props.theme"
              },
              "transforms": [
                {
                  "fallback": "#000000",
                  "inputType": "scalar",
                  "mappings": [
                    {
                      "input": "light",
                      "output": "#FFFFFF"
                    },
                    {
                      "input": "dark",
                      "output": "#808080"
                    }
                  ],
                  "outputType": "color",
                  "type": "map"
                }
              ],
              "type": "property"
            }
          }
        },
        "props": {
          "elements": [
            {
              "elements": [
                {
                  "cx": "50.285122",
                  "cy": "247.47083",
                  "fill": {
                    "opacity": "1",
                    "paint": "#AAAAAA",
                    "rule": "evenodd"
                  },
                  "name": "path815",
                  "r": "49",
                  "stroke": {
                    "dasharray": "none",
                    "dashoffset": "0",
                    "linecap": "butt",
                    "miterlimit": "4",
                    "opacity": "1",
                    "paint": "#000000",
                    "width": "1"
                  },
                  "style": {
                    "opacity": "1",
                    "vectorEffect": "none"
                  },
                  "type": "circle"
                },
                {
                  "cx": 50.285122,
                  "cy": 247.47083,
                  "fill": {
                    "opacity": "1",
                    "rule": "evenodd"
                  },
                  "name": "path817",
                  "r": 34,
                  "stroke": {
                    "dasharray": "none",
                    "dashoffset": "0",
                    "linecap": "butt",
                    "miterlimit": "4",
                    "opacity": "1",
                    "paint": "#000000",
                    "width": "0.87912089"
                  },
                  "style": {
                    "opacity": "1",
                    "vectorEffect": "none"
                  },
                  "type": "circle"
                }
              ],
              "name": "layer1",
              "transform": "translate(0,-197)",
              "type": "group"
            }
          ],
          "style": {
            "cursor": "pointer"
          }
        },
        "type": "ia.shapes.svg"
      }
    ],
    "events": {
      "dom": {
        "onClick": {
          "config": {
            "draggable": true,
            "id": "UxC22pCF",
            "modal": false,
            "overlayDismiss": false,
            "resizable": true,
            "showCloseIcon": true,
            "title": "{view.params.path}",
            "type": "open",
            "viewParams": {
              "path": "{view.params.path}"
            },
            "viewPath": "Templates/Popups/car"
          },
          "scope": "C",
          "type": "popup"
        }
      }
    },
    "meta": {
      "name": "root"
    },
    "props": {
      "aspectRatio": "1:1",
      "mode": "percent",
      "style": {
        "overflow": "hidden"
      }
    },
    "type": "ia.container.coord"
  }
}