{
  "custom": {},
  "params": {
    "mode": 8
  },
  "propConfig": {
    "params.key": {
      "paramDirection": "input"
    },
    "params.mode": {
      "paramDirection": "input"
    },
    "params.state": {
      "paramDirection": "input"
    }
  },
  "props": {
    "defaultSize": {
      "height": 46,
      "width": 39
    }
  },
  "root": {
    "children": [
      {
        "meta": {
          "name": "Icon",
          "visible": false
        },
        "position": {
          "height": 1,
          "width": 1
        },
        "propConfig": {
          "meta.visible": {
            "binding": {
              "config": {
                "path": "view.params.mode"
              },
              "transforms": [
                {
                  "fallback": false,
                  "inputType": "scalar",
                  "mappings": [
                    {
                      "input": 0,
                      "output": true
                    },
                    {
                      "input": 1,
                      "output": true
                    },
                    {
                      "input": 2,
                      "output": true
                    },
                    {
                      "input": 3,
                      "output": true
                    },
                    {
                      "input": 4,
                      "output": true
                    }
                  ],
                  "outputType": "scalar",
                  "type": "map"
                }
              ],
              "type": "property"
            },
            "persistent": true
          },
          "props.color": {
            "binding": {
              "config": {
                "path": "session.props.theme"
              },
              "transforms": [
                {
                  "fallback": "#000000",
                  "inputType": "scalar",
                  "mappings": [
                    {
                      "input": "light",
                      "output": "#000000"
                    },
                    {
                      "input": "dark",
                      "output": "#FFFFFF"
                    }
                  ],
                  "outputType": "color",
                  "type": "map"
                }
              ],
              "type": "property"
            },
            "persistent": true
          },
          "props.path": {
            "binding": {
              "config": {
                "path": "view.params.mode"
              },
              "transforms": [
                {
                  "fallback": "",
                  "inputType": "scalar",
                  "mappings": [
                    {
                      "input": 0,
                      "output": "material/cancel"
                    },
                    {
                      "input": 1,
                      "output": "material/accessibility"
                    },
                    {
                      "input": 2,
                      "output": "material/build"
                    },
                    {
                      "input": 3,
                      "output": "material/exit_to_app"
                    },
                    {
                      "input": 4,
                      "output": "material/iso"
                    }
                  ],
                  "outputType": "scalar",
                  "type": "map"
                }
              ],
              "type": "property"
            },
            "persistent": true
          }
        },
        "props": {
          "color": "#000000"
        },
        "type": "ia.display.icon"
      }
    ],
    "meta": {
      "name": "root"
    },
    "props": {
      "mode": "percent",
      "style": {
        "overflow": "hidden"
      }
    },
    "type": "ia.container.coord"
  }
}