{
  "custom": {
    "almPriority": 0,
    "engUnit": "%",
    "name": "Front Left Wheel",
    "popupParams": {},
    "state": 1,
    "value": 26.78
  },
  "params": {
    "iconPos": "right",
    "path": "[Park]epicUniverse/track902/Ride Vehicles/rideVehicle1/vfd1",
    "rewind": {
      "enable": false,
      "mode": "",
      "priority": ""
    }
  },
  "propConfig": {
    "custom.almPriority": {
      "binding": {
        "config": {
          "fallbackDelay": 2.5,
          "mode": "indirect",
          "references": {
            "1": "{view.params.path}"
          },
          "tagPath": "{1}/almPriority/priority"
        },
        "transforms": [
          {
            "expression": "if({view.params.rewind.enable}, {view.params.rewind.priority}, {value})",
            "type": "expression"
          }
        ],
        "type": "tag"
      },
      "persistent": true
    },
    "custom.engUnit": {
      "binding": {
        "config": {
          "fallbackDelay": 2.5,
          "mode": "indirect",
          "references": {
            "path": "{view.params.path}"
          },
          "tagPath": "{path}/In/actualVel.EngUnit"
        },
        "type": "tag"
      },
      "persistent": true
    },
    "custom.name": {
      "binding": {
        "config": {
          "fallbackDelay": 2.5,
          "mode": "indirect",
          "references": {
            "path": "{view.params.path}"
          },
          "tagPath": "{path}/metaData/Description"
        },
        "type": "tag"
      },
      "persistent": true
    },
    "custom.popupParams": {
      "persistent": true
    },
    "custom.popupParams.drvNum": {
      "binding": {
        "config": {
          "path": "view.params.path"
        },
        "transforms": [
          {
            "expression": "substring({value}, lastindexof({value}, \u0027/\u0027)+1)",
            "type": "expression"
          }
        ],
        "type": "property"
      }
    },
    "custom.popupParams.path": {
      "binding": {
        "config": {
          "path": "view.params.path"
        },
        "transforms": [
          {
            "expression": "substring({value}, 0, lastindexof({value}, \u0027/\u0027))",
            "type": "expression"
          }
        ],
        "type": "property"
      }
    },
    "custom.popupParams.title": {
      "binding": {
        "config": {
          "path": "view.custom.name"
        },
        "type": "property"
      }
    },
    "custom.state": {
      "binding": {
        "config": {
          "fallbackDelay": 2.5,
          "mode": "indirect",
          "references": {
            "1": "{view.params.path}"
          },
          "tagPath": "{1}/In/state"
        },
        "transforms": [
          {
            "expression": "if({view.params.rewind.enable}, {view.params.rewind.mode}, {value})",
            "type": "expression"
          }
        ],
        "type": "tag"
      },
      "persistent": true
    },
    "custom.value": {
      "binding": {
        "config": {
          "fallbackDelay": 2.5,
          "mode": "indirect",
          "references": {
            "path": "{view.params.path}"
          },
          "tagPath": "{path}/In/actualVel"
        },
        "type": "tag"
      },
      "persistent": true
    },
    "params.iconPos": {
      "paramDirection": "input",
      "persistent": true
    },
    "params.path": {
      "paramDirection": "input",
      "persistent": true
    },
    "params.rewind": {
      "paramDirection": "input",
      "persistent": true
    },
    "params.rewind.enable": {
      "paramDirection": "input",
      "persistent": true
    },
    "params.rewind.mode": {
      "paramDirection": "input",
      "persistent": true
    }
  },
  "props": {
    "defaultSize": {
      "height": 50,
      "width": 200
    }
  },
  "root": {
    "children": [
      {
        "children": [
          {
            "meta": {
              "name": "Label"
            },
            "position": {
              "basis": "100px"
            },
            "propConfig": {
              "props.text": {
                "binding": {
                  "config": {
                    "path": "view.custom.name"
                  },
                  "type": "property"
                }
              }
            },
            "props": {
              "style": {
                "textAlign": "center"
              }
            },
            "type": "ia.display.label"
          },
          {
            "meta": {
              "name": "Label_0"
            },
            "position": {
              "basis": "100px"
            },
            "propConfig": {
              "props.text": {
                "binding": {
                  "config": {
                    "expression": "{view.custom.value}+{view.custom.engUnit}"
                  },
                  "type": "expr"
                }
              }
            },
            "props": {
              "style": {
                "textAlign": "center"
              }
            },
            "type": "ia.display.label"
          }
        ],
        "events": {
          "dom": {
            "onClick": {
              "config": {
                "draggable": true,
                "id": "vfdStatus",
                "modal": false,
                "overlayDismiss": false,
                "resizable": true,
                "showCloseIcon": true,
                "type": "open",
                "viewParams": {
                  "drvNum": "{view.custom.popupParams.drvNum}",
                  "path": "{view.custom.popupParams.path}",
                  "title": "{view.custom.popupParams.title}"
                },
                "viewPath": "Templates/Equipment/vfdStatus"
              },
              "scope": "C",
              "type": "popup"
            }
          }
        },
        "meta": {
          "name": "device"
        },
        "position": {
          "basis": "300px",
          "grow": 1
        },
        "props": {
          "direction": "column",
          "style": {
            "classes": "Animations/btnHover Cursors/hand_on_hover"
          }
        },
        "type": "ia.container.flex"
      },
      {
        "children": [
          {
            "meta": {
              "name": "state"
            },
            "position": {
              "basis": "100px",
              "grow": 1
            },
            "propConfig": {
              "props.params.state": {
                "binding": {
                  "config": {
                    "path": "view.custom.state"
                  },
                  "type": "property"
                }
              }
            },
            "props": {
              "params": {
                "path": "material/power_settings_new"
              },
              "path": "Templates/Icons/icon"
            },
            "type": "ia.display.view"
          },
          {
            "meta": {
              "name": "alarm"
            },
            "position": {
              "basis": "100px",
              "grow": 1
            },
            "propConfig": {
              "props.params.priority": {
                "binding": {
                  "config": {
                    "path": "view.custom.almPriority"
                  },
                  "type": "property"
                }
              }
            },
            "props": {
              "path": "Templates/Indicators/Alarm"
            },
            "type": "ia.display.view"
          }
        ],
        "meta": {
          "name": "status"
        },
        "position": {
          "basis": "100px",
          "grow": 1
        },
        "props": {
          "direction": "column"
        },
        "type": "ia.container.flex"
      }
    ],
    "meta": {
      "name": "root"
    },
    "propConfig": {
      "props.direction": {
        "binding": {
          "config": {
            "path": "view.params.iconPos"
          },
          "transforms": [
            {
              "expression": "if({value} \u003d \u0027left\u0027, \u0027row-reverse\u0027, \u0027row\u0027)",
              "type": "expression"
            }
          ],
          "type": "property"
        }
      }
    },
    "props": {
      "style": {
        "overflow": "hidden"
      }
    },
    "type": "ia.container.flex"
  }
}