{
  "custom": {},
  "params": {
    "fill": "value",
    "path": "[Park]epicUniverse/track902",
    "toggle": true
  },
  "propConfig": {
    "params.fill": {
      "paramDirection": "input",
      "persistent": true
    },
    "params.path": {
      "paramDirection": "input",
      "persistent": true
    },
    "params.toggle": {
      "paramDirection": "input",
      "persistent": true
    }
  },
  "props": {
    "defaultSize": {
      "width": 982
    }
  },
  "root": {
    "children": [
      {
        "meta": {
          "name": "vehicleIconActive"
        },
        "position": {
          "height": 100,
          "width": 100,
          "x": 521.5
        },
        "propConfig": {
          "props.elements[0].fill.paint": {
            "binding": {
              "config": {
                "path": "view.params.fill"
              },
              "type": "property"
            }
          }
        },
        "props": {
          "elements": [
            {
              "cx": "12",
              "cy": "12",
              "fill": {},
              "name": "circle01",
              "r": "11.5",
              "stroke": {
                "paint": "black",
                "width": 0.5
              },
              "type": "circle"
            },
            {
              "cx": "12",
              "cy": "12",
              "fill": {
                "paint": "#FFFFFF"
              },
              "name": "circle02",
              "r": "9",
              "stroke": {
                "paint": "black",
                "width": 0.5
              },
              "type": "circle"
            }
          ],
          "viewBox": "0 0 24 24"
        },
        "type": "ia.shapes.svg"
      },
      {
        "meta": {
          "name": "vehicleIconDisabled"
        },
        "position": {
          "height": 100,
          "width": 100,
          "x": 416.5
        },
        "propConfig": {
          "props.elements[0].fill.paint": {
            "binding": {
              "config": {
                "path": "view.params.fill"
              },
              "type": "property"
            }
          }
        },
        "props": {
          "elements": [
            {
              "fill": {},
              "name": "diamondOuter",
              "points": "12,.25 23.75,12 12,23.75 .25,12",
              "stroke": {
                "paint": "black",
                "width": 0.5
              },
              "type": "polygon"
            },
            {
              "fill": {
                "paint": "#D5D5D5"
              },
              "name": "diamondInner",
              "points": "12,4 20,12 12,20 4,12",
              "stroke": {
                "paint": "black",
                "width": 0.5
              },
              "type": "polygon"
            }
          ],
          "viewBox": "0 0 24 24"
        },
        "type": "ia.shapes.svg"
      },
      {
        "meta": {
          "name": "vehicleIconADA"
        },
        "position": {
          "height": 100,
          "width": 100,
          "x": 101.5
        },
        "propConfig": {
          "props.elements[0].fill.paint": {
            "binding": {
              "config": {
                "path": "view.params.fill"
              },
              "type": "property"
            }
          }
        },
        "props": {
          "elements": [
            {
              "fill": {},
              "name": "hexagonOuter",
              "points": "7,.5 17,.5   23.5,7 23.5,17   17,23.5 7,23.5   .5,17 .5,7",
              "stroke": {
                "paint": "black",
                "width": 0.5
              },
              "type": "polygon"
            },
            {
              "fill": {
                "paint": "#0000FF"
              },
              "name": "hexagonInner",
              "points": "8,3.5 16,3.5   20.5,8 20.5,16   16,20.5 8,20.5   3.5,16 3.5,8",
              "stroke": {
                "paint": "black",
                "width": 0.5
              },
              "type": "polygon"
            }
          ],
          "viewBox": "0 0 24 24"
        },
        "type": "ia.shapes.svg"
      },
      {
        "meta": {
          "name": "vehicleIconFaulted"
        },
        "position": {
          "height": 100,
          "width": 100,
          "x": 206.5
        },
        "propConfig": {
          "props.elements[0].fill.paint": {
            "binding": {
              "config": {
                "path": "view.params.fill"
              },
              "type": "property"
            }
          }
        },
        "props": {
          "elements": [
            {
              "fill": {},
              "height": "22",
              "name": "squareOuter",
              "stroke": {
                "paint": "black",
                "width": 0.5
              },
              "type": "rect",
              "width": "22",
              "x": "1",
              "y": "1"
            },
            {
              "fill": {
                "paint": "#FF0000"
              },
              "height": "16",
              "name": "squareInner",
              "stroke": {
                "paint": "black",
                "width": 0.5
              },
              "type": "rect",
              "width": "16",
              "x": "4",
              "y": "4"
            }
          ],
          "viewBox": "0 0 24 24"
        },
        "type": "ia.shapes.svg"
      },
      {
        "meta": {
          "name": "vehicleIconNoComm"
        },
        "position": {
          "height": 100,
          "width": 100,
          "x": 311.5
        },
        "propConfig": {
          "props.elements[0].fill.paint": {
            "binding": {
              "config": {
                "path": "view.params.fill"
              },
              "type": "property"
            }
          }
        },
        "props": {
          "elements": [
            {
              "fill": {},
              "name": "triangleOuter",
              "points": "12,.5 23.5,23.5 .5,23.5",
              "stroke": {
                "paint": "black",
                "width": ".5"
              },
              "type": "polygon"
            },
            {
              "fill": {
                "paint": "#000000"
              },
              "name": "triangleInner",
              "points": "12,5 20,21.4 4,21.4",
              "stroke": {
                "paint": "black",
                "width": ".5"
              },
              "type": "polygon"
            }
          ],
          "viewBox": "0 0 24 24"
        },
        "type": "ia.shapes.svg"
      },
      {
        "meta": {
          "name": "vehicleIconYawDisabled"
        },
        "position": {
          "height": 100,
          "rotate": {
            "angle": "180deg"
          },
          "width": 100,
          "x": -3.5
        },
        "propConfig": {
          "props.elements[0].fill.paint": {
            "binding": {
              "config": {
                "path": "view.params.fill"
              },
              "type": "property"
            }
          }
        },
        "props": {
          "elements": [
            {
              "fill": {},
              "name": "triangleOuter",
              "points": "12,.5 23.5,23.5 .5,23.5",
              "stroke": {
                "paint": "black",
                "width": ".5"
              },
              "type": "polygon"
            },
            {
              "fill": {
                "paint": "#FFFF00"
              },
              "name": "triangleInner",
              "points": "12,5 20,21.4 4,21.4",
              "stroke": {
                "paint": "black",
                "width": ".5"
              },
              "type": "polygon"
            }
          ],
          "viewBox": "0 0 24 24"
        },
        "type": "ia.shapes.svg"
      },
      {
        "events": {
          "component": {
            "onActionPerformed": {
              "config": {
                "script": "\tself.view.params.fill \u003d self.props.style.backgroundColor"
              },
              "scope": "G",
              "type": "script"
            }
          }
        },
        "meta": {
          "name": "ltPurple"
        },
        "position": {
          "height": 44,
          "width": 88,
          "x": 406.5,
          "y": 116
        },
        "props": {
          "style": {
            "backgroundColor": "#D9BDE3",
            "color": "#000000"
          },
          "text": "Lt Purple"
        },
        "type": "ia.input.button"
      },
      {
        "events": {
          "component": {
            "onActionPerformed": {
              "config": {
                "script": "\tself.view.params.fill \u003d self.props.style.backgroundColor"
              },
              "scope": "G",
              "type": "script"
            }
          }
        },
        "meta": {
          "name": "drkPurple"
        },
        "position": {
          "height": 44,
          "width": 88,
          "x": 313.5,
          "y": 116
        },
        "props": {
          "style": {
            "backgroundColor": "#DD00DD",
            "color": "#FFFFFF"
          },
          "text": "Drk Purple"
        },
        "type": "ia.input.button"
      },
      {
        "events": {
          "component": {
            "onActionPerformed": {
              "config": {
                "script": "\tself.view.params.fill \u003d self.props.style.backgroundColor"
              },
              "scope": "G",
              "type": "script"
            }
          }
        },
        "meta": {
          "name": "ltGray"
        },
        "position": {
          "height": 44,
          "width": 88,
          "x": 220.5,
          "y": 116
        },
        "props": {
          "style": {
            "backgroundColor": "#D5D5D5",
            "color": "#000000"
          },
          "text": "Lt Gray"
        },
        "type": "ia.input.button"
      },
      {
        "events": {
          "component": {
            "onActionPerformed": {
              "config": {
                "script": "\tself.view.params.fill \u003d self.props.style.backgroundColor"
              },
              "scope": "G",
              "type": "script"
            }
          }
        },
        "meta": {
          "name": "drkGray"
        },
        "position": {
          "height": 44,
          "width": 88,
          "x": 127.5,
          "y": 116
        },
        "props": {
          "style": {
            "backgroundColor": "#555555",
            "color": "#FFFFFF"
          },
          "text": "Drk Gray"
        },
        "type": "ia.input.button"
      },
      {
        "events": {
          "component": {
            "onActionPerformed": {
              "config": {
                "script": "\tself.view.params.fill \u003d self.props.style.backgroundColor"
              },
              "scope": "G",
              "type": "script"
            }
          }
        },
        "meta": {
          "name": "drkGray_0"
        },
        "position": {
          "height": 44,
          "width": 88,
          "x": 34.5,
          "y": 116
        },
        "props": {
          "style": {
            "backgroundColor": "#FFFFFF",
            "color": "#FFFFFF"
          },
          "text": "White",
          "textStyle": {
            "color": "#000000"
          }
        },
        "type": "ia.input.button"
      },
      {
        "events": {
          "component": {
            "onActionPerformed": {
              "config": {
                "script": "\tself.view.params.fill \u003d self.props.style.backgroundColor"
              },
              "scope": "G",
              "type": "script"
            }
          }
        },
        "meta": {
          "name": "ltPurple_0"
        },
        "position": {
          "height": 44,
          "width": 88,
          "x": 500.5,
          "y": 116
        },
        "props": {
          "style": {
            "backgroundColor": "#FFFF00",
            "color": "#000000"
          },
          "text": "Yellow"
        },
        "type": "ia.input.button"
      },
      {
        "events": {
          "component": {
            "onActionPerformed": {
              "config": {
                "script": "\tself.view.params.fill \u003d self.props.style.backgroundColor"
              },
              "scope": "G",
              "type": "script"
            }
          }
        },
        "meta": {
          "name": "btnCustColor"
        },
        "position": {
          "height": 44,
          "width": 99,
          "x": 282.51,
          "y": 174.953125
        },
        "propConfig": {
          "props.enabled": {
            "binding": {
              "config": {
                "expression": "if({../Dropdown.props.value} !\u003d \u0027\u0027, True, False)"
              },
              "type": "expr"
            }
          },
          "props.style.backgroundColor": {
            "binding": {
              "config": {
                "path": "../Dropdown.props.value"
              },
              "type": "property"
            }
          },
          "props.text": {
            "binding": {
              "config": {
                "path": "../Dropdown.props.value"
              },
              "transforms": [
                {
                  "fallback": "Pick A Color",
                  "inputType": "scalar",
                  "mappings": [
                    {
                      "input": "#FF0000",
                      "output": "Red"
                    },
                    {
                      "input": "#00FF00",
                      "output": "Green"
                    },
                    {
                      "input": "#0000FF",
                      "output": "Blue"
                    },
                    {
                      "input": "#00FFF7",
                      "output": "Cyan"
                    },
                    {
                      "input": "#FF8C00",
                      "output": "Orange"
                    }
                  ],
                  "outputType": "scalar",
                  "type": "map"
                }
              ],
              "type": "property"
            }
          },
          "props.textStyle.color": {
            "binding": {
              "config": {
                "path": "this.props.text"
              },
              "transforms": [
                {
                  "fallback": "#FFFFFF",
                  "inputType": "scalar",
                  "mappings": [
                    {
                      "input": "Red",
                      "output": "#FFFFFF"
                    },
                    {
                      "input": "Green",
                      "output": "#000000"
                    },
                    {
                      "input": "Blue",
                      "output": "#FFFFFF"
                    },
                    {
                      "input": "Cyane",
                      "output": "#000000"
                    },
                    {
                      "input": "Orange",
                      "output": "#FFFFFF"
                    }
                  ],
                  "outputType": "color",
                  "type": "map"
                }
              ],
              "type": "property"
            }
          }
        },
        "props": {
          "primary": false
        },
        "type": "ia.input.button"
      },
      {
        "meta": {
          "name": "Icon"
        },
        "position": {
          "height": 75,
          "width": 75,
          "x": 12.03125,
          "y": 233
        },
        "props": {
          "path": "material/volume_up"
        },
        "type": "ia.display.icon"
      },
      {
        "meta": {
          "name": "emoji_objects-24px outlined"
        },
        "position": {
          "height": 75,
          "width": 75,
          "x": 96.50025,
          "y": 233
        },
        "propConfig": {
          "props.elements[1].elements[1].fill.paint": {
            "binding": {
              "config": {
                "expression": "if({session.props.theme} \u003d \u0027light\u0027, \u0027#000000\u0027, \u0027#FFFFFF\u0027)"
              },
              "type": "expr"
            }
          },
          "props.elements[1].elements[2].fill.paint": {
            "binding": {
              "config": {
                "expression": "if({session.props.theme} \u003d \u0027light\u0027, \u0027#0000FF\u0027, \u0027#FF0000\u0027)"
              },
              "type": "expr"
            }
          }
        },
        "props": {
          "elements": [
            {
              "elements": [
                {
                  "fill": {
                    "paint": "none"
                  },
                  "height": "24",
                  "name": "rect",
                  "type": "rect",
                  "width": "24"
                }
              ],
              "name": "group",
              "type": "group"
            },
            {
              "elements": [
                {
                  "name": "group",
                  "type": "group"
                },
                {
                  "elements": [
                    {
                      "d": "M12,3c-0.46,0-0.93,0.04-1.4,0.14C7.84,3.67,5.64,5.9,5.12,8.66c-0.48,2.61,0.48,5.01,2.22,6.56 C7.77,15.6,8,16.13,8,16.69V19c0,1.1,0.9,2,2,2h0.28c0.35,0.6,0.98,1,1.72,1s1.38-0.4,1.72-1H14c1.1,0,2-0.9,2-2v-2.31 c0-0.55,0.22-1.09,0.64-1.46C18.09,13.95,19,12.08,19,10C19,6.13,15.87,3,12,3z M14,17h-4v-1h4V17z M10,19v-1h4v1H10z M15.31,13.74c-0.09,0.08-0.16,0.18-0.24,0.26H8.92c-0.08-0.09-0.15-0.19-0.24-0.27c-1.32-1.18-1.91-2.94-1.59-4.7 c0.36-1.94,1.96-3.55,3.89-3.93C11.32,5.03,11.66,5,12,5c2.76,0,5,2.24,5,5C17,11.43,16.39,12.79,15.31,13.74z",
                      "name": "path",
                      "type": "path"
                    }
                  ],
                  "fill": {},
                  "name": "group",
                  "type": "group"
                },
                {
                  "elements": [
                    {
                      "height": "3",
                      "name": "rect",
                      "type": "rect",
                      "width": "1",
                      "x": "11.5",
                      "y": "11"
                    },
                    {
                      "height": "3",
                      "name": "rect",
                      "transform": "matrix(0.7071 -0.7071 0.7071 0.7071 -4.0312 10.8536)",
                      "type": "rect",
                      "width": "1",
                      "x": "10.59",
                      "y": "8.79"
                    },
                    {
                      "height": "3",
                      "name": "rect",
                      "transform": "matrix(-0.7071 -0.7071 0.7071 -0.7071 14.7678 26.7028)",
                      "type": "rect",
                      "width": "1",
                      "x": "12.41",
                      "y": "8.79"
                    }
                  ],
                  "fill": {},
                  "name": "group",
                  "type": "group"
                }
              ],
              "name": "group",
              "type": "group"
            }
          ],
          "viewBox": "0 0 24 24"
        },
        "type": "ia.shapes.svg"
      },
      {
        "meta": {
          "name": "Dropdown"
        },
        "position": {
          "height": 36,
          "width": 256,
          "x": 21.505799999999994,
          "y": 178.914125
        },
        "props": {
          "options": [
            {
              "label": "Red",
              "value": "#FF0000"
            },
            {
              "label": "Green",
              "value": "#00FF00"
            },
            {
              "label": "Blue",
              "value": "#0000FF"
            },
            {
              "label": "Cyan",
              "value": "#00FFF7"
            },
            {
              "label": "Orange",
              "value": "#FF8C00"
            }
          ]
        },
        "type": "ia.input.dropdown"
      },
      {
        "events": {
          "component": {
            "onActionPerformed": {
              "config": {
                "draggable": true,
                "id": "blankPopup",
                "modal": false,
                "overlayDismiss": false,
                "resizable": true,
                "showCloseIcon": true,
                "type": "open",
                "viewPath": "Templates/Popups/blankPopup"
              },
              "scope": "C",
              "type": "popup"
            }
          }
        },
        "meta": {
          "name": "Button"
        },
        "position": {
          "height": 34,
          "width": 80,
          "x": 176.25799999999998,
          "y": 253.5
        },
        "props": {
          "primary": false,
          "text": "Blank PU"
        },
        "type": "ia.input.button"
      },
      {
        "meta": {
          "name": "EmbeddedView"
        },
        "position": {
          "height": 650,
          "width": 400,
          "x": 611,
          "y": 115.951
        },
        "props": {
          "params": {
            "hideTopDropdown": true,
            "instances": [
              {
                "instancePosition": [],
                "instanceStyle": {},
                "instances": [
                  {
                    "basis": "value",
                    "header": "value",
                    "instancePosition": [],
                    "instanceStyle": {},
                    "path": "value",
                    "typeId": "value"
                  },
                  {
                    "basis": "value",
                    "header": "value",
                    "instancePosition": [],
                    "instanceStyle": {},
                    "path": "value",
                    "typeId": "value"
                  }
                ],
                "path": "value"
              }
            ],
            "name": "",
            "path": "[Park]epicUniverse/track902",
            "wrapInstances": true
          },
          "path": "Not Used/Lists/systems"
        },
        "type": "ia.display.view"
      }
    ],
    "meta": {
      "name": "root"
    },
    "type": "ia.container.coord"
  }
}