{
  "custom": {
    "path": "[Park]",
    "prov": "[Park]"
  },
  "params": {},
  "propConfig": {
    "custom.path": {
      "binding": {
        "config": {
          "path": "session.props.id"
        },
        "transforms": [
          {
            "code": "\tvalue \u003d \u0027[\u0027 + system.util.getProjectName() + \u0027]\u0027\n\tif value.find(\"Core\") !\u003d -1:\n\t\tvalue \u003d \u0027[Park]\u0027\n\treturn value",
            "type": "script"
          }
        ],
        "type": "property"
      },
      "persistent": true
    },
    "custom.prov": {
      "binding": {
        "config": {
          "path": "view.custom.path"
        },
        "type": "property"
      },
      "persistent": true
    }
  },
  "props": {
    "defaultSize": {
      "height": 115,
      "width": 1358
    }
  },
  "root": {
    "children": [
      {
        "children": [
          {
            "meta": {
              "name": "EmbeddedView"
            },
            "position": {
              "height": 0.992,
              "width": 0.9772,
              "x": 0.0045,
              "y": 0.008
            },
            "propConfig": {
              "props.params.image": {
                "binding": {
                  "config": {
                    "fallbackDelay": 2.5,
                    "mode": "direct",
                    "tagPath": "[Park]epicUniverse/track902/running"
                  },
                  "transforms": [
                    {
                      "fallback": "/system/images/Logos/Creative_Logo_Grey.svg",
                      "inputType": "scalar",
                      "mappings": [
                        {
                          "input": true,
                          "output": "/system/images/Logos/Creative_Logo_Green.svg"
                        },
                        {
                          "input": false,
                          "output": "/system/images/Logos/Creative_Logo_Red.svg"
                        }
                      ],
                      "outputType": "scalar",
                      "type": "map"
                    }
                  ],
                  "type": "tag"
                }
              }
            },
            "props": {
              "path": "Templates/Logo/logo"
            },
            "type": "ia.display.view"
          }
        ],
        "events": {
          "dom": {
            "onClick": {
              "config": {
                "params": {},
                "view": "Main Views/Splash"
              },
              "scope": "C",
              "type": "nav"
            }
          }
        },
        "meta": {
          "name": "CoordinateContainer_2"
        },
        "position": {
          "breakpoints": [
            {
              "colIndex": 5,
              "name": "sm",
              "order": 1.5,
              "rowIndex": 0,
              "span": 2
            },
            {
              "colIndex": 5,
              "name": "md",
              "order": 1.5,
              "rowIndex": 0,
              "span": 2
            },
            {
              "colIndex": 5,
              "name": "lg",
              "order": 1.5,
              "rowIndex": 0,
              "span": 2
            }
          ],
          "height": 125
        },
        "props": {
          "mode": "percent",
          "style": {
            "overflow": "hidden"
          }
        },
        "type": "ia.container.coord"
      },
      {
        "children": [
          {
            "events": {
              "dom": {
                "onClick": {
                  "config": {
                    "script": "\tif not self.session.props.auth.authenticated:\n\t\tsystem.perspective.login()\n\telse:\n\t\tsystem.perspective.logout()"
                  },
                  "scope": "G",
                  "type": "script"
                }
              }
            },
            "meta": {
              "name": "Label"
            },
            "position": {
              "height": 0.4298,
              "width": 0.6433,
              "x": 0.1887,
              "y": 0.0048
            },
            "propConfig": {
              "props.text": {
                "binding": {
                  "config": {
                    "expression": "dateFormat(now(1000), \"YYYY-MMM-dd  hh:mm:ss a\")"
                  },
                  "type": "expr"
                }
              }
            },
            "props": {
              "alignVertical": "center",
              "style": {
                "classes": "label",
                "color": "#AAAAAA",
                "cursor": "pointer",
                "fontSize": "18px",
                "textAlign": "right"
              }
            },
            "type": "ia.display.label"
          },
          {
            "events": {
              "dom": {
                "onClick": {
                  "config": {
                    "script": "\tif not self.session.props.auth.authenticated:\n\t\tsystem.perspective.login()\n\telse:\n\t\tsystem.perspective.logout()"
                  },
                  "scope": "G",
                  "type": "script"
                }
              }
            },
            "meta": {
              "name": "Label_0"
            },
            "position": {
              "height": 0.4,
              "width": 0.8802,
              "x": 0.0991,
              "y": 0.6009
            },
            "propConfig": {
              "props.text": {
                "binding": {
                  "config": {
                    "path": "session.props.auth.authenticated"
                  },
                  "transforms": [
                    {
                      "code": "\tif value:\n\t\tvalue \u003d str(self.session.props.auth.user.lastName) + \u0027, \u0027 + str(self.session.props.auth.user.firstName)\n\telse:\n\t\tvalue \u003d \u0027Login...\u0027\n\t\n\tif value \u003d\u003d \u0027None, None\u0027:\n\t\tvalue \u003d \u0027None\u0027\n\t\n\treturn value",
                      "type": "script"
                    }
                  ],
                  "type": "property"
                }
              }
            },
            "props": {
              "alignVertical": "center",
              "style": {
                "classes": "label",
                "color": "#AAAAAA",
                "cursor": "pointer",
                "fontSize": "18px",
                "textAlign": "right"
              }
            },
            "type": "ia.display.label"
          },
          {
            "events": {
              "dom": {
                "onClick": {
                  "config": {
                    "draggable": true,
                    "id": "addComment",
                    "modal": false,
                    "overlayDismiss": false,
                    "resizable": false,
                    "showCloseIcon": false,
                    "type": "open",
                    "viewParams": {
                      "id": "addComment"
                    },
                    "viewPath": "Templates/Comments"
                  },
                  "scope": "C",
                  "type": "popup"
                }
              }
            },
            "meta": {
              "name": "Icon"
            },
            "position": {
              "height": 0.3158,
              "width": 0.1067,
              "x": 0.8796,
              "y": 0.0524
            },
            "props": {
              "color": "#D5D5D5",
              "path": "material/assignment"
            },
            "type": "ia.display.icon"
          }
        ],
        "meta": {
          "name": "CoordinateContainer_0"
        },
        "position": {
          "breakpoints": [
            {
              "colIndex": 9,
              "name": "sm",
              "order": 3.5,
              "rowIndex": 0,
              "span": 3
            },
            {
              "colIndex": 9,
              "name": "md",
              "order": 3.5,
              "rowIndex": 0,
              "span": 3
            },
            {
              "colIndex": 9,
              "name": "lg",
              "order": 3.5,
              "rowIndex": 0,
              "span": 3
            }
          ],
          "height": 114
        },
        "props": {
          "mode": "percent",
          "style": {
            "color": "#D5D5D5",
            "overflow": "hidden"
          }
        },
        "type": "ia.container.coord"
      },
      {
        "children": [
          {
            "meta": {
              "name": "HorizontalMenu"
            },
            "position": {
              "height": 0.487,
              "width": 0.8375,
              "y": 0.513
            },
            "propConfig": {
              "props.items": {
                "binding": {
                  "config": {
                    "fallbackDelay": 2.5,
                    "mode": "indirect",
                    "references": {
                      "1": "{view.custom.path}"
                    },
                    "tagPath": "{1}_nav/navList/nav"
                  },
                  "transforms": [
                    {
                      "code": "\tretVal \u003d []\n\tfor ea in value:\n\t\tretVal.append(system.util.jsonDecode(str(ea)))\n\treturn retVal",
                      "type": "script"
                    }
                  ],
                  "type": "tag"
                }
              }
            },
            "props": {
              "itemStyle": {
                "backgroundColor": "#444444",
                "borderBottomLeftRadius": 3,
                "borderBottomRightRadius": 3,
                "borderStyle": "outset",
                "borderTopLeftRadius": 3,
                "borderTopRightRadius": 3,
                "borderWidth": 1,
                "color": "#FFFFFF",
                "fontWeight": "bold"
              },
              "style": {
                "backgroundColor": "#555555",
                "borderStyle": "none",
                "borderWidth": 3,
                "cursor": "pointer"
              }
            },
            "type": "ia.navigation.horizontalmenu"
          },
          {
            "children": [
              {
                "meta": {
                  "name": "lblName"
                },
                "position": {
                  "height": 20,
                  "width": 197.07,
                  "x": 1.98,
                  "y": 2
                },
                "propConfig": {
                  "custom.prov": {
                    "binding": {
                      "config": {
                        "path": "view.custom.path"
                      },
                      "transforms": [
                        {
                          "code": "\tvalue \u003d value[1:]\n\tvalue \u003d value[:len(value) - 1]\n\treturn value",
                          "type": "script"
                        }
                      ],
                      "type": "property"
                    }
                  },
                  "custom.systemName": {
                    "binding": {
                      "config": {
                        "fallbackDelay": 2.5,
                        "mode": "indirect",
                        "references": {
                          "1": "{view.custom.prov}"
                        },
                        "tagPath": "{1}/_system/SystemName"
                      },
                      "type": "tag"
                    }
                  },
                  "props.text": {
                    "binding": {
                      "config": {
                        "expression": "\u0027Server:  \u0027 + {this.custom.prov} + \u0027 | \u0027 + {this.custom.systemName}"
                      },
                      "type": "expr"
                    }
                  }
                },
                "props": {
                  "alignVertical": "center",
                  "style": {
                    "classes": "subHeader",
                    "overflow": "hidden",
                    "textAlign": "center"
                  }
                },
                "type": "ia.display.label"
              },
              {
                "children": [
                  {
                    "meta": {
                      "name": "lblMemoryUsage"
                    },
                    "position": {
                      "height": 20,
                      "width": 98.5
                    },
                    "propConfig": {
                      "props.text": {
                        "binding": {
                          "config": {
                            "fallbackDelay": 2.5,
                            "mode": "indirect",
                            "references": {
                              "1": "{view.custom.prov}"
                            },
                            "tagPath": "{1}/_system/Memory Utilization"
                          },
                          "transforms": [
                            {
                              "expression": "\u0027Memory: \u0027 + toInt({value} * 100) + \u0027%\u0027",
                              "type": "expression"
                            }
                          ],
                          "type": "tag"
                        }
                      }
                    },
                    "props": {
                      "alignVertical": "center",
                      "style": {
                        "classes": "label",
                        "fontSize": "10pt"
                      }
                    },
                    "type": "ia.display.label"
                  },
                  {
                    "meta": {
                      "name": "lblCPUUsage"
                    },
                    "position": {
                      "height": 20,
                      "width": 98.5,
                      "x": 98.5
                    },
                    "propConfig": {
                      "props.text": {
                        "binding": {
                          "config": {
                            "fallbackDelay": 2.5,
                            "mode": "indirect",
                            "references": {
                              "1": "{view.custom.prov}"
                            },
                            "tagPath": "{1}/_system/CPU Usage"
                          },
                          "transforms": [
                            {
                              "expression": "\u0027CPU: \u0027 + toInt({value} * 100) + \u0027%\u0027",
                              "type": "expression"
                            }
                          ],
                          "type": "tag"
                        }
                      }
                    },
                    "props": {
                      "alignVertical": "center",
                      "style": {
                        "classes": "label",
                        "fontSize": "10pt"
                      }
                    },
                    "type": "ia.display.label"
                  }
                ],
                "meta": {
                  "name": "CoordinateContainer"
                },
                "position": {
                  "height": 20,
                  "width": 197.07,
                  "x": 2.95,
                  "y": 24
                },
                "props": {
                  "aspectRatio": "200:20",
                  "style": {
                    "backgroundColor": "#555555",
                    "overflow": "hidden"
                  }
                },
                "type": "ia.container.coord"
              }
            ],
            "events": {
              "dom": {
                "onClick": {
                  "config": {
                    "draggable": true,
                    "id": "pLwtbz9+",
                    "modal": false,
                    "overlayDismiss": false,
                    "position": {
                      "left": 5,
                      "top": 5
                    },
                    "positionType": "exact",
                    "resizable": true,
                    "showCloseIcon": true,
                    "type": "open",
                    "viewParams": {
                      "prov": "{view.params.prov}"
                    },
                    "viewPath": "Templates/Diagnostics/serverHealth"
                  },
                  "scope": "C",
                  "type": "popup"
                }
              }
            },
            "meta": {
              "name": "CoordinateContainer_1"
            },
            "position": {
              "height": 0.4174,
              "width": 0.2568,
              "y": 0.0522
            },
            "props": {
              "aspectRatio": "205:45",
              "style": {
                "classes": "puSection",
                "cursor": "pointer",
                "overflow": "hidden"
              }
            },
            "type": "ia.container.coord"
          },
          {
            "meta": {
              "name": "MenuTree"
            },
            "position": {
              "height": 2.6087,
              "width": 0.3571,
              "x": 0.5818,
              "y": 0.176
            },
            "props": {
              "items": [
                {
                  "enabled": true,
                  "items": [
                    {
                      "enabled": true,
                      "items": [],
                      "label": {
                        "icon": {
                          "path": ""
                        },
                        "text": "Submenu item 1"
                      },
                      "navIcon": {
                        "path": ""
                      },
                      "showHeader": true,
                      "style": {
                        "classes": ""
                      },
                      "target": "",
                      "visible": true
                    },
                    {
                      "enabled": true,
                      "items": [],
                      "label": {
                        "icon": {
                          "path": ""
                        },
                        "text": "Submenu item 2"
                      },
                      "navIcon": {
                        "path": ""
                      },
                      "showHeader": true,
                      "style": {
                        "classes": ""
                      },
                      "target": "",
                      "visible": true
                    }
                  ],
                  "label": {
                    "icon": {
                      "path": "material/list"
                    },
                    "text": "Menu Item 1"
                  },
                  "navIcon": {
                    "color": "#6C6C6C",
                    "path": "material/chevron_right"
                  },
                  "showHeader": true,
                  "style": {
                    "classes": ""
                  },
                  "target": "",
                  "visible": true
                },
                {
                  "enabled": true,
                  "items": [
                    {
                      "enabled": true,
                      "items": [],
                      "label": {
                        "icon": {
                          "path": ""
                        },
                        "text": "Submenu item 1"
                      },
                      "navIcon": {
                        "path": ""
                      },
                      "showHeader": true,
                      "style": {
                        "classes": ""
                      },
                      "target": "",
                      "visible": true
                    },
                    {
                      "enabled": true,
                      "items": [],
                      "label": {
                        "icon": {
                          "path": ""
                        },
                        "text": "Submenu item 2"
                      },
                      "navIcon": {
                        "path": ""
                      },
                      "showHeader": true,
                      "style": {
                        "classes": ""
                      },
                      "target": "",
                      "visible": true
                    }
                  ],
                  "label": {
                    "icon": {
                      "path": "material/list"
                    },
                    "text": "Menu Item 2"
                  },
                  "navIcon": {
                    "color": "#6C6C6C",
                    "path": "material/chevron_right"
                  },
                  "showHeader": true,
                  "style": {
                    "classes": ""
                  },
                  "target": "",
                  "visible": true
                }
              ]
            },
            "type": "ia.navigation.menutree"
          }
        ],
        "meta": {
          "name": "CoordinateContainer_1"
        },
        "position": {
          "breakpoints": [
            {
              "colIndex": 0,
              "name": "sm",
              "order": 0.5,
              "rowIndex": 0,
              "span": 5
            },
            {
              "colIndex": 0,
              "name": "md",
              "order": 0.5,
              "rowIndex": 0,
              "span": 5
            },
            {
              "colIndex": 0,
              "name": "lg",
              "order": 0.5,
              "rowIndex": 0,
              "span": 5
            }
          ],
          "height": 115
        },
        "props": {
          "mode": "percent"
        },
        "type": "ia.container.coord"
      }
    ],
    "meta": {
      "name": "root"
    },
    "position": {
      "x": 0.0046,
      "y": 0.36
    },
    "props": {
      "breakpoints": [
        {
          "minWidth": 0,
          "name": "sm"
        },
        {
          "minWidth": 500,
          "name": "md"
        },
        {
          "minWidth": 996,
          "name": "lg"
        }
      ],
      "style": {
        "backgroundColor": "#555555",
        "overflow": "hidden"
      }
    },
    "type": "ia.container.column"
  }
}