{
  "custom": {},
  "events": null,
  "params": {},
  "permissions": null,
  "propConfig": null,
  "props": {
    "defaultSize": {
      "height": 600,
      "width": 1000
    }
  },
  "root": {
    "children": [
      {
        "meta": {
          "name": "TimeSeriesChart"
        },
        "position": {
          "height": 0.8633,
          "width": 0.636,
          "x": 0.319,
          "y": 0.0373
        },
        "propConfig": {
          "props.series[0].data": {
            "persistent": false
          }
        },
        "props": {
          "series": [
            {
              "name": {}
            }
          ]
        },
        "type": "ia.chart.timeseries"
      },
      {
        "events": {
          "component": {
            "onActionPerformed": {
              "config": {
                "script": "\t\n\tendTime \u003d system.date.now()\n\tstartTime \u003d system.date.addHours(endTime, -1)\n\ttagData \u003d self.getSibling(\"Tree\").props.selectionData\n\ttagPath \u003d []\n\t\n\tfor ea in tagData:\n\t\ttagPath.append(ea.value)\n\t\n\t#dataset \u003d system.dataset.toPyDataSet(system.tag.queryTagHistory(paths\u003d[tagPath], startDate\u003dstartTime, endDate\u003dendTime, returnSize\u003d0))\n\tdataset \u003d system.tag.queryTagHistory(paths\u003dtagPath, startDate\u003dstartTime, endDate\u003dendTime, returnSize\u003d100, aggregationMode\u003d\"SimpleAverage\")\n\t\n\tself.getSibling(\"TimeSeriesChart\").props.series[0].data \u003d dataset\n\t"
              },
              "scope": "G",
              "type": "script"
            }
          }
        },
        "meta": {
          "name": "Button"
        },
        "position": {
          "height": 0.08,
          "width": 0.2,
          "x": 0.075,
          "y": 0.8273
        },
        "props": {
          "style": {
            "backgroundColor": "#FAFAFB",
            "color": "#000000"
          },
          "text": "Load"
        },
        "type": "ia.input.button"
      },
      {
        "meta": {
          "name": "Tree"
        },
        "position": {
          "height": 0.775,
          "width": 0.25,
          "x": 0.05,
          "y": 0.0307
        },
        "propConfig": {
          "props.items": {
            "binding": {
              "config": {
                "struct": {},
                "waitOnAll": true
              },
              "transforms": [
                {
                  "code": "\timport re\n\t\n\t### Recursively builds a tag tree, starting from the specified path\n\tdef tagTree(path):\n\t\ttagTreeList \u003d []\n\t\tnewItem \u003d {}\n\t\t\n\t\t### Browse the curent path\t\t\n\t\tresults \u003d system.tag.browse(path)\n\t\t\n\t\t### Loop through every item in the results\n\t\tfor result in results.getResults():\n\t\t\tif result[\u0027hasChildren\u0027] \u003d\u003d False:\n\t\t\t\tres \u003d result[\u0027attributes\u0027]\n\t\t\t\tif str(res) \u003d\u003d \"[NodeAttribute[history]]\":\n\t\t\t\t\tnewItem[\u0027label\u0027] \u003d result[\u0027name\u0027]\n\t\t\t\t\tnewItem[\u0027data\u0027] \u003d result[\u0027fullPath\u0027]\n\t\t\t\t\ttagTreeList.append(newItem.copy())\n\t\t\tnewItem \u003d {}\n\t\t\t\t\n\t\t\t### If the tag has children, call the function to repeat the process but starting at the child\n\t\t\tif result[\u0027hasChildren\u0027] \u003d\u003d True:\n\t\t\t\t#newItem[\u0027label\u0027] \u003d result[\u0027name\u0027]\n\t\t\t\tnewItem[\u0027items\u0027] \u003d tagTree(result[\u0027fullPath\u0027])\n\t\t\t\tif re.search(\"\\{\\\u0027items\\\u0027\\: \\[\\]\",str(newItem)) \u003d\u003d None:\n\t\t\t\t\tnewItem[\u0027label\u0027] \u003d result[\u0027name\u0027]\n\t\t\t\t\tnewItem[\u0027data\u0027] \u003d result[\u0027fullPath\u0027]\n\t\t\t\t\ttagTreeList.append(newItem.copy())\n\t\t\t\n\t\t### After all items under the path have been added to the list, return the list.\t\n\t\treturn tagTreeList\n\t\n\tvalue \u003d tagTree(\u0027[trackDemo]Epic Universe\u0027)\n\treturn value",
                  "type": "script"
                }
              ],
              "type": "expr-struct"
            }
          }
        },
        "props": {
          "appearance": {
            "defaultNodeIcons": {
              "collapsed": {
                "color": "#5F707E",
                "path": "material/folder"
              },
              "empty": {
                "color": "#869DB1",
                "path": "material/stop"
              },
              "expanded": {
                "color": "#5F707E",
                "path": "material/folder_open"
              }
            },
            "expandIcons": {
              "collapsed": {
                "color": "#869DB1",
                "path": "material/arrow_right"
              },
              "empty": {
                "color": "#869DB1"
              },
              "expanded": {
                "color": "#869DB1",
                "path": "material/arrow_drop_down"
              }
            }
          }
        },
        "type": "ia.display.tree"
      }
    ],
    "meta": {
      "name": "root"
    },
    "props": {
      "mode": "percent"
    },
    "type": "ia.container.coord"
  }
}