{
  "custom": {},
  "events": {
    "system": {
      "onStartup": {
        "config": {
          "params": {},
          "view": "Templates/Track Maps/trackMapFull"
        },
        "scope": "C",
        "type": "nav"
      }
    }
  },
  "params": {
    "path": "[Park]epicUniverse/track902"
  },
  "propConfig": {
    "params.path": {
      "paramDirection": "input",
      "persistent": true
    }
  },
  "props": {
    "defaultSize": {
      "height": 912,
      "width": 1920
    }
  },
  "root": {
    "children": [
      {
        "meta": {
          "name": "vehicleInfo_Left"
        },
        "position": {
          "height": 820,
          "width": 360,
          "x": 20,
          "y": 80
        },
        "propConfig": {
          "props.params.path": {
            "binding": {
              "config": {
                "path": "view.params.path"
              },
              "type": "property"
            }
          }
        },
        "props": {
          "params": {
            "hideTopDropdown": true,
            "name": "Ride Vehicles",
            "wrapInstances": true
          },
          "path": "Templates/Lists/systems"
        },
        "type": "ia.display.view"
      },
      {
        "meta": {
          "name": "vehicleMode_right"
        },
        "position": {
          "height": 647,
          "width": 238,
          "x": 1662.94
        },
        "propConfig": {
          "props.params.path": {
            "binding": {
              "config": {
                "path": "view.params.path"
              },
              "type": "property"
            }
          }
        },
        "props": {
          "params": {
            "hideTopDropdown": false,
            "name": "Vehicle Modes"
          },
          "path": "Templates/Lists_Modes/systems",
          "style": {
            "borderStyle": "none",
            "borderWidth": 1
          }
        },
        "type": "ia.display.view"
      },
      {
        "events": {
          "dom": {
            "onClick": {
              "config": {
                "script": "\tpath \u003d self.view.params.path + \u0027/running\u0027\n\tsystem.tag.writeBlocking([path],[\u0027False\u0027])"
              },
              "scope": "G",
              "type": "script"
            }
          }
        },
        "meta": {
          "name": "simStop"
        },
        "position": {
          "height": 44,
          "width": 178,
          "x": 1710,
          "y": 761.012125
        },
        "props": {
          "primary": false,
          "style": {
            "classes": "Cursors/hand_on_hover"
          },
          "text": "Simulate Stop Ride"
        },
        "type": "ia.input.button"
      },
      {
        "events": {
          "dom": {
            "onClick": {
              "config": {
                "script": "\tpath \u003d self.view.params.path + \u0027/running\u0027\n\tsystem.tag.writeBlocking([path],[\u0027True\u0027])"
              },
              "scope": "G",
              "type": "script"
            }
          }
        },
        "meta": {
          "name": "simStart"
        },
        "position": {
          "height": 44,
          "width": 178,
          "x": 1711,
          "y": 821.148125
        },
        "props": {
          "primary": false,
          "style": {
            "classes": "Cursors/hand_on_hover"
          },
          "text": "Simulate Restart Ride"
        },
        "type": "ia.input.button"
      },
      {
        "events": {
          "dom": {
            "onClick": {
              "config": {
                "draggable": false,
                "id": "FUlxRpYr",
                "modal": true,
                "overlayDismiss": false,
                "resizable": true,
                "showCloseIcon": false,
                "type": "open",
                "viewParams": {
                  "almPath": "epicUniverse/track902/Ride Equipment/rotarySwitch1",
                  "path": "[Park]epicUniverse/track902/Ride Equipment/rotarySwitch1"
                },
                "viewPath": "Templates/Popups/rotarySwitch"
              },
              "scope": "C",
              "type": "popup"
            }
          }
        },
        "meta": {
          "name": "simRotaryPop"
        },
        "position": {
          "height": 44,
          "width": 230,
          "x": 1661.53,
          "y": 887.318125
        },
        "props": {
          "primary": false,
          "style": {
            "classes": "Cursors/hand_on_hover"
          },
          "text": "Rotary Switch Popup"
        },
        "type": "ia.input.button"
      },
      {
        "meta": {
          "name": "trackMap"
        },
        "position": {
          "height": 940,
          "width": 1119,
          "x": 400.5,
          "y": 4
        },
        "propConfig": {
          "props.params.path": {
            "binding": {
              "config": {
                "path": "view.params.path"
              },
              "type": "property"
            }
          },
          "props.path": {
            "binding": {
              "config": {
                "expression": "\u0027Main Views/Track Maps/\u0027 + substring({view.params.path}, lastindexof({view.params.path}, \u0027/\u0027) + 1)"
              },
              "type": "expr"
            }
          }
        },
        "props": {
          "params": {
            "rewind": false
          }
        },
        "type": "ia.display.view"
      },
      {
        "custom": {
          "direction": "right"
        },
        "events": {
          "dom": {
            "onClick": {
              "config": {
                "script": "\tdir \u003d self.custom.direction\n\tif dir \u003d\u003d \u0027right\u0027:\n\t\tself.custom.direction \u003d \u0027left\u0027\n\t\tself.position.x \u003d 366\n\telse:\n\t\tself.custom.direction \u003d \u0027right\u0027\n\t\tself.position.x \u003d 0"
              },
              "scope": "G",
              "type": "script"
            }
          }
        },
        "meta": {
          "name": "dockedView",
          "visible": false
        },
        "position": {
          "height": 50,
          "width": 25,
          "y": 350
        },
        "propConfig": {
          "props.params.direction": {
            "binding": {
              "config": {
                "path": "this.custom.direction"
              },
              "type": "property"
            }
          },
          "props.params.path": {
            "binding": {
              "config": {
                "path": "view.params.path"
              },
              "type": "property"
            }
          }
        },
        "props": {
          "params": {
            "dockedView": "Templates/Docked Views/Docked",
            "name": "Cars"
          },
          "path": "Templates/Indicators/DockArrow"
        },
        "type": "ia.display.view"
      },
      {
        "custom": {
          "direction": "right",
          "hide": true
        },
        "events": {
          "dom": {
            "onClick": {
              "config": {
                "script": "\tdir \u003d self.custom.direction\n\tif dir \u003d\u003d \u0027right\u0027:\n\t\tself.custom.direction \u003d \u0027left\u0027\n\t\tself.getSibling(\"layerControl\").position.width \u003d 360\n\t\tself.position.x \u003d 362\n\telse:\n\t\tself.custom.direction \u003d \u0027right\u0027\n\t\tself.getSibling(\"layerControl\").position.width \u003d 0\n\t\tself.position.x \u003d 6"
              },
              "scope": "G",
              "type": "script"
            },
            "onMouseEnter": {
              "config": {
                "script": "\tself.props.style.backgroundColor \u003d \u0027#2B2B2B\u0027"
              },
              "scope": "G",
              "type": "script"
            },
            "onMouseLeave": {
              "config": {
                "script": "\tself.props.style.backgroundColor \u003d \u0027#2B2B2B59\u0027"
              },
              "scope": "G",
              "type": "script"
            }
          }
        },
        "meta": {
          "name": "showLayerControl"
        },
        "position": {
          "height": 60,
          "width": 30,
          "x": 6,
          "y": 169.48794006347657
        },
        "propConfig": {
          "props.path": {
            "binding": {
              "config": {
                "expression": "\u0027material/keyboard_arrow_\u0027 + {this.custom.direction}"
              },
              "type": "expr"
            }
          }
        },
        "props": {
          "color": "#FFFFFF",
          "style": {
            "backgroundColor": "#2B2B2B59",
            "cursor": "pointer"
          }
        },
        "type": "ia.display.icon"
      },
      {
        "meta": {
          "name": "downtimeAlert"
        },
        "position": {
          "height": 50,
          "width": 50,
          "x": 235,
          "y": 15
        },
        "propConfig": {
          "props.params.path": {
            "binding": {
              "config": {
                "path": "view.params.path"
              },
              "type": "property"
            }
          }
        },
        "props": {
          "path": "Templates/Downtime/Indicator"
        },
        "type": "ia.display.view"
      },
      {
        "children": [
          {
            "meta": {
              "name": "EmbeddedView"
            },
            "position": {
              "height": 0.992,
              "width": 0.9772,
              "x": 0.0045,
              "y": 0.008
            },
            "propConfig": {
              "props.params.image": {
                "binding": {
                  "config": {
                    "fallbackDelay": 2.5,
                    "mode": "direct",
                    "tagPath": "[Park]epicUniverse/track902/running"
                  },
                  "transforms": [
                    {
                      "fallback": "/system/images/Logos/Creative_Logo_Grey.svg",
                      "inputType": "scalar",
                      "mappings": [
                        {
                          "input": true,
                          "output": "/system/images/Logos/Creative_Logo_Green.svg"
                        },
                        {
                          "input": false,
                          "output": "/system/images/Logos/Creative_Logo_Red.svg"
                        }
                      ],
                      "outputType": "scalar",
                      "type": "map"
                    }
                  ],
                  "type": "tag"
                }
              }
            },
            "props": {
              "path": "Templates/Logo/logo"
            },
            "type": "ia.display.view"
          }
        ],
        "events": {
          "dom": {
            "onClick": {
              "config": {
                "params": {},
                "view": "Main Views/Splash"
              },
              "scope": "C",
              "type": "nav"
            }
          }
        },
        "meta": {
          "name": "CoordinateContainer_2"
        },
        "position": {
          "height": 80,
          "width": 80,
          "x": 150
        },
        "props": {
          "mode": "percent",
          "style": {
            "overflow": "hidden"
          }
        },
        "type": "ia.container.coord"
      },
      {
        "children": [
          {
            "meta": {
              "name": "staticScene"
            },
            "position": {
              "height": 36,
              "width": 280,
              "x": 15,
              "y": 295
            },
            "propConfig": {
              "props.selected": {
                "binding": {
                  "config": {
                    "bidirectional": true,
                    "fallbackDelay": 2.5,
                    "mode": "indirect",
                    "references": {
                      "name": "{this.meta.name}",
                      "path": "{view.params.path}"
                    },
                    "tagPath": "{path}/_trackLayer/{name}"
                  },
                  "type": "tag"
                }
              }
            },
            "props": {
              "label": {
                "style": {
                  "color": "#FFFFFF"
                },
                "text": "Toggle Static Scene Objects"
              }
            },
            "type": "ia.input.toggle-switch"
          },
          {
            "meta": {
              "name": "saeRobot"
            },
            "position": {
              "height": 36,
              "width": 280,
              "x": 15,
              "y": 255
            },
            "propConfig": {
              "props.selected": {
                "binding": {
                  "config": {
                    "bidirectional": true,
                    "fallbackDelay": 2.5,
                    "mode": "indirect",
                    "references": {
                      "name": "{this.meta.name}",
                      "path": "{view.params.path}"
                    },
                    "tagPath": "{path}/_trackLayer/{name}"
                  },
                  "type": "tag"
                }
              }
            },
            "props": {
              "label": {
                "style": {
                  "color": "#FFFFFF"
                },
                "text": "Toggle SAE Robot"
              }
            },
            "type": "ia.input.toggle-switch"
          },
          {
            "meta": {
              "name": "turntable"
            },
            "position": {
              "height": 36,
              "width": 280,
              "x": 15,
              "y": 215
            },
            "propConfig": {
              "props.selected": {
                "binding": {
                  "config": {
                    "bidirectional": true,
                    "fallbackDelay": 2.5,
                    "mode": "indirect",
                    "references": {
                      "name": "{this.meta.name}",
                      "path": "{view.params.path}"
                    },
                    "tagPath": "{path}/_trackLayer/{name}"
                  },
                  "type": "tag"
                }
              }
            },
            "props": {
              "label": {
                "style": {
                  "color": "#FFFFFF"
                },
                "text": "Toggle Turntable"
              }
            },
            "type": "ia.input.toggle-switch"
          },
          {
            "meta": {
              "name": "rotarySwitch"
            },
            "position": {
              "height": 36,
              "width": 280,
              "x": 15,
              "y": 175
            },
            "propConfig": {
              "props.selected": {
                "binding": {
                  "config": {
                    "bidirectional": true,
                    "fallbackDelay": 2.5,
                    "mode": "indirect",
                    "references": {
                      "name": "{this.meta.name}",
                      "path": "{view.params.path}"
                    },
                    "tagPath": "{path}/_trackLayer/{name}"
                  },
                  "type": "tag"
                }
              }
            },
            "props": {
              "label": {
                "style": {
                  "color": "#FFFFFF"
                },
                "text": "Toggle Rotary Switch"
              }
            },
            "type": "ia.input.toggle-switch"
          },
          {
            "meta": {
              "name": "audioVideo"
            },
            "position": {
              "height": 36,
              "width": 280,
              "x": 15,
              "y": 135
            },
            "propConfig": {
              "props.selected": {
                "binding": {
                  "config": {
                    "bidirectional": true,
                    "fallbackDelay": 2.5,
                    "mode": "indirect",
                    "references": {
                      "name": "{this.meta.name}",
                      "path": "{view.params.path}"
                    },
                    "tagPath": "{path}/_trackLayer/{name}"
                  },
                  "type": "tag"
                }
              }
            },
            "props": {
              "label": {
                "style": {
                  "color": "#FFFFFF"
                },
                "text": "Toggle Audio/Video"
              }
            },
            "type": "ia.input.toggle-switch"
          },
          {
            "meta": {
              "name": "ride"
            },
            "position": {
              "height": 36,
              "width": 280,
              "x": 15,
              "y": 95
            },
            "propConfig": {
              "props.selected": {
                "binding": {
                  "config": {
                    "bidirectional": true,
                    "fallbackDelay": 2.5,
                    "mode": "indirect",
                    "references": {
                      "name": "{this.meta.name}",
                      "path": "{view.params.path}"
                    },
                    "tagPath": "{path}/_trackLayer/{name}"
                  },
                  "type": "tag"
                }
              }
            },
            "props": {
              "label": {
                "style": {
                  "color": "#FFFFFF"
                },
                "text": "Toggle Ride"
              }
            },
            "type": "ia.input.toggle-switch"
          },
          {
            "meta": {
              "name": "room"
            },
            "position": {
              "height": 36,
              "width": 280,
              "x": 15,
              "y": 55
            },
            "propConfig": {
              "props.selected": {
                "binding": {
                  "config": {
                    "bidirectional": true,
                    "fallbackDelay": 2.5,
                    "mode": "indirect",
                    "references": {
                      "name": "{this.meta.name}",
                      "path": "{view.params.path}"
                    },
                    "tagPath": "{path}/_trackLayer/{name}"
                  },
                  "type": "tag"
                }
              }
            },
            "props": {
              "label": {
                "style": {
                  "color": "#FFFFFF"
                },
                "text": "Toggle Room Walls"
              }
            },
            "type": "ia.input.toggle-switch"
          },
          {
            "meta": {
              "name": "outerWall"
            },
            "position": {
              "height": 36,
              "width": 280,
              "x": 15,
              "y": 15
            },
            "propConfig": {
              "props.selected": {
                "binding": {
                  "config": {
                    "bidirectional": true,
                    "fallbackDelay": 2.5,
                    "mode": "indirect",
                    "references": {
                      "name": "{this.meta.name}",
                      "path": "{view.params.path}"
                    },
                    "tagPath": "{path}/_trackLayer/{name}"
                  },
                  "type": "tag"
                }
              }
            },
            "props": {
              "label": {
                "style": {
                  "color": "#FFFFFF"
                },
                "text": "Toggle Outer Wall"
              }
            },
            "type": "ia.input.toggle-switch"
          },
          {
            "meta": {
              "name": "displayCAD"
            },
            "position": {
              "height": 36,
              "width": 280,
              "x": 15,
              "y": 335
            },
            "propConfig": {
              "props.selected": {
                "binding": {
                  "config": {
                    "bidirectional": true,
                    "fallbackDelay": 2.5,
                    "mode": "indirect",
                    "references": {
                      "name": "{this.meta.name}",
                      "path": "{view.params.path}"
                    },
                    "tagPath": "{path}/_trackLayer/{name}"
                  },
                  "type": "tag"
                }
              }
            },
            "props": {
              "label": {
                "style": {
                  "color": "#FFFFFF"
                },
                "text": "Toggle CAD Object Display"
              }
            },
            "type": "ia.input.toggle-switch"
          },
          {
            "meta": {
              "name": "vehicleStyle"
            },
            "position": {
              "height": 36,
              "width": 280,
              "x": 15,
              "y": 375
            },
            "propConfig": {
              "props.selected": {
                "binding": {
                  "config": {
                    "bidirectional": true,
                    "fallbackDelay": 2.5,
                    "mode": "indirect",
                    "references": {
                      "name": "{this.meta.name}",
                      "path": "{view.params.path}"
                    },
                    "tagPath": "{path}/_trackLayer/{name}"
                  },
                  "type": "tag"
                }
              }
            },
            "props": {
              "label": {
                "style": {
                  "color": "#FFFFFF"
                },
                "text": "Toggle Ride Vehicle Style"
              }
            },
            "type": "ia.input.toggle-switch"
          }
        ],
        "meta": {
          "name": "layerControl"
        },
        "position": {
          "height": 430,
          "width": 0,
          "x": 959,
          "y": 241
        },
        "props": {
          "style": {
            "classes": "themeStyles/backgroundDarkTheme themeStyles/boarderDarkTheme"
          }
        },
        "type": "ia.container.coord"
      }
    ],
    "meta": {
      "name": "root"
    },
    "position": {
      "x": 0,
      "y": 0
    },
    "props": {
      "aspectRatio": "1920:950"
    },
    "type": "ia.container.coord"
  }
}