{
  "custom": {},
  "params": {
    "drvNum": "axis1",
    "path": "[Park]epicUniverse/track902/rideVehicle2",
    "title": "value"
  },
  "propConfig": {
    "params.drvNum": {
      "paramDirection": "input",
      "persistent": true
    },
    "params.path": {
      "paramDirection": "input",
      "persistent": true
    },
    "params.title": {
      "paramDirection": "input",
      "persistent": true
    }
  },
  "props": {
    "defaultSize": {
      "height": 511,
      "width": 230
    }
  },
  "root": {
    "children": [
      {
        "meta": {
          "name": "lblAlarms"
        },
        "position": {
          "height": 29,
          "rotate": {
            "anchor": "50% 40%"
          },
          "width": 179,
          "x": 23,
          "y": 376
        },
        "props": {
          "style": {
            "classes": "label_underline puLightText"
          },
          "text": "Alarms"
        },
        "type": "ia.display.label"
      },
      {
        "meta": {
          "name": "lblOutputs"
        },
        "position": {
          "height": 29,
          "rotate": {
            "anchor": "50% 40%"
          },
          "width": 179,
          "x": 23,
          "y": 327
        },
        "props": {
          "style": {
            "classes": "label_underline puLightText"
          },
          "text": "Outputs"
        },
        "type": "ia.display.label"
      },
      {
        "meta": {
          "name": "lblDir"
        },
        "position": {
          "height": 20,
          "width": 100,
          "y": 228
        },
        "props": {
          "style": {
            "classes": "puLightText",
            "textAlign": "right"
          },
          "text": "Direction:"
        },
        "type": "ia.display.label"
      },
      {
        "meta": {
          "name": "lblCommands"
        },
        "position": {
          "height": 29,
          "rotate": {
            "anchor": "50% 40%"
          },
          "width": 179,
          "x": 23,
          "y": 198
        },
        "props": {
          "style": {
            "classes": "label_underline puLightText"
          },
          "text": "Commands"
        },
        "type": "ia.display.label"
      },
      {
        "meta": {
          "name": "lblInputs"
        },
        "position": {
          "height": 29,
          "width": 179,
          "x": 23,
          "y": 21
        },
        "props": {
          "style": {
            "classes": "label_underline puLightText"
          },
          "text": "Inputs"
        },
        "type": "ia.display.label"
      },
      {
        "meta": {
          "name": "lblCurrentVal_0"
        },
        "position": {
          "height": 20,
          "width": 70,
          "x": 105,
          "y": 120
        },
        "propConfig": {
          "props.text": {
            "binding": {
              "config": {
                "fallbackDelay": 2.5,
                "mode": "indirect",
                "references": {
                  "drvNum": "{view.params.drvNum}",
                  "path": "{view.params.path}"
                },
                "tagPath": "{path}/{drvNum}/In/actualPos"
              },
              "transforms": [
                {
                  "formatType": "numeric",
                  "formatValue": "#,##0.#",
                  "type": "format"
                }
              ],
              "type": "tag"
            }
          }
        },
        "props": {
          "style": {
            "classes": "puLightText",
            "textAlign": "left"
          }
        },
        "type": "ia.display.label"
      },
      {
        "meta": {
          "name": "lblHeader"
        },
        "position": {
          "height": 20,
          "width": 225
        },
        "propConfig": {
          "props.text": {
            "binding": {
              "config": {
                "path": "view.params.title"
              },
              "type": "property"
            }
          }
        },
        "props": {
          "style": {
            "classes": "frameHeader label_underline puLightText"
          }
        },
        "type": "ia.display.label"
      },
      {
        "meta": {
          "name": "lblCurrent_0"
        },
        "position": {
          "height": 20,
          "width": 100,
          "y": 120
        },
        "props": {
          "style": {
            "classes": "puLightText",
            "textAlign": "right"
          },
          "text": "Actual Pos:"
        },
        "type": "ia.display.label"
      },
      {
        "meta": {
          "name": "lblInVolts"
        },
        "position": {
          "height": 20,
          "width": 100,
          "y": 60
        },
        "props": {
          "style": {
            "classes": "puLightText",
            "textAlign": "right"
          },
          "text": "Input Volts:"
        },
        "type": "ia.display.label"
      },
      {
        "meta": {
          "name": "lblInVoltsVal"
        },
        "position": {
          "height": 20,
          "width": 70,
          "x": 105,
          "y": 60
        },
        "propConfig": {
          "props.text": {
            "binding": {
              "config": {
                "fallbackDelay": 2.5,
                "mode": "indirect",
                "references": {
                  "drvNum": "{view.params.drvNum}",
                  "path": "{view.params.path}"
                },
                "tagPath": "{path}/{drvNum}/In/inVolt"
              },
              "transforms": [
                {
                  "formatType": "numeric",
                  "formatValue": "#,##0.#",
                  "type": "format"
                }
              ],
              "type": "tag"
            }
          }
        },
        "props": {
          "style": {
            "classes": "puLightText"
          }
        },
        "type": "ia.display.label"
      },
      {
        "meta": {
          "name": "lblInVoltsEU"
        },
        "position": {
          "height": 20,
          "width": 50,
          "x": 175,
          "y": 60
        },
        "propConfig": {
          "props.text": {
            "binding": {
              "config": {
                "fallbackDelay": 2.5,
                "mode": "indirect",
                "references": {
                  "drvNum": "{view.params.drvNum}",
                  "path": "{view.params.path}"
                },
                "tagPath": "{path}/{drvNum}/In/inVolt.engUnit"
              },
              "type": "tag"
            }
          }
        },
        "props": {
          "style": {
            "classes": "puLightText"
          }
        },
        "type": "ia.display.label"
      },
      {
        "meta": {
          "name": "lblFreqEU"
        },
        "position": {
          "height": 20,
          "width": 50,
          "x": 175,
          "y": 80
        },
        "propConfig": {
          "props.text": {
            "binding": {
              "config": {
                "fallbackDelay": 2.5,
                "mode": "indirect",
                "references": {
                  "drvNum": "{view.params.drvNum}",
                  "path": "{view.params.path}"
                },
                "tagPath": "{path}/{drvNum}/In/freq.engUnit"
              },
              "type": "tag"
            }
          }
        },
        "props": {
          "style": {
            "classes": "puLightText",
            "textAlign": "left"
          }
        },
        "type": "ia.display.label"
      },
      {
        "meta": {
          "name": "lblFreqVal"
        },
        "position": {
          "height": 20,
          "width": 70,
          "x": 105,
          "y": 80
        },
        "propConfig": {
          "props.text": {
            "binding": {
              "config": {
                "fallbackDelay": 2.5,
                "mode": "indirect",
                "references": {
                  "drvNum": "{view.params.drvNum}",
                  "path": "{view.params.path}"
                },
                "tagPath": "{path}/{drvNum}/In/freq"
              },
              "transforms": [
                {
                  "formatType": "numeric",
                  "formatValue": "#,##0.#",
                  "type": "format"
                }
              ],
              "type": "tag"
            }
          }
        },
        "props": {
          "style": {
            "classes": "puLightText",
            "textAlign": "left"
          }
        },
        "type": "ia.display.label"
      },
      {
        "meta": {
          "name": "lblFreq"
        },
        "position": {
          "height": 20,
          "width": 100,
          "y": 80
        },
        "props": {
          "style": {
            "classes": "puLightText",
            "textAlign": "right"
          },
          "text": "Frequency:"
        },
        "type": "ia.display.label"
      },
      {
        "meta": {
          "name": "lblCurrentEU"
        },
        "position": {
          "height": 20,
          "width": 50,
          "x": 175,
          "y": 100
        },
        "propConfig": {
          "props.text": {
            "binding": {
              "config": {
                "fallbackDelay": 2.5,
                "mode": "indirect",
                "references": {
                  "drvNum": "{view.params.drvNum}",
                  "path": "{view.params.path}"
                },
                "tagPath": "{path}/{drvNum}/In/current.engUnit"
              },
              "type": "tag"
            }
          }
        },
        "props": {
          "style": {
            "classes": "puLightText",
            "textAlign": "left"
          }
        },
        "type": "ia.display.label"
      },
      {
        "meta": {
          "name": "lblCurrent"
        },
        "position": {
          "height": 20,
          "width": 100,
          "y": 100
        },
        "props": {
          "style": {
            "classes": "puLightText",
            "textAlign": "right"
          },
          "text": "Current:"
        },
        "type": "ia.display.label"
      },
      {
        "meta": {
          "name": "lblActVel"
        },
        "position": {
          "height": 20,
          "width": 100,
          "y": 140
        },
        "props": {
          "style": {
            "classes": "puLightText",
            "textAlign": "right"
          },
          "text": "Act Velociity:"
        },
        "type": "ia.display.label"
      },
      {
        "meta": {
          "name": "lblActVelVal"
        },
        "position": {
          "height": 20,
          "width": 70,
          "x": 105,
          "y": 140
        },
        "propConfig": {
          "props.text": {
            "binding": {
              "config": {
                "fallbackDelay": 2.5,
                "mode": "indirect",
                "references": {
                  "drvNum": "{view.params.drvNum}",
                  "path": "{view.params.path}"
                },
                "tagPath": "{path}/{drvNum}/In/actualVel"
              },
              "transforms": [
                {
                  "formatType": "numeric",
                  "formatValue": "#,##0.#",
                  "type": "format"
                }
              ],
              "type": "tag"
            }
          }
        },
        "props": {
          "style": {
            "classes": "puLightText",
            "textAlign": "left"
          }
        },
        "type": "ia.display.label"
      },
      {
        "meta": {
          "name": "lblCurrentVal"
        },
        "position": {
          "height": 20,
          "width": 70,
          "x": 105,
          "y": 100
        },
        "propConfig": {
          "props.text": {
            "binding": {
              "config": {
                "fallbackDelay": 2.5,
                "mode": "indirect",
                "references": {
                  "drvNum": "{view.params.drvNum}",
                  "path": "{view.params.path}"
                },
                "tagPath": "{path}/{drvNum}/In/current"
              },
              "transforms": [
                {
                  "formatType": "numeric",
                  "formatValue": "#,##0.#",
                  "type": "format"
                }
              ],
              "type": "tag"
            }
          }
        },
        "props": {
          "style": {
            "classes": "puLightText",
            "textAlign": "left"
          }
        },
        "type": "ia.display.label"
      },
      {
        "meta": {
          "name": "lblActVelEU"
        },
        "position": {
          "height": 20,
          "width": 50,
          "x": 175,
          "y": 140
        },
        "propConfig": {
          "props.text": {
            "binding": {
              "config": {
                "fallbackDelay": 2.5,
                "mode": "indirect",
                "references": {
                  "drvNum": "{view.params.drvNum}",
                  "path": "{view.params.path}"
                },
                "tagPath": "{path}/{drvNum}/In/actualVel.engUnit"
              },
              "type": "tag"
            }
          }
        },
        "props": {
          "style": {
            "classes": "puLightText"
          }
        },
        "type": "ia.display.label"
      },
      {
        "meta": {
          "name": "lblActAccelEU"
        },
        "position": {
          "height": 20,
          "width": 50,
          "x": 175,
          "y": 160
        },
        "propConfig": {
          "props.text": {
            "binding": {
              "config": {
                "fallbackDelay": 2.5,
                "mode": "indirect",
                "references": {
                  "drvNum": "{view.params.drvNum}",
                  "path": "{view.params.path}"
                },
                "tagPath": "{path}/{drvNum}/In/actualAccel.engUnit"
              },
              "type": "tag"
            }
          }
        },
        "props": {
          "style": {
            "classes": "puLightText"
          }
        },
        "type": "ia.display.label"
      },
      {
        "meta": {
          "name": "lblActAccelVal"
        },
        "position": {
          "height": 20,
          "width": 70,
          "x": 105,
          "y": 160
        },
        "propConfig": {
          "props.text": {
            "binding": {
              "config": {
                "fallbackDelay": 2.5,
                "mode": "indirect",
                "references": {
                  "drvNum": "{view.params.drvNum}",
                  "path": "{view.params.path}"
                },
                "tagPath": "{path}/{drvNum}/In/actualAccel"
              },
              "transforms": [
                {
                  "formatType": "numeric",
                  "formatValue": "#,##0.#",
                  "type": "format"
                }
              ],
              "type": "tag"
            }
          }
        },
        "props": {
          "style": {
            "classes": "puLightText",
            "textAlign": "left"
          }
        },
        "type": "ia.display.label"
      },
      {
        "meta": {
          "name": "lblActAccel"
        },
        "position": {
          "height": 20,
          "width": 100,
          "y": 160
        },
        "props": {
          "style": {
            "classes": "puLightText",
            "textAlign": "right"
          },
          "text": "Act Accel:"
        },
        "type": "ia.display.label"
      },
      {
        "meta": {
          "name": "lblState"
        },
        "position": {
          "height": 20,
          "width": 100,
          "y": 180
        },
        "props": {
          "style": {
            "classes": "puLightText",
            "textAlign": "right"
          },
          "text": "State:"
        },
        "type": "ia.display.label"
      },
      {
        "meta": {
          "name": "lblStateVal"
        },
        "position": {
          "height": 20,
          "width": 120,
          "x": 105,
          "y": 180
        },
        "propConfig": {
          "props.text": {
            "binding": {
              "config": {
                "fallbackDelay": 2.5,
                "mode": "indirect",
                "references": {
                  "drvNum": "{view.params.drvNum}",
                  "path": "{view.params.path}"
                },
                "tagPath": "{path}/{drvNum}/In/state"
              },
              "transforms": [
                {
                  "fallback": null,
                  "inputType": "scalar",
                  "mappings": [
                    {
                      "input": 0,
                      "output": "Disabled"
                    },
                    {
                      "input": 1,
                      "output": "Powered"
                    },
                    {
                      "input": 2,
                      "output": "Running"
                    },
                    {
                      "input": 3,
                      "output": "Safe Off Stop"
                    },
                    {
                      "input": 4,
                      "output": "Fault"
                    }
                  ],
                  "outputType": "scalar",
                  "type": "map"
                }
              ],
              "type": "tag"
            }
          }
        },
        "props": {
          "style": {
            "classes": "puLightText",
            "textAlign": "left"
          }
        },
        "type": "ia.display.label"
      },
      {
        "meta": {
          "name": "lblDirVal"
        },
        "position": {
          "height": 20,
          "width": 120,
          "x": 105,
          "y": 229
        },
        "propConfig": {
          "props.style.color": {
            "binding": {
              "config": {
                "path": "this.props.text"
              },
              "transforms": [
                {
                  "code": "\tif value \u003d\u003d \u0027No Dir Cmd\u0027 or value \u003d\u003d \u0027ERROR\u0027:\n\t\tretVal \u003d \u0027#FF0000\u0027\n\telse:\n\t\tretVal \u003d \u0027#FFFFFF\u0027\n\t\n\treturn retVal",
                  "type": "script"
                }
              ],
              "type": "property"
            }
          },
          "props.text": {
            "binding": {
              "config": {
                "path": "view.params.path"
              },
              "transforms": [
                {
                  "code": "\tretVal \u003d \u0027\u0027\n\tpath \u003d value\n\tdrvNum \u003d self.view.params.drvNum\n\tfwdPath \u003d path + \u0027/\u0027 + drvNum + \u0027/Cmd/dirFwd\u0027\n\trevPath \u003d path + \u0027/\u0027 + drvNum + \u0027/Cmd/dirRev\u0027\n\tdirPaths \u003d [fwdPath, revPath]\n\tdirTags \u003d system.tag.readBlocking(dirPaths)\n\tcmdFwd \u003d dirTags[0].value\n\tcmdRev \u003d dirTags[1].value\n\t\n\tif cmdFwd \u003d\u003d False and cmdRev \u003d\u003d False:\n\t\tretVal \u003d \u0027No Dir Cmd\u0027\n\telif cmdFwd \u003d\u003d True and cmdRev \u003d\u003d False:\n\t\tretVal \u003d \u0027Forward\u0027\n\telif cmdFwd \u003d\u003d False and cmdRev \u003d\u003d True:\n\t\tretVal \u003d \u0027Reverse\u0027\n\telse:\n\t\tretVal \u003d \u0027ERROR\u0027\n\t\n\treturn retVal",
                  "type": "script"
                }
              ],
              "type": "property"
            }
          }
        },
        "props": {
          "style": {
            "classes": "puLightText"
          }
        },
        "type": "ia.display.label"
      },
      {
        "meta": {
          "name": "lblCmdSpdEU"
        },
        "position": {
          "height": 20,
          "width": 50,
          "x": 175,
          "y": 308
        },
        "propConfig": {
          "props.text": {
            "binding": {
              "config": {
                "fallbackDelay": 2.5,
                "mode": "indirect",
                "references": {
                  "drvNum": "{view.params.drvNum}",
                  "path": "{view.params.path}"
                },
                "tagPath": "{path}/{drvNum}/Cmd/speed.engUnit"
              },
              "type": "tag"
            }
          }
        },
        "props": {
          "style": {
            "classes": "puLightText"
          }
        },
        "type": "ia.display.label"
      },
      {
        "meta": {
          "name": "lblCmdSpdVal"
        },
        "position": {
          "height": 20,
          "width": 70,
          "x": 105,
          "y": 308
        },
        "propConfig": {
          "props.text": {
            "binding": {
              "config": {
                "fallbackDelay": 2.5,
                "mode": "indirect",
                "references": {
                  "drvNum": "{view.params.drvNum}",
                  "path": "{view.params.path}"
                },
                "tagPath": "{path}/{drvNum}/Cmd/speed"
              },
              "transforms": [
                {
                  "formatType": "numeric",
                  "formatValue": "#,##0.#",
                  "type": "format"
                }
              ],
              "type": "tag"
            }
          }
        },
        "props": {
          "style": {
            "classes": "puLightText",
            "textAlign": "left"
          }
        },
        "type": "ia.display.label"
      },
      {
        "meta": {
          "name": "statRnAtCmdSpd"
        },
        "position": {
          "height": 20,
          "width": 20,
          "x": 130,
          "y": 288
        },
        "propConfig": {
          "props.style.backgroundColor": {
            "binding": {
              "config": {
                "fallbackDelay": 2.5,
                "mode": "indirect",
                "references": {
                  "drvNum": "{view.params.drvNum}",
                  "path": "{view.params.path}"
                },
                "tagPath": "{path}/{drvNum}/Cmd/runAtSpd"
              },
              "transforms": [
                {
                  "expression": "if({value} \u003d True, \u0027#00D900\u0027, \u0027#D5D5D5\u0027)",
                  "type": "expression"
                }
              ],
              "type": "tag"
            }
          }
        },
        "props": {
          "style": {
            "borderBottomLeftRadius": 50,
            "borderBottomRightRadius": 50,
            "borderStyle": "solid",
            "borderTopLeftRadius": 50,
            "borderTopRightRadius": 50,
            "borderWidth": 2,
            "textAlign": "center"
          }
        },
        "type": "ia.display.label"
      },
      {
        "meta": {
          "name": "statRnAtJSpd"
        },
        "position": {
          "height": 20,
          "width": 20,
          "x": 130,
          "y": 268
        },
        "propConfig": {
          "props.style.backgroundColor": {
            "binding": {
              "config": {
                "fallbackDelay": 2.5,
                "mode": "indirect",
                "references": {
                  "drvNum": "{view.params.drvNum}",
                  "path": "{view.params.path}"
                },
                "tagPath": "{path}/{drvNum}/Cmd/runAtJogSpd"
              },
              "transforms": [
                {
                  "expression": "if({value} \u003d True, \u0027#00D900\u0027, \u0027#D5D5D5\u0027)",
                  "type": "expression"
                }
              ],
              "type": "tag"
            }
          }
        },
        "props": {
          "style": {
            "borderBottomLeftRadius": 50,
            "borderBottomRightRadius": 50,
            "borderStyle": "solid",
            "borderTopLeftRadius": 50,
            "borderTopRightRadius": 50,
            "borderWidth": 2,
            "textAlign": "center"
          }
        },
        "type": "ia.display.label"
      },
      {
        "meta": {
          "name": "lblCmdSpd"
        },
        "position": {
          "height": 20,
          "width": 100,
          "y": 308
        },
        "props": {
          "style": {
            "classes": "puLightText",
            "textAlign": "right"
          },
          "text": "Cmd  Speed:"
        },
        "type": "ia.display.label"
      },
      {
        "meta": {
          "name": "lblRnAtJSpd"
        },
        "position": {
          "height": 20,
          "width": 100,
          "y": 268
        },
        "props": {
          "style": {
            "classes": "puLightText",
            "textAlign": "right"
          },
          "text": "Run Jog Spd:"
        },
        "type": "ia.display.label"
      },
      {
        "meta": {
          "name": "lblRnAtCmdSpd"
        },
        "position": {
          "height": 20,
          "width": 100,
          "y": 288
        },
        "props": {
          "style": {
            "classes": "puLightText",
            "textAlign": "right"
          },
          "text": "Run At Spd:"
        },
        "type": "ia.display.label"
      },
      {
        "meta": {
          "name": "lblJogSpdEU"
        },
        "position": {
          "height": 20,
          "width": 50,
          "x": 175,
          "y": 248
        },
        "propConfig": {
          "props.text": {
            "binding": {
              "config": {
                "fallbackDelay": 2.5,
                "mode": "indirect",
                "references": {
                  "drvNum": "{view.params.drvNum}",
                  "path": "{view.params.path}"
                },
                "tagPath": "{path}/{drvNum}/Cmd/jogSpeed.engUnit"
              },
              "type": "tag"
            }
          }
        },
        "props": {
          "style": {
            "classes": "puLightText"
          }
        },
        "type": "ia.display.label"
      },
      {
        "meta": {
          "name": "lblJogSpdVal"
        },
        "position": {
          "height": 20,
          "width": 70,
          "x": 105,
          "y": 248
        },
        "propConfig": {
          "props.text": {
            "binding": {
              "config": {
                "fallbackDelay": 2.5,
                "mode": "indirect",
                "references": {
                  "drvNum": "{view.params.drvNum}",
                  "path": "{view.params.path}"
                },
                "tagPath": "{path}/{drvNum}/Cmd/jogSpeed"
              },
              "type": "tag"
            }
          }
        },
        "props": {
          "style": {
            "classes": "puLightText",
            "textAlign": "center"
          }
        },
        "type": "ia.display.label"
      },
      {
        "meta": {
          "name": "lblJogSpd"
        },
        "position": {
          "height": 20,
          "width": 100,
          "y": 248
        },
        "props": {
          "style": {
            "classes": "puLightText",
            "textAlign": "right"
          },
          "text": "Jog Speed:"
        },
        "type": "ia.display.label"
      },
      {
        "meta": {
          "name": "lblOutSpd"
        },
        "position": {
          "height": 20,
          "width": 100,
          "y": 357
        },
        "props": {
          "style": {
            "classes": "puLightText",
            "textAlign": "right"
          },
          "text": "Out Speed:"
        },
        "type": "ia.display.label"
      },
      {
        "meta": {
          "name": "lblOutSpdVal"
        },
        "position": {
          "height": 20,
          "width": 70,
          "x": 105,
          "y": 357
        },
        "propConfig": {
          "props.text": {
            "binding": {
              "config": {
                "fallbackDelay": 2.5,
                "mode": "indirect",
                "references": {
                  "drvNum": "{view.params.drvNum}",
                  "path": "{view.params.path}"
                },
                "tagPath": "{path}/{drvNum}/Out/speed"
              },
              "transforms": [
                {
                  "formatType": "numeric",
                  "formatValue": "#,##0.#",
                  "type": "format"
                }
              ],
              "type": "tag"
            }
          }
        },
        "props": {
          "style": {
            "classes": "puLightText",
            "textAlign": "left"
          }
        },
        "type": "ia.display.label"
      },
      {
        "meta": {
          "name": "lblOutSpdEU"
        },
        "position": {
          "height": 20,
          "width": 50,
          "x": 175,
          "y": 357
        },
        "propConfig": {
          "props.text": {
            "binding": {
              "config": {
                "fallbackDelay": 2.5,
                "mode": "indirect",
                "references": {
                  "drvNum": "{view.params.drvNum}",
                  "path": "{view.params.path}"
                },
                "tagPath": "{path}/{drvNum}/Out/speed.engUnit"
              },
              "type": "tag"
            }
          }
        },
        "props": {
          "style": {
            "classes": "puLightText"
          }
        },
        "type": "ia.display.label"
      },
      {
        "meta": {
          "name": "lblFltCodeVal"
        },
        "position": {
          "height": 20,
          "width": 120,
          "x": 105,
          "y": 485
        },
        "propConfig": {
          "props.text": {
            "binding": {
              "config": {
                "fallbackDelay": 2.5,
                "mode": "indirect",
                "references": {
                  "drvNum": "{view.params.drvNum}",
                  "path": "{view.params.path}"
                },
                "tagPath": "{path}/{drvNum}/Alarm/fltCode/Val_FltCodeTxt_Var"
              },
              "type": "tag"
            }
          }
        },
        "props": {
          "style": {
            "classes": "puLightText",
            "textAlign": "left"
          }
        },
        "type": "ia.display.label"
      },
      {
        "meta": {
          "name": "lblFltCode"
        },
        "position": {
          "height": 20,
          "width": 100,
          "y": 485
        },
        "props": {
          "style": {
            "classes": "puLightText",
            "textAlign": "right"
          },
          "text": "Fault Code:"
        },
        "type": "ia.display.label"
      },
      {
        "meta": {
          "name": "stModProx8"
        },
        "position": {
          "height": 20,
          "width": 20,
          "x": 175,
          "y": 465
        },
        "propConfig": {
          "props.style.backgroundColor": {
            "binding": {
              "config": {
                "fallbackDelay": 2.5,
                "mode": "indirect",
                "references": {
                  "drvNum": "{view.params.drvNum}",
                  "path": "{view.params.path}"
                },
                "tagPath": "{path}/{drvNum}/Alarm/loVolt"
              },
              "transforms": [
                {
                  "expression": "if({value} \u003d True, \u0027#FF0000\u0027, \u0027#D5D5D5\u0027)",
                  "type": "expression"
                }
              ],
              "type": "tag"
            }
          }
        },
        "props": {
          "style": {
            "borderBottomLeftRadius": 50,
            "borderBottomRightRadius": 50,
            "borderStyle": "solid",
            "borderTopLeftRadius": 50,
            "borderTopRightRadius": 50,
            "borderWidth": 2,
            "textAlign": "center"
          }
        },
        "type": "ia.display.label"
      },
      {
        "meta": {
          "name": "stModProx9"
        },
        "position": {
          "height": 20,
          "width": 20,
          "x": 175,
          "y": 445
        },
        "propConfig": {
          "props.style.backgroundColor": {
            "binding": {
              "config": {
                "fallbackDelay": 2.5,
                "mode": "indirect",
                "references": {
                  "drvNum": "{view.params.drvNum}",
                  "path": "{view.params.path}"
                },
                "tagPath": "{path}/{drvNum}/Alarm/loCurrent"
              },
              "transforms": [
                {
                  "expression": "if({value} \u003d True, \u0027#FF0000\u0027, \u0027#D5D5D5\u0027)",
                  "type": "expression"
                }
              ],
              "type": "tag"
            }
          }
        },
        "props": {
          "style": {
            "borderBottomLeftRadius": 50,
            "borderBottomRightRadius": 50,
            "borderStyle": "solid",
            "borderTopLeftRadius": 50,
            "borderTopRightRadius": 50,
            "borderWidth": 2,
            "textAlign": "center"
          }
        },
        "type": "ia.display.label"
      },
      {
        "meta": {
          "name": "stModProx6"
        },
        "position": {
          "height": 20,
          "width": 20,
          "x": 130,
          "y": 445
        },
        "propConfig": {
          "props.style.backgroundColor": {
            "binding": {
              "config": {
                "fallbackDelay": 2.5,
                "mode": "indirect",
                "references": {
                  "drvNum": "{view.params.drvNum}",
                  "path": "{view.params.path}"
                },
                "tagPath": "{path}/{drvNum}/Alarm/hiCurrent"
              },
              "transforms": [
                {
                  "expression": "if({value} \u003d True, \u0027#FF0000\u0027, \u0027#D5D5D5\u0027)",
                  "type": "expression"
                }
              ],
              "type": "tag"
            }
          }
        },
        "props": {
          "style": {
            "borderBottomLeftRadius": 50,
            "borderBottomRightRadius": 50,
            "borderStyle": "solid",
            "borderTopLeftRadius": 50,
            "borderTopRightRadius": 50,
            "borderWidth": 2,
            "textAlign": "center"
          }
        },
        "type": "ia.display.label"
      },
      {
        "meta": {
          "name": "stModProx7"
        },
        "position": {
          "height": 20,
          "width": 20,
          "x": 130,
          "y": 465
        },
        "propConfig": {
          "props.style.backgroundColor": {
            "binding": {
              "config": {
                "fallbackDelay": 2.5,
                "mode": "indirect",
                "references": {
                  "drvNum": "{view.params.drvNum}",
                  "path": "{view.params.path}"
                },
                "tagPath": "{path}/{drvNum}/Alarm/hiVolt"
              },
              "transforms": [
                {
                  "expression": "if({value} \u003d True, \u0027#FF0000\u0027, \u0027#D5D5D5\u0027)",
                  "type": "expression"
                }
              ],
              "type": "tag"
            }
          }
        },
        "props": {
          "style": {
            "borderBottomLeftRadius": 50,
            "borderBottomRightRadius": 50,
            "borderStyle": "solid",
            "borderTopLeftRadius": 50,
            "borderTopRightRadius": 50,
            "borderWidth": 2,
            "textAlign": "center"
          }
        },
        "type": "ia.display.label"
      },
      {
        "meta": {
          "name": "lblLow"
        },
        "position": {
          "height": 20,
          "width": 48,
          "x": 161,
          "y": 426
        },
        "props": {
          "style": {
            "classes": "puLightText",
            "textAlign": "center"
          },
          "text": "Low"
        },
        "type": "ia.display.label"
      },
      {
        "meta": {
          "name": "lblHigh"
        },
        "position": {
          "height": 20,
          "width": 48,
          "x": 116,
          "y": 425
        },
        "props": {
          "style": {
            "classes": "puLightText",
            "textAlign": "center"
          },
          "text": "High"
        },
        "type": "ia.display.label"
      },
      {
        "meta": {
          "name": "lblCurr"
        },
        "position": {
          "height": 20,
          "width": 100,
          "y": 445
        },
        "props": {
          "style": {
            "classes": "puLightText",
            "textAlign": "right"
          },
          "text": "Current:"
        },
        "type": "ia.display.label"
      },
      {
        "meta": {
          "name": "lblVolts"
        },
        "position": {
          "height": 20,
          "width": 100,
          "y": 465
        },
        "props": {
          "style": {
            "classes": "puLightText",
            "textAlign": "right"
          },
          "text": "Volts:"
        },
        "type": "ia.display.label"
      },
      {
        "meta": {
          "name": "lblDrvFlt"
        },
        "position": {
          "height": 20,
          "width": 100,
          "y": 405
        },
        "props": {
          "style": {
            "classes": "puLightText",
            "textAlign": "right"
          },
          "text": "Drive Fault:"
        },
        "type": "ia.display.label"
      },
      {
        "meta": {
          "name": "stModProx5"
        },
        "position": {
          "height": 20,
          "width": 20,
          "x": 130,
          "y": 405
        },
        "propConfig": {
          "props.style.backgroundColor": {
            "binding": {
              "config": {
                "fallbackDelay": 2.5,
                "mode": "indirect",
                "references": {
                  "drvNum": "{view.params.drvNum}",
                  "path": "{view.params.path}"
                },
                "tagPath": "{path}/{drvNum}/Alarm/drvFalut"
              },
              "transforms": [
                {
                  "expression": "if({value} \u003d True, \u0027#FF0000\u0027, \u0027#D5D5D5\u0027)",
                  "type": "expression"
                }
              ],
              "type": "tag"
            }
          }
        },
        "props": {
          "style": {
            "borderBottomLeftRadius": 50,
            "borderBottomRightRadius": 50,
            "borderStyle": "solid",
            "borderTopLeftRadius": 50,
            "borderTopRightRadius": 50,
            "borderWidth": 2,
            "textAlign": "center"
          }
        },
        "type": "ia.display.label"
      }
    ],
    "meta": {
      "name": "root"
    },
    "position": {
      "x": -141,
      "y": -141
    },
    "props": {
      "style": {
        "classes": "puSectionLight"
      }
    },
    "type": "ia.container.coord"
  }
}