{
  "custom": {
    "key": null
  },
  "params": {
    "name": "BYPV142",
    "path": "[Park]OtherEquipDemo/Turntable1",
    "typeId": "MCU_BYPV"
  },
  "propConfig": {
    "custom.key": {
      "binding": {
        "config": {
          "fallbackDelay": 2.5,
          "mode": "indirect",
          "references": {
            "1": "{view.params.path}"
          },
          "tagPath": "{1}/Description"
        },
        "type": "tag"
      },
      "persistent": true
    },
    "params.name": {
      "paramDirection": "input",
      "persistent": true
    },
    "params.path": {
      "paramDirection": "input",
      "persistent": true
    },
    "params.typeId": {
      "paramDirection": "input",
      "persistent": true
    }
  },
  "props": {
    "defaultSize": {
      "height": 78,
      "width": 550
    }
  },
  "root": {
    "children": [
      {
        "meta": {
          "name": "Label"
        },
        "position": {
          "height": 1,
          "width": 0.8182,
          "x": 0.1818
        },
        "propConfig": {
          "meta.visible": {
            "binding": {
              "config": {
                "fallbackDelay": 2.5,
                "mode": "indirect",
                "references": {
                  "1": "{view.params.path}"
                },
                "tagPath": "{1}/mode"
              },
              "transforms": [
                {
                  "expression": "if({value} \u003d 0, false, true)",
                  "type": "expression"
                }
              ],
              "type": "tag"
            }
          },
          "props.text": {
            "binding": {
              "config": {
                "fallbackDelay": 2.5,
                "mode": "indirect",
                "references": {
                  "path": "{view.params.path}"
                },
                "tagPath": "{path}/actualPos"
              },
              "transforms": [
                {
                  "fallback": "Hidden",
                  "inputType": "range",
                  "mappings": [
                    {
                      "input": {
                        "max": -81,
                        "min": -90
                      },
                      "output": "RV Exit"
                    },
                    {
                      "input": {
                        "max": -11,
                        "min": -80
                      },
                      "output": "Rotating"
                    },
                    {
                      "input": {
                        "max": 0,
                        "min": -10
                      },
                      "output": "RV Entry"
                    }
                  ],
                  "outputType": "scalar",
                  "type": "map"
                }
              ],
              "type": "tag"
            }
          }
        },
        "props": {
          "alignVertical": "center",
          "style": {
            "classes": "label",
            "cursor": "pointer"
          }
        },
        "type": "ia.display.label"
      },
      {
        "meta": {
          "name": "EmbeddedView"
        },
        "position": {
          "height": 1,
          "width": 0.1091,
          "x": 0.0455
        },
        "propConfig": {
          "props.params.path": {
            "binding": {
              "config": {
                "path": "view.params.path"
              },
              "type": "property"
            }
          }
        },
        "props": {
          "path": "Templates/Devices/Instances/turntableMap"
        },
        "type": "ia.display.view"
      }
    ],
    "meta": {
      "name": "root"
    },
    "props": {
      "mode": "percent"
    },
    "type": "ia.container.coord"
  }
}