{
  "custom": {},
  "params": {
    "path": "[Park]area905/Sample Track"
  },
  "propConfig": {
    "params.path": {
      "paramDirection": "input",
      "persistent": true
    }
  },
  "props": {
    "defaultSize": {
      "width": 1920
    }
  },
  "root": {
    "children": [
      {
        "children": [
          {
            "meta": {
              "name": "trackSVGO",
              "visible": false
            },
            "position": {
              "height": 324,
              "width": 334,
              "x": 11.52
            },
            "props": {
              "elements": [
                {
                  "elements": [
                    {
                      "d": "M 39.309524,114.81548 30.238094,52.071428 78.619047,16.541666 151.19047,11.25 188.23214,52.071428 169.33333,126.91071 105.83333,185.875 58.964284,179.82738 18.142857,124.64285 16.630952,68.70238 27.214285,16.541666 120.19643,37.708334 161.01786,82.309522 98.273808,155.6369 47.624999,138.25 Z",
                      "fill": {
                        "paint": "none"
                      },
                      "name": "path3717",
                      "stroke": {
                        "linecap": "butt",
                        "opacity": "1",
                        "paint": "#000000",
                        "width": "0.26458332px"
                      },
                      "style": {},
                      "type": "path"
                    }
                  ],
                  "name": "layer1",
                  "type": "group"
                }
              ],
              "viewBox": "0 0 210 297"
            },
            "type": "ia.shapes.svg"
          },
          {
            "meta": {
              "name": "ViewCanvas"
            },
            "position": {
              "height": 750,
              "width": 800
            },
            "propConfig": {
              "props.instances": {
                "binding": {
                  "config": {
                    "expression": "now(500)"
                  },
                  "transforms": [
                    {
                      "code": "\tpath \u003d self.view.params.path + \u0027/_tagList/paths\u0027\n\ttagList \u003d system.tag.readBlocking([path])\n\tcount \u003d float(self.parent.custom.count)\n#\ttagPoints \u003d system.tag.readBlocking(tagList)\n\t\n\tinstances \u003d []\n\tfor ea in tagList:\n\t\tfor tag in ea.value:\n\t\t\tactPos \u003d system.tag.readBlocking([str(tag) + \u0027/actualPos\u0027, str(tag) + \u0027/posMax\u0027])\n\t\t\tmax \u003d float(actPos[1].value)\n\t\t\tactPos \u003d float(actPos[0].value)#*(count/max)\n\t\t\tindex \u003d int((count/max)*actPos)-1\n\t\t\tx \u003d self.parent.custom.points[index][0] * (float(self.parent.position.width) / self.parent.custom.xAmplitude) - (30.0 / 2.0) + self.parent.custom.xOffset\n\t\t\ty \u003d self.parent.custom.points[index][1] * (float(self.parent.position.height) / self.parent.custom.yAmplitude) - (30.0 / 2.0) + self.parent.custom.yOffset\n\t\t\tviewPath \u003d \u0027Templates/Devices/Instances/carMap\u0027\n\t\t\tdict \u003d {\u0027position\u0027:\u0027absolute\u0027, \u0027top\u0027:y, \u0027left\u0027:x, \u0027bottom\u0027:\u0027auto\u0027, \u0027right\u0027:\u0027auto\u0027, \u0027zIndex\u0027:\u0027auto\u0027, \u0027width\u0027:\u002730px\u0027, \u0027height\u0027:\u002730px\u0027, \u0027viewPath\u0027:viewPath, \u0027viewParams\u0027:{}, \u0027style\u0027:{}}\n\t\t\tinstances.append(dict)\t\t\t\t\t\n\treturn instances",
                      "type": "script"
                    }
                  ],
                  "type": "expr"
                },
                "persistent": true
              }
            },
            "props": {
              "instances": [
                {
                  "bottom": "auto",
                  "height": "30px",
                  "left": 417.33444197156547,
                  "position": "absolute",
                  "right": "auto",
                  "style": {},
                  "top": 107.62857750320836,
                  "viewParams": {},
                  "viewPath": "Templates/Devices/Instances/carMap",
                  "width": "30px",
                  "zIndex": "auto"
                },
                {
                  "bottom": "auto",
                  "height": "30px",
                  "left": 572.0449520777854,
                  "position": "absolute",
                  "right": "auto",
                  "style": {},
                  "top": 475.8881908417643,
                  "viewParams": {},
                  "viewPath": "Templates/Devices/Instances/carMap",
                  "width": "30px",
                  "zIndex": "auto"
                },
                {
                  "bottom": "auto",
                  "height": "30px",
                  "left": 189.58637857203223,
                  "position": "absolute",
                  "right": "auto",
                  "style": {},
                  "top": 456.90557079644896,
                  "viewParams": {},
                  "viewPath": "Templates/Devices/Instances/carMap",
                  "width": "30px",
                  "zIndex": "auto"
                },
                {
                  "bottom": "auto",
                  "height": "30px",
                  "left": 337.1754485010564,
                  "position": "absolute",
                  "right": "auto",
                  "style": {},
                  "top": 391.0698738937863,
                  "viewParams": {},
                  "viewPath": "Templates/Devices/Instances/carMap",
                  "width": "30px",
                  "zIndex": "auto"
                },
                {
                  "bottom": "auto",
                  "height": "30px",
                  "left": 490.5927036587856,
                  "position": "absolute",
                  "right": "auto",
                  "style": {},
                  "top": 113.37016080773219,
                  "viewParams": {},
                  "viewPath": "Templates/Devices/Instances/carMap",
                  "width": "30px",
                  "zIndex": "auto"
                },
                {
                  "bottom": "auto",
                  "height": "30px",
                  "left": 539.4131158881155,
                  "position": "absolute",
                  "right": "auto",
                  "style": {},
                  "top": 386.550426772591,
                  "viewParams": {},
                  "viewPath": "Templates/Devices/Instances/carMap",
                  "width": "30px",
                  "zIndex": "auto"
                }
              ],
              "transitionSettings": {
                "duration": "0.5s",
                "timingFunction": "linear"
              },
              "useDefaultViewHeight": false,
              "useDefaultViewWidth": false
            },
            "type": "ia.display.viewcanvas"
          },
          {
            "meta": {
              "name": "trackSVGO2",
              "visible": false
            },
            "position": {
              "height": 200,
              "width": 200,
              "x": 243,
              "y": 263
            },
            "props": {
              "elements": [
                {
                  "elements": [
                    {
                      "d": "m 8.953529,268.53578 15.635267,-16.30344 19.109771,13.36348 -11.091685,17.90706 -8.151721,-15.63527 z",
                      "fill": {
                        "paint": "none"
                      },
                      "name": "path16",
                      "stroke": {
                        "linecap": "butt",
                        "opacity": "1",
                        "paint": "#000000",
                        "width": "0.26458332px"
                      },
                      "style": {},
                      "type": "path"
                    }
                  ],
                  "name": "layer1",
                  "transform": "translate(0,-244.08332)",
                  "type": "group"
                }
              ],
              "viewBox": "0 0 52.916665 52.916668"
            },
            "type": "ia.shapes.svg"
          },
          {
            "meta": {
              "name": "trackSVG",
              "visible": false
            },
            "position": {
              "height": 751,
              "width": 801,
              "x": 1.013,
              "y": 0.013
            },
            "props": {
              "elements": [
                {
                  "elements": [
                    {
                      "d": "m 4.4412201,264.68302 8.4099699,-11.43378 25.040924,1.13393 9.732885,7.18155 -4.91369,21.63913 -17.575893,6.23661 -17.103422,-5.57515 6.898065,-8.22098 c 0,0 10.299851,0.85045 10.772322,1.51191 0.47247,0.66145 10.961309,10.77232 10.961309,10.77232 h 13.985119 l -0.377976,-16.15848 c 0,0 3.496281,-7.27605 -11.150299,-7.46503 -14.646576,-0.18899 -36.6636888,9.4494 -36.6636888,9.4494 z",
                      "fill": {
                        "paint": "none"
                      },
                      "name": "path10",
                      "stroke": {
                        "linecap": "butt",
                        "opacity": "1",
                        "paint": "#000000",
                        "width": "0.26458332px"
                      },
                      "style": {},
                      "type": "path"
                    }
                  ],
                  "name": "layer1",
                  "transform": "translate(0,-244.08332)",
                  "type": "group"
                }
              ],
              "viewBox": "0 0 52.916665 52.916668"
            },
            "type": "ia.shapes.svg"
          },
          {
            "meta": {
              "name": "XYChart"
            },
            "position": {
              "height": 668.92,
              "width": 708.87,
              "x": 25.0128,
              "y": 28.501872528076177
            },
            "propConfig": {
              "props.dataSources.example": {
                "binding": {
                  "config": {
                    "path": "parent.custom.points"
                  },
                  "type": "property"
                }
              }
            },
            "props": {
              "dataSources": {},
              "legend": {
                "enabled": false
              },
              "series": [
                {
                  "candlestick": {
                    "appearance": {
                      "deriveFieldsFromData": {
                        "fill": {
                          "color": "",
                          "opacity": ""
                        },
                        "stroke": {
                          "color": "",
                          "opacity": "",
                          "width": ""
                        }
                      },
                      "fill": {
                        "color": "",
                        "opacity": 1
                      },
                      "heatRules": {
                        "dataField": "",
                        "enabled": false,
                        "max": "",
                        "min": ""
                      },
                      "stacked": false,
                      "stroke": {
                        "color": "",
                        "opacity": 1,
                        "width": 1
                      }
                    },
                    "high": {
                      "x": "",
                      "y": ""
                    },
                    "low": {
                      "x": "",
                      "y": ""
                    },
                    "open": {
                      "x": "",
                      "y": ""
                    }
                  },
                  "column": {
                    "appearance": {
                      "deriveFieldsFromData": {
                        "fill": {
                          "color": "",
                          "opacity": ""
                        },
                        "stroke": {
                          "color": "",
                          "opacity": "",
                          "width": ""
                        }
                      },
                      "fill": {
                        "color": "",
                        "opacity": 1
                      },
                      "heatRules": {
                        "dataField": "",
                        "enabled": false,
                        "max": "",
                        "min": ""
                      },
                      "height": null,
                      "stacked": false,
                      "stroke": {
                        "color": "",
                        "opacity": 1,
                        "width": 1
                      },
                      "width": null
                    },
                    "open": {
                      "x": "",
                      "y": ""
                    }
                  },
                  "data": {
                    "source": "example",
                    "x": 0,
                    "y": 1
                  },
                  "defaultState": {
                    "visible": true
                  },
                  "hiddenInLegend": false,
                  "label": {
                    "text": "interpolated path"
                  },
                  "line": {
                    "appearance": {
                      "bullets": [
                        {
                          "deriveFieldsFromData": {
                            "fill": {
                              "color": "",
                              "opacity": ""
                            },
                            "rotation": "",
                            "stroke": {
                              "color": "",
                              "opacity": "",
                              "width": ""
                            }
                          },
                          "enabled": true,
                          "fill": {
                            "color": "",
                            "opacity": 0.8
                          },
                          "heatRules": {
                            "dataField": "",
                            "enabled": false,
                            "max": 100,
                            "min": 2
                          },
                          "height": "",
                          "label": {
                            "position": {
                              "dx": 0,
                              "dy": 0
                            },
                            "text": "{value}"
                          },
                          "render": "circle",
                          "rotation": 0,
                          "stroke": {
                            "color": "",
                            "opacity": 0,
                            "width": 0
                          },
                          "tooltip": {
                            "background": {
                              "color": "",
                              "opacity": 1
                            },
                            "cornerRadius": 3,
                            "enabled": true,
                            "pointerLength": 4,
                            "text": "{name}: [bold]{valueY}[/]"
                          },
                          "width": ""
                        }
                      ],
                      "connect": false,
                      "fill": {
                        "color": "",
                        "opacity": 0
                      },
                      "minDistance": 0.5,
                      "stroke": {
                        "color": "",
                        "dashArray": "",
                        "opacity": 0,
                        "width": 0
                      },
                      "tensionX": 1,
                      "tensionY": 1
                    },
                    "open": {
                      "x": "",
                      "y": ""
                    }
                  },
                  "name": "path",
                  "render": "line",
                  "stepLine": {
                    "appearance": {
                      "bullets": [
                        {
                          "deriveFieldsFromData": {
                            "fill": {
                              "color": "",
                              "opacity": ""
                            },
                            "rotation": "",
                            "stroke": {
                              "color": "",
                              "opacity": "",
                              "width": ""
                            }
                          },
                          "enabled": true,
                          "fill": {
                            "color": "",
                            "opacity": 1
                          },
                          "heatRules": {
                            "dataField": "",
                            "enabled": false,
                            "max": 100,
                            "min": 2
                          },
                          "height": 10,
                          "label": {
                            "position": {
                              "dx": 0,
                              "dy": 0
                            },
                            "text": "{value}"
                          },
                          "render": "circle",
                          "rotation": 0,
                          "stroke": {
                            "color": "",
                            "opacity": 1,
                            "width": 1
                          },
                          "tooltip": {
                            "background": {
                              "color": "",
                              "opacity": 1
                            },
                            "cornerRadius": 3,
                            "enabled": true,
                            "pointerLength": 4,
                            "text": "{name}: [bold]{valueY}[/]"
                          },
                          "width": 10
                        }
                      ],
                      "connect": false,
                      "fill": {
                        "color": "",
                        "opacity": 0
                      },
                      "minDistance": 0.5,
                      "stroke": {
                        "color": "",
                        "dashArray": "",
                        "opacity": 1,
                        "width": 3
                      },
                      "tensionX": 1,
                      "tensionY": 1
                    },
                    "open": {
                      "x": "",
                      "y": ""
                    }
                  },
                  "tooltip": {
                    "background": {
                      "color": "",
                      "opacity": 1
                    },
                    "cornerRadius": 3,
                    "enabled": true,
                    "pointerLength": 4,
                    "text": "{name}: [bold]{valueY}[/]"
                  },
                  "visible": true,
                  "xAxis": "x",
                  "yAxis": "y",
                  "zIndex": 0
                }
              ],
              "xAxes": [
                {
                  "appearance": {
                    "font": {
                      "size": "",
                      "weight": 500
                    },
                    "grid": {
                      "color": "#DADADA",
                      "dashArray": "",
                      "minDistance": 60,
                      "opacity": 0,
                      "position": 0.5
                    },
                    "inside": false,
                    "labels": {
                      "color": "",
                      "opacity": 1,
                      "rotation": 0,
                      "wrap": true
                    },
                    "opposite": false
                  },
                  "category": {
                    "break": {
                      "enabled": false,
                      "endCategory": "",
                      "size": 0.05,
                      "startCategory": ""
                    }
                  },
                  "date": {
                    "baseInterval": {
                      "count": 1,
                      "enabled": false,
                      "skipEmptyPeriods": false,
                      "timeUnit": "hour"
                    },
                    "break": {
                      "enabled": false,
                      "endDate": "",
                      "size": 0.05,
                      "startDate": ""
                    },
                    "format": "M/d",
                    "inputFormat": "yyyy-MM-dd kk:mm:ss",
                    "range": {
                      "max": "",
                      "min": "",
                      "useStrict": false
                    }
                  },
                  "inversed": false,
                  "label": {
                    "color": "",
                    "enabled": true,
                    "text": "x"
                  },
                  "name": "x",
                  "render": "value",
                  "tooltip": {
                    "background": {
                      "color": "",
                      "opacity": 1
                    },
                    "cornerRadius": 3,
                    "enabled": true,
                    "pointerLength": 4,
                    "text": ""
                  },
                  "value": {
                    "break": {
                      "enabled": false,
                      "endValue": 100,
                      "size": 0.05,
                      "startValue": 0
                    },
                    "format": "#,###.##",
                    "logarithmic": false,
                    "range": {
                      "max": 20,
                      "min": -50,
                      "useStrict": false
                    }
                  },
                  "visible": false
                }
              ],
              "yAxes": [
                {
                  "appearance": {
                    "font": {
                      "size": "",
                      "weight": 500
                    },
                    "grid": {
                      "color": "#DADADA",
                      "dashArray": "",
                      "minDistance": null,
                      "opacity": 0,
                      "position": 0.5
                    },
                    "inside": false,
                    "labels": {
                      "color": "",
                      "opacity": 1,
                      "rotation": 0,
                      "wrap": true
                    },
                    "opposite": false
                  },
                  "category": {
                    "break": {
                      "enabled": false,
                      "endCategory": "",
                      "size": 0.05,
                      "startCategory": ""
                    }
                  },
                  "date": {
                    "baseInterval": {
                      "count": 1,
                      "enabled": false,
                      "skipEmptyPeriods": false,
                      "timeUnit": "hour"
                    },
                    "break": {
                      "enabled": false,
                      "endDate": "",
                      "size": 0.05,
                      "startDate": ""
                    },
                    "format": "M/d/yyyy HH:mm:ss",
                    "inputFormat": "yyyy-MM-dd kk:mm:ss",
                    "range": {
                      "max": "",
                      "min": "",
                      "useStrict": false
                    }
                  },
                  "inversed": true,
                  "label": {
                    "color": "",
                    "enabled": true,
                    "text": "y"
                  },
                  "name": "y",
                  "render": "value",
                  "tooltip": {
                    "background": {
                      "color": "",
                      "opacity": 1
                    },
                    "cornerRadius": 3,
                    "enabled": true,
                    "pointerLength": 4,
                    "text": ""
                  },
                  "value": {
                    "break": {
                      "enabled": false,
                      "endValue": 100,
                      "size": 0.05,
                      "startValue": 0
                    },
                    "format": "#,###.##",
                    "logarithmic": false,
                    "range": {
                      "max": 400,
                      "min": 0,
                      "useStrict": true
                    }
                  },
                  "visible": false
                }
              ]
            },
            "type": "ia.chart.xy"
          }
        ],
        "custom": {
          "count": 360,
          "granularity": 1,
          "points": [
            [
              4.4412201,
              264.68302
            ],
            [
              5.033737613979185,
              263.877462431835
            ],
            [
              5.626255127958371,
              263.07190486367
            ],
            [
              6.218772641937555,
              262.26634729550494
            ],
            [
              6.8112901559167405,
              261.46078972733994
            ],
            [
              7.403807669895926,
              260.65523215917494
            ],
            [
              7.996325183875111,
              259.84967459100994
            ],
            [
              8.588842697854297,
              259.04411702284494
            ],
            [
              9.181360211833482,
              258.2385594546799
            ],
            [
              9.773877725812667,
              257.4330018865149
            ],
            [
              10.366395239791853,
              256.6274443183499
            ],
            [
              10.958912753771038,
              255.8218867501849
            ],
            [
              11.551430267750224,
              255.01632918201986
            ],
            [
              12.143947781729409,
              254.21077161385486
            ],
            [
              12.736465295708594,
              253.40521404568986
            ],
            [
              12.851189999999999,
              253.24924
            ],
            [
              13.85016629573482,
              253.29447671694473
            ],
            [
              14.849142591469638,
              253.33971343388944
            ],
            [
              15.848118887204459,
              253.3849501508342
            ],
            [
              16.847095182939277,
              253.43018686777893
            ],
            [
              17.846071478674098,
              253.47542358472364
            ],
            [
              18.84504777440892,
              253.52066030166839
            ],
            [
              19.84402407014374,
              253.56589701861313
            ],
            [
              20.843000365878556,
              253.61113373555784
            ],
            [
              21.841976661613376,
              253.65637045250259
            ],
            [
              22.840952957348197,
              253.70160716944733
            ],
            [
              23.839929253083014,
              253.74684388639204
            ],
            [
              24.838905548817834,
              253.79208060333679
            ],
            [
              25.837881844552655,
              253.83731732028153
            ],
            [
              26.836858140287475,
              253.88255403722624
            ],
            [
              27.835834436022296,
              253.92779075417099
            ],
            [
              28.834810731757116,
              253.97302747111573
            ],
            [
              29.833787027491933,
              254.01826418806044
            ],
            [
              30.832763323226754,
              254.06350090500518
            ],
            [
              31.831739618961574,
              254.10873762194993
            ],
            [
              32.8307159146964,
              254.15397433889464
            ],
            [
              33.82969221043121,
              254.19921105583938
            ],
            [
              34.82866850616603,
              254.24444777278413
            ],
            [
              35.82764480190085,
              254.28968448972884
            ],
            [
              36.82662109763567,
              254.33492120667358
            ],
            [
              37.825597393370494,
              254.38015792361833
            ],
            [
              37.892114,
              254.38316999999998
            ],
            [
              38.69677679445432,
              254.97690208370523
            ],
            [
              39.501439588908646,
              255.57063416741045
            ],
            [
              40.30610238336297,
              256.16436625111567
            ],
            [
              41.11076517781729,
              256.75809833482094
            ],
            [
              41.915427972271615,
              257.35183041852616
            ],
            [
              42.72009076672594,
              257.9455625022314
            ],
            [
              43.52475356118026,
              258.5392945859366
            ],
            [
              44.32941635563458,
              259.1330266696419
            ],
            [
              45.13407915008891,
              259.7267587533471
            ],
            [
              45.938741944543224,
              260.3204908370523
            ],
            [
              46.74340473899755,
              260.91422292075754
            ],
            [
              47.54806753345187,
              261.5079550044628
            ],
            [
              47.624999,
              261.56471999999997
            ],
            [
              47.40356191035667,
              262.53989465888435
            ],
            [
              47.18212482071335,
              263.51506931776873
            ],
            [
              46.96068773107002,
              264.4902439766531
            ],
            [
              46.739250641426686,
              265.46541863553756
            ],
            [
              46.517813551783355,
              266.44059329442194
            ],
            [
              46.29637646214003,
              267.41576795330633
            ],
            [
              46.0749393724967,
              268.3909426121907
            ],
            [
              45.85350228285337,
              269.3661172710751
            ],
            [
              45.63206519321004,
              270.34129192995954
            ],
            [
              45.410628103566715,
              271.31646658884387
            ],
            [
              45.189191013923384,
              272.2916412477283
            ],
            [
              44.96775392428005,
              273.2668159066127
            ],
            [
              44.74631683463672,
              274.2419905654971
            ],
            [
              44.5248797449934,
              275.21716522438146
            ],
            [
              44.30344265535007,
              276.19233988326584
            ],
            [
              44.08200556570674,
              277.16751454215023
            ],
            [
              43.860568476063406,
              278.14268920103467
            ],
            [
              43.63913138642008,
              279.11786385991905
            ],
            [
              43.41769429677675,
              280.09303851880344
            ],
            [
              43.19625720713342,
              281.0682131776878
            ],
            [
              42.97482011749009,
              282.0433878365722
            ],
            [
              42.753383027846766,
              283.0185624954566
            ],
            [
              42.711309,
              283.20385
            ],
            [
              41.76888130194463,
              283.53825997882547
            ],
            [
              40.82645360388927,
              283.87266995765094
            ],
            [
              39.8840259058339,
              284.2070799364765
            ],
            [
              38.94159820777853,
              284.54148991530195
            ],
            [
              37.99917050972317,
              284.87589989412743
            ],
            [
              37.0567428116678,
              285.2103098729529
            ],
            [
              36.114315113612435,
              285.54471985177844
            ],
            [
              35.17188741555707,
              285.8791298306039
            ],
            [
              34.229459717501705,
              286.2135398094294
            ],
            [
              33.28703201944634,
              286.54794978825487
            ],
            [
              32.344604321390975,
              286.88235976708035
            ],
            [
              31.402176623335606,
              287.2167697459059
            ],
            [
              30.459748925280245,
              287.55117972473136
            ],
            [
              29.517321227224876,
              287.88558970355683
            ],
            [
              28.57489352916951,
              288.2199996823823
            ],
            [
              27.632465831114146,
              288.5544096612078
            ],
            [
              26.690038133058778,
              288.8888196400333
            ],
            [
              25.747610435003413,
              289.2232296188588
            ],
            [
              25.135416,
              289.44046
            ],
            [
              24.184652531278175,
              289.130542548823
            ],
            [
              23.23388906255635,
              288.820625097646
            ],
            [
              22.283125593834523,
              288.510707646469
            ],
            [
              21.3323621251127,
              288.20079019529203
            ],
            [
              20.381598656390874,
              287.89087274411503
            ],
            [
              19.430835187669047,
              287.58095529293803
            ],
            [
              18.480071718947222,
              287.27103784176103
            ],
            [
              17.529308250225398,
              286.96112039058403
            ],
            [
              16.578544781503574,
              286.651202939407
            ],
            [
              15.627781312781748,
              286.34128548823
            ],
            [
              14.677017844059922,
              286.0313680370531
            ],
            [
              13.726254375338097,
              285.7214505858761
            ],
            [
              12.775490906616273,
              285.4115331346991
            ],
            [
              11.824727437894447,
              285.1016156835221
            ],
            [
              10.873963969172621,
              284.7916982323451
            ],
            [
              9.923200500450797,
              284.4817807811681
            ],
            [
              8.972437031728973,
              284.1718633299911
            ],
            [
              8.031994000000001,
              283.86530999999997
            ],
            [
              8.674773063659787,
              283.09925838599435
            ],
            [
              9.317552127319573,
              282.33320677198867
            ],
            [
              9.960331190979359,
              281.56715515798305
            ],
            [
              10.603110254639144,
              280.8011035439774
            ],
            [
              11.245889318298932,
              280.03505192997176
            ],
            [
              11.888668381958718,
              279.26900031596614
            ],
            [
              12.531447445618504,
              278.50294870196046
            ],
            [
              13.17422650927829,
              277.73689708795484
            ],
            [
              13.817005572938076,
              276.97084547394917
            ],
            [
              14.459784636597862,
              276.20479385994355
            ],
            [
              14.930059,
              275.64432999999997
            ],
            [
              15.926667499040974,
              275.7266191222416
            ],
            [
              16.923275998081948,
              275.8089082444832
            ],
            [
              17.919884497122926,
              275.89119736672484
            ],
            [
              18.9164929961639,
              275.97348648896644
            ],
            [
              19.913101495204874,
              276.05577561120805
            ],
            [
              20.909709994245848,
              276.13806473344965
            ],
            [
              21.906318493286825,
              276.22035385569126
            ],
            [
              22.9029269923278,
              276.30264297793286
            ],
            [
              23.899535491368773,
              276.3849321001745
            ],
            [
              24.896143990409747,
              276.46722122241613
            ],
            [
              25.22991,
              276.49478
            ],
            [
              26.22020391188819,
              276.63376909337495
            ],
            [
              27.21049782377638,
              276.77275818674985
            ],
            [
              28.20079173566457,
              276.9117472801248
            ],
            [
              29.191085647552757,
              277.0507363734997
            ],
            [
              30.18137955944095,
              277.1897254668747
            ],
            [
              31.171673471329136,
              277.3287145602496
            ],
            [
              32.16196738321733,
              277.46770365362454
            ],
            [
              33.15226129510552,
              277.6066927469995
            ],
            [
              34.142555206993705,
              277.7456818403744
            ],
            [
              35.13284911888189,
              277.88467093374936
            ],
            [
              36.002232,
              278.00669
            ],
            [
              36.474702,
              278.66814
            ],
            [
              37.18793060087668,
              279.36907149657543
            ],
            [
              37.901159201753366,
              280.07000299315087
            ],
            [
              38.61438780263005,
              280.7709344897263
            ],
            [
              39.327616403506724,
              281.4718659863018
            ],
            [
              40.04084500438341,
              282.17279748287723
            ],
            [
              40.75407360526009,
              282.87372897945266
            ],
            [
              41.46730220613677,
              283.5746604760281
            ],
            [
              42.180530807013454,
              284.27559197260354
            ],
            [
              42.89375940789014,
              284.97652346917897
            ],
            [
              43.60698800876682,
              285.6774549657544
            ],
            [
              44.3202166096435,
              286.3783864623299
            ],
            [
              45.033445210520185,
              287.07931795890534
            ],
            [
              45.74667381139686,
              287.78024945548077
            ],
            [
              46.45990241227354,
              288.4811809520562
            ],
            [
              47.173131013150225,
              289.18211244863164
            ],
            [
              47.436011,
              289.44046
            ],
            [
              48.14923960087668,
              290.1413914965754
            ],
            [
              48.862468201753366,
              290.84232299315084
            ],
            [
              49.57569680263005,
              291.5432544897263
            ],
            [
              50.288925403506724,
              292.2441859863018
            ],
            [
              51.00215400438341,
              292.9451174828772
            ],
            [
              51.71538260526009,
              293.64604897945264
            ],
            [
              52.42861120613677,
              294.3469804760281
            ],
            [
              53.141839807013454,
              295.0479119726035
            ],
            [
              53.85506840789014,
              295.74884346917895
            ],
            [
              54.56829700876682,
              296.4497749657544
            ],
            [
              55.2815256096435,
              297.1507064623299
            ],
            [
              55.994754210520185,
              297.8516379589053
            ],
            [
              56.70798281139686,
              298.55256945548075
            ],
            [
              57.42121141227354,
              299.2535009520562
            ],
            [
              58.134440013150225,
              299.9544324486316
            ],
            [
              58.39732,
              300.21277999999995
            ],
            [
              58.37393459291807,
              299.21305347602686
            ],
            [
              58.35054918583613,
              298.2133269520534
            ],
            [
              58.3271637787542,
              297.2136004280803
            ],
            [
              58.30377837167226,
              296.21387390410695
            ],
            [
              58.28039296459033,
              295.2141473801338
            ],
            [
              58.25700755750839,
              294.2144208561604
            ],
            [
              58.233622150426456,
              293.2146943321873
            ],
            [
              58.210236743344524,
              292.21496780821417
            ],
            [
              58.186851336262585,
              291.2152412842408
            ],
            [
              58.16346592918065,
              290.2155147602677
            ],
            [
              58.140080522098714,
              289.21578823629426
            ],
            [
              58.11669511501678,
              288.21606171232116
            ],
            [
              58.09330970793484,
              287.2163351883477
            ],
            [
              58.06992430085291,
              286.21660866437463
            ],
            [
              58.04653889377097,
              285.21688214040125
            ],
            [
              58.02315348668904,
              284.21715561642816
            ],
            [
              58.019344000000004,
              284.05429999999996
            ],
            [
              58.452455300649376,
              283.15295955308227
            ],
            [
              58.885566601298756,
              282.2516191061645
            ],
            [
              59.31867790194813,
              281.35027865924684
            ],
            [
              59.7517892025975,
              280.44893821232915
            ],
            [
              60.18490050324688,
              279.5475977654114
            ],
            [
              60.61801180389625,
              278.6462573184937
            ],
            [
              61.051123104545624,
              277.74491687157604
            ],
            [
              61.484234405195004,
              276.8435764246583
            ],
            [
              61.51562500000001,
              276.77824999999996
            ],
            [
              60.68465966577309,
              276.2219258019705
            ],
            [
              59.85369433154617,
              275.665601603941
            ],
            [
              59.022728997319255,
              275.1092774059115
            ],
            [
              58.191763663092345,
              274.552953207882
            ],
            [
              57.36079832886543,
              273.99662900985254
            ],
            [
              56.52983299463851,
              273.44030481182307
            ],
            [
              55.698867660411594,
              272.88398061379354
            ],
            [
              54.86790232618468,
              272.32765641576407
            ],
            [
              54.03693699195776,
              271.7713322177346
            ],
            [
              53.20597165773084,
              271.2150080197051
            ],
            [
              52.375006323503925,
              270.6586838216756
            ],
            [
              51.544040989277015,
              270.1023596236461
            ],
            [
              50.7130756550501,
              269.54603542561665
            ],
            [
              50.36532600000001,
              269.31321999999994
            ],
            [
              49.36540923791789,
              269.3003177169772
            ],
            [
              48.36549247583576,
              269.2874154339545
            ],
            [
              47.365575713753636,
              269.27451315093174
            ],
            [
              46.365658951671506,
              269.26161086790904
            ],
            [
              45.36574218958938,
              269.2487085848863
            ],
            [
              44.36582542750726,
              269.2358063018636
            ],
            [
              43.36590866542513,
              269.22290401884084
            ],
            [
              42.36599190334301,
              269.21000173581814
            ],
            [
              41.36607514126088,
              269.1970994527954
            ],
            [
              40.366158379178756,
              269.1841971697727
            ],
            [
              39.366241617096634,
              269.17129488674993
            ],
            [
              38.36632485501451,
              269.15839260372724
            ],
            [
              37.36640809293238,
              269.1454903207045
            ],
            [
              36.36649133085026,
              269.1325880376818
            ],
            [
              35.718750000000014,
              269.12422999999995
            ],
            [
              34.750394779290254,
              269.3738059734512
            ],
            [
              33.78203955858049,
              269.6233819469025
            ],
            [
              32.81368433787074,
              269.87295792035377
            ],
            [
              31.84532911716098,
              270.1225338938051
            ],
            [
              30.87697389645122,
              270.37210986725637
            ],
            [
              29.90861867574146,
              270.62168584070764
            ],
            [
              28.940263455031705,
              270.8712618141589
            ],
            [
              27.971908234321944,
              271.1208377876102
            ],
            [
              27.003553013612184,
              271.37041376106146
            ],
            [
              26.035197792902427,
              271.6199897345128
            ],
            [
              25.06684257219267,
              271.86956570796406
            ],
            [
              24.09848735148291,
              272.11914168141533
            ],
            [
              23.13013213077315,
              272.3687176548666
            ],
            [
              22.16177691006339,
              272.6182936283179
            ],
            [
              21.193421689353634,
              272.86786960176914
            ],
            [
              20.225066468643874,
              273.1174455752205
            ],
            [
              19.256711247934113,
              273.36702154867174
            ],
            [
              18.288356027224356,
              273.616597522123
            ],
            [
              17.3200008065146,
              273.8661734955743
            ],
            [
              16.35164558580484,
              274.11574946902556
            ],
            [
              15.383290365095078,
              274.36532544247683
            ],
            [
              14.414935144385321,
              274.6149014159281
            ],
            [
              13.446579923675564,
              274.86447738937943
            ],
            [
              12.478224702965804,
              275.1140533628307
            ],
            [
              11.509869482256043,
              275.363629336282
            ],
            [
              10.541514261546286,
              275.61320530973325
            ],
            [
              9.57315904083653,
              275.8627812831845
            ],
            [
              8.604803820126769,
              276.1123572566358
            ],
            [
              7.636448599417008,
              276.3619332300871
            ],
            [
              6.668093378707251,
              276.6115092035384
            ],
            [
              5.699738157997494,
              276.86108517698966
            ],
            [
              4.731382937287734,
              277.11066115044093
            ],
            [
              3.763027716577973,
              277.3602371238922
            ],
            [
              2.7946724958682125,
              277.6098130973435
            ],
            [
              1.826317275158459,
              277.8593890707948
            ],
            [
              0.8579620544486986,
              278.1089650442461
            ],
            [
              -0.11039316626106199,
              278.35854101769735
            ],
            [
              -0.9449387999999885,
              278.57363
            ],
            [
              -1.9132940207097473,
              278.82320597345125
            ],
            [
              -2.881649241419506,
              279.0727819469025
            ],
            [
              -3.850004462129265,
              279.3223579203538
            ],
            [
              -4.818359682839024,
              279.5719338938051
            ],
            [
              -5.786714903548782,
              279.8215098672564
            ],
            [
              -6.755070124258541,
              280.07108584070767
            ],
            [
              -7.7234253449683,
              280.32066181415894
            ],
            [
              -8.691780565678059,
              280.5702377876102
            ],
            [
              -9.660135786387817,
              280.8198137610615
            ],
            [
              -10.628491007097576,
              281.0693897345128
            ],
            [
              -11.596846227807335,
              281.3189657079641
            ],
            [
              -12.565201448517094,
              281.56854168141535
            ],
            [
              -13.533556669226853,
              281.8181176548666
            ],
            [
              -14.501911889936611,
              282.0676936283179
            ],
            [
              -15.47026711064637,
              282.31726960176917
            ],
            [
              -16.43862233135613,
              282.5668455752205
            ],
            [
              -17.40697755206589,
              282.81642154867177
            ],
            [
              -18.375332772775646,
              283.06599752212304
            ],
            [
              -19.343687993485403,
              283.3155734955743
            ],
            [
              -20.312043214195164,
              283.5651494690256
            ],
            [
              -21.280398434904924,
              283.81472544247686
            ],
            [
              -22.24875365561468,
              284.0643014159282
            ],
            [
              -23.21710887632444,
              284.31387738937946
            ],
            [
              -24.1854640970342,
              284.5634533628307
            ],
            [
              -25.15381931774396,
              284.813029336282
            ],
            [
              -26.122174538453717,
              285.06260530973327
            ],
            [
              -27.090529759163473,
              285.31218128318454
            ],
            [
              -28.058884979873234,
              285.5617572566358
            ],
            [
              -29.027240200582995,
              285.81133323008714
            ],
            [
              -29.99559542129275,
              286.0609092035384
            ],
            [
              -30.96395064200251,
              286.3104851769897
            ],
            [
              -31.93230586271227,
              286.56006115044096
            ],
            [
              -32.90066108342203,
              286.80963712389223
            ],
            [
              -33.86901630413179,
              287.0592130973435
            ],
            [
              -34.837371524841544,
              287.30878907079483
            ],
            [
              -35.805726745551304,
              287.5583650442461
            ],
            [
              -36.774081966261065,
              287.8079410176974
            ],
            [
              -37.60862759999999,
              288.02303
            ],
            [
              -36.7342848704019,
              287.5377210353198
            ],
            [
              -35.85994214080381,
              287.0524120706396
            ],
            [
              -34.98559941120572,
              286.5671031059594
            ],
            [
              -34.11125668160763,
              286.08179414127926
            ],
            [
              -33.23691395200954,
              285.59648517659906
            ],
            [
              -32.36257122241145,
              285.11117621191886
            ],
            [
              -31.488228492813356,
              284.62586724723866
            ],
            [
              -30.613885763215265,
              284.14055828255846
            ],
            [
              -29.739543033617174,
              283.65524931787826
            ],
            [
              -28.865200304019083,
              283.1699403531981
            ],
            [
              -27.990857574420993,
              282.6846313885179
            ],
            [
              -27.116514844822902,
              282.1993224238377
            ],
            [
              -26.24217211522481,
              281.7140134591575
            ],
            [
              -25.36782938562672,
              281.2287044944773
            ],
            [
              -24.49348665602863,
              280.7433955297971
            ],
            [
              -23.61914392643054,
              280.2580865651169
            ],
            [
              -22.744801196832448,
              279.77277760043677
            ],
            [
              -21.870458467234357,
              279.28746863575657
            ],
            [
              -20.996115737636263,
              278.80215967107637
            ],
            [
              -20.121773008038172,
              278.31685070639617
            ],
            [
              -19.24743027844008,
              277.83154174171597
            ],
            [
              -18.37308754884199,
              277.34623277703577
            ],
            [
              -17.4987448192439,
              276.86092381235557
            ],
            [
              -16.62440208964581,
              276.3756148476754
            ],
            [
              -15.750059360047718,
              275.8903058829952
            ],
            [
              -14.875716630449627,
              275.404996918315
            ],
            [
              -14.001373900851537,
              274.9196879536348
            ],
            [
              -13.127031171253446,
              274.4343789889546
            ],
            [
              -12.252688441655355,
              273.9490700242744
            ],
            [
              -11.378345712057264,
              273.4637610595943
            ],
            [
              -10.504002982459173,
              272.9784520949141
            ],
            [
              -9.629660252861083,
              272.4931431302339
            ],
            [
              -8.755317523262992,
              272.0078341655537
            ],
            [
              -7.880974793664901,
              271.5225252008735
            ],
            [
              -7.00663206406681,
              271.0372162361933
            ],
            [
              -6.1322893344687195,
              270.5519072715131
            ],
            [
              -5.257946604870625,
              270.06659830683293
            ],
            [
              -4.383603875272534,
              269.58128934215273
            ],
            [
              -3.5092611456744436,
              269.09598037747253
            ],
            [
              -2.634918416076353,
              268.6106714127923
            ],
            [
              -1.760575686478262,
              268.1253624481121
            ],
            [
              -0.8862329568801712,
              267.6400534834319
            ],
            [
              -0.011890227282080446,
              267.1547445187517
            ],
            [
              0.8624525023160103,
              266.6694355540716
            ],
            [
              1.7367952319141011,
              266.1841265893914
            ],
            [
              2.611137961512192,
              265.6988176247112
            ],
            [
              3.4854806911102827,
              265.213508660031
            ],
            [
              4.3598234207083735,
              264.7281996953508
            ]
          ],
          "xAmplitude": 120,
          "xOffset": 340,
          "xRange": 61.70461280000001,
          "yAmplitude": 65,
          "yMax": 264.68302,
          "yMin": -16.15848,
          "yOffset": -2800,
          "yRange": 280.8415
        },
        "meta": {
          "name": "CoordinateContainer"
        },
        "position": {
          "height": 750,
          "width": 800,
          "x": 25,
          "y": 25
        },
        "propConfig": {
          "custom.points": {
            "binding": {
              "config": {
                "path": "./trackSVG.props.elements[0].elements[0].d"
              },
              "transforms": [
                {
                  "code": "\tshapePoints \u003d []\n\tclosed \u003d False\n\txMax \u003d 0\n\txMin \u003d 0\n\tyMax \u003d 0\n\tyMin \u003d 0\n\tif \u0027m\u0027 in value:\n\t\trelative \u003d True\n\telse:\n\t\trelative \u003d False\n\tfor v in value.split(\u0027 \u0027):\n\t\txy \u003d v.split(\u0027,\u0027)\n\t\tif len(xy) \u003e 1:\n\t\t\tshapePoints.append((float(xy[0]), float(xy[1])))\n\t\t\tif xMin \u003d\u003d 0:\n\t\t\t\txMin \u003d float(xy[0])\n\t\t\tif float(xy[0]) \u003c xMin:\n\t\t\t\txMin \u003d float(xy[0])\n\t\t\tif float(xy[0]) \u003e float(xMax):\n\t\t\t\txMax \u003d float(xy[0])\t\n\t\t\tif yMin \u003d\u003d 0:\n\t\t\t\tyMin \u003d float(xy[1])\t\n\t\t\tif float(xy[1]) \u003c yMin:\n\t\t\t\tyMin \u003d float(xy[1])\n\t\t\tif float(xy[1]) \u003e float(yMax):\n\t\t\t\tyMax \u003d float(xy[1])\n\t\tif v \u003d\u003d \u0027Z\u0027 or v \u003d\u003d\u0027z\u0027:\n\t\t\tclosed \u003d True\n\t\n\tallPoints \u003d []\n\tfor i in range(len(shapePoints)-1):\n\t\t#print \"distance calc: \", shapePoints[i],shapePoints[i+1]\n\t\t# last parameter will adjust the granularity of the points - decrease number to increase total number of points interpolated\n\t\tif relative:\n\t\t\tif i \u003d\u003d 0:\n\t\t\t\txLast \u003d shapePoints[i][0]\n\t\t\t\tyLast \u003d shapePoints[i][1]\n\t\t\telse:\n\t\t\t\txLast \u003d xLast + shapePoints[i][0]\n\t\t\t\tyLast \u003d yLast + shapePoints[i][1]\n\t\t\tx \u003d [xLast,yLast]\n\t\t\tx1 \u003d [xLast + shapePoints[i+1][0],yLast + shapePoints[i+1][1]]\n\t\t\tdist \u003d project.Track.Calculate.getDistanceBetweenPoints(x,x1)\n\t\t\tallPoints.extend(project.Track.Calculate.interpolatePoints(x,x1,dist,self.custom.granularity))\n\t\telse:\n\t\t\tdist \u003d project.Track.Calculate.getDistanceBetweenPoints(shapePoints[i],shapePoints[i+1])\n\t\t\tallPoints.extend(project.Track.Calculate.interpolatePoints(shapePoints[i],shapePoints[i+1],dist,self.custom.granularity))\n\t\n\tif closed:\n\t\tif relative:\n\t\t\txLast \u003d xLast + shapePoints[-1][0]\n\t\t\tyLast \u003d yLast + shapePoints[-1][1]\n\t\t\tx \u003d [xLast,yLast]\n\t\t\tx1 \u003d [shapePoints[0][0], shapePoints[0][1]]\n\t\t\tdist \u003d project.Track.Calculate.getDistanceBetweenPoints(x,x1)\n\t\t\tallPoints.extend(project.Track.Calculate.interpolatePoints(x,x1,dist,self.custom.granularity))\n\t\telse:\n\t\t\tdist \u003d project.Track.Calculate.getDistanceBetweenPoints(shapePoints[-1],shapePoints[0])\n\t\t\tallPoints.extend(project.Track.Calculate.interpolatePoints(shapePoints[-1],shapePoints[0],dist,self.custom.granularity))\n\tself.custom.count \u003d len(allPoints)\n\t\n\tself.custom.xRange \u003d xMax - xMin\n\tself.custom.yRange \u003d yMax - yMin\n\tself.custom.yMax \u003d yMax\n\tself.custom.yMin \u003d yMin\n\treturn allPoints ",
                  "type": "script"
                }
              ],
              "type": "property"
            },
            "persistent": true
          }
        },
        "props": {
          "aspectRatio": "750:800",
          "style": {
            "overflow": "hidden"
          }
        },
        "type": "ia.container.coord"
      }
    ],
    "meta": {
      "name": "root"
    },
    "type": "ia.container.coord"
  }
}