{
  "custom": {},
  "params": {},
  "props": {},
  "root": {
    "children": [
      {
        "meta": {
          "name": "Label"
        },
        "position": {
          "height": 20,
          "width": 86,
          "x": 61.00557165527346,
          "y": 302
        },
        "props": {
          "style": {
            "classes": "label"
          },
          "text": "Vll Average"
        },
        "type": "ia.display.label"
      },
      {
        "events": {
          "component": {
            "onActionPerformed": {
              "config": {
                "script": "\ttags \u003d system.tag.readBlocking([\u0027[Park]epicUniverse/track902/_tagList/paths\u0027])\n\t\n\ttagList \u003d []\n\tvalues \u003d []\n\tfor ea in tags[0].value:\n\t\tfor i in range(1, 5):\n\t\t\tpath \u003d ea + \u0027/vfd\u0027 + str(i) + \u0027/Alarm/loVolt/inAlarm\u0027\n\t\t\ttagList.append(path)\n\t\t\tvalues.append(True)\n\t\n#\tlogger \u003d system.util.getLogger(\u0027DGLogger\u0027)\n#\tlogger.info(str(tagList) + str(values))\n\tsystem.tag.writeBlocking(tagList, values)"
              },
              "scope": "G",
              "type": "script"
            }
          }
        },
        "meta": {
          "name": "Button_3"
        },
        "position": {
          "height": 44,
          "width": 152,
          "x": 62,
          "y": 222
        },
        "props": {
          "primary": false,
          "style": {
            "classes": "button"
          },
          "text": "902 VFDs Low Voltage"
        },
        "type": "ia.input.button"
      },
      {
        "events": {
          "component": {
            "onActionPerformed": {
              "config": {
                "script": "\ttags \u003d system.tag.readBlocking([\u0027[Park]epicUniverse/track902/_tagList/paths\u0027])\n\t\n\ttagList \u003d []\n\tvalues \u003d []\n\tfor ea in tags[0].value:\n\t\tfor i in range(1, 5):\n\t\t\tpath \u003d ea + \u0027/vfd\u0027 + str(i) + \u0027/Alarm/loVolt/inAlarm\u0027\n\t\t\ttagList.append(path)\n\t\t\tvalues.append(False)\n\t\t\tpath \u003d ea + \u0027/vfd\u0027 + str(i) + \u0027/Alarm/loVoltBool\u0027\n\t\t\ttagList.append(path)\n\t\t\tvalues.append(False)\n\t\n\tsystem.tag.writeBlocking(tagList, values)"
              },
              "scope": "G",
              "type": "script"
            }
          }
        },
        "meta": {
          "name": "Button_4"
        },
        "position": {
          "height": 44,
          "width": 152,
          "x": 235,
          "y": 221.99439999999998
        },
        "props": {
          "primary": false,
          "style": {
            "classes": "button"
          },
          "text": "902 VFDs Reset"
        },
        "type": "ia.input.button"
      },
      {
        "events": {
          "component": {
            "onActionPerformed": {
              "config": {
                "script": "\t\n\n\tsystem.tag.writeBlocking([\u0027[Park]epicUniverse/Electrical/primaryFeed_vll\u0027], [320])"
              },
              "scope": "G",
              "type": "script"
            }
          }
        },
        "meta": {
          "name": "Button_5"
        },
        "position": {
          "height": 44,
          "width": 70,
          "x": 235,
          "y": 290
        },
        "props": {
          "primary": false,
          "style": {
            "classes": "button"
          },
          "text": "vLL Low"
        },
        "type": "ia.input.button"
      },
      {
        "events": {
          "component": {
            "onActionPerformed": {
              "config": {
                "script": "\t\n\tsystem.tag.writeBlocking([\u0027[Park]epicUniverse/Electrical/primaryFeed_vll\u0027], [480])"
              },
              "scope": "G",
              "type": "script"
            }
          }
        },
        "meta": {
          "name": "Button_6"
        },
        "position": {
          "height": 44,
          "width": 70,
          "x": 311,
          "y": 290
        },
        "props": {
          "primary": false,
          "style": {
            "classes": "button"
          },
          "text": "vLL High"
        },
        "type": "ia.input.button"
      },
      {
        "meta": {
          "name": "NumericEntryField_0"
        },
        "position": {
          "height": 25,
          "width": 67,
          "x": 147,
          "y": 300
        },
        "propConfig": {
          "props.value": {
            "binding": {
              "config": {
                "bidirectional": true,
                "fallbackDelay": 2.5,
                "mode": "direct",
                "tagPath": "[Park]epicUniverse/Electrical/primaryFeed_vll"
              },
              "type": "tag"
            }
          }
        },
        "type": "ia.input.numeric-entry-field"
      },
      {
        "events": {
          "component": {
            "onActionPerformed": {
              "config": {
                "script": "\ttags \u003d system.tag.readBlocking([\u0027[Park]epicUniverse/track902/_tagList/paths\u0027])\n\t\n\ttagList \u003d []\n\tvalues \u003d []\n\ttagList.append(\u0027[Park]epicUniverse/Electrical/primaryFeed_vll\u0027)\n\tvalues.append(0)\n\tfor ea in tags[0].value:\n\t\tfor i in range(1, 5):\n\t\t\tpath \u003d ea + \u0027/vfd\u0027 + str(i) + \u0027/Alarm/loVolt/inAlarm\u0027\n\t\t\ttagList.append(path)\n\t\t\tvalues.append(True)\n\t\n#\tlogger \u003d system.util.getLogger(\u0027DGLogger\u0027)\n#\tlogger.info(str(tagList) + str(values))\n\tsystem.tag.writeBlocking(tagList, values)"
              },
              "scope": "G",
              "type": "script"
            }
          }
        },
        "meta": {
          "name": "Button_7"
        },
        "position": {
          "height": 44,
          "width": 152,
          "x": 404,
          "y": 290
        },
        "props": {
          "primary": false,
          "style": {
            "classes": "button"
          },
          "text": "Main Volt Loss"
        },
        "type": "ia.input.button"
      }
    ],
    "meta": {
      "name": "root"
    },
    "type": "ia.container.coord"
  }
}