{
  "custom": {},
  "params": {
    "state": 5
  },
  "propConfig": {
    "params.state": {
      "paramDirection": "input",
      "persistent": true
    }
  },
  "props": {
    "defaultSize": {
      "height": 100,
      "width": 100
    }
  },
  "root": {
    "children": [
      {
        "meta": {
          "name": "Robot"
        },
        "position": {
          "basis": "200px",
          "grow": 1
        },
        "propConfig": {
          "props.elements[0].style.classes": {
            "binding": {
              "config": {
                "path": "view.params.state"
              },
              "transforms": [
                {
                  "fallback": "Modes/RideEquipment/noComm",
                  "inputType": "scalar",
                  "mappings": [
                    {
                      "input": 0,
                      "output": "Modes/RideEquipment/disabled"
                    },
                    {
                      "input": 1,
                      "output": "Modes/RideEquipment/active"
                    },
                    {
                      "input": 3,
                      "output": "Modes/RideEquipment/maint"
                    },
                    {
                      "input": 5,
                      "output": "Modes/RideEquipment/noComm"
                    },
                    {
                      "input": 6,
                      "output": "Modes/RideEquipment/faulted"
                    }
                  ],
                  "outputType": "style-list",
                  "type": "map"
                },
                {
                  "expression": "if({value} !\u003d \u0027Modes/RideEquipment/noComm\u0027, {value}, \r\n\tif({session.props.theme} \u003d \u0027light\u0027, \u0027Modes/RideEquipment/noCommLight\u0027, \u0027Modes/RideEquipment/noCommDark\u0027))",
                  "type": "expression"
                }
              ],
              "type": "property"
            }
          }
        },
        "props": {
          "elements": [
            {
              "d": "M 18.5625 0 L 18.03125 0.65625 L 16.125 3 L 13 3 L 13 9 L 16.125 9 L 18.03125 11.34375 L 18.5625 12 L 19.3125 11.5625 L 23.90625 8.75 L 22.875 7.03125 L 19.03125 9.40625 L 17 6.875 L 17 5.125 L 19.03125 2.59375 L 22.875 4.96875 L 23.90625 3.25 L 19.3125 0.4375 Z M 4 2 C 1.800781 2 0 3.800781 0 6 C 0 8.199219 1.800781 10 4 10 C 6.199219 10 8 8.199219 8 6 C 8 3.800781 6.199219 2 4 2 Z M 4 4 C 5.101563 4 6 4.898438 6 6 C 6 7.101563 5.101563 8 4 8 C 2.898438 8 2 7.101563 2 6 C 2 4.898438 2.898438 4 4 4 Z M 8.8125 4 C 9.511719 5.601563 9.210938 7.101563 8.8125 8 L 12 8 L 12 4 Z M 4 4.90625 C 3.390625 4.90625 2.90625 5.390625 2.90625 6 C 2.90625 6.609375 3.390625 7.09375 4 7.09375 C 4.609375 7.09375 5.09375 6.609375 5.09375 6 C 5.09375 5.390625 4.609375 4.90625 4 4.90625 Z M 7.8125 9.6875 C 6.511719 11.488281 3.300781 12.195313 1 10.09375 L 7.40625 21 L 2 21 L 2 24 L 20 24 L 20 21 L 14.40625 21 Z",
              "name": "path4959",
              "style": {},
              "type": "path"
            }
          ],
          "fill": "#000000",
          "viewBox": "0 0 24 24"
        },
        "type": "ia.shapes.svg"
      }
    ],
    "meta": {
      "name": "root"
    },
    "props": {
      "direction": "column"
    },
    "type": "ia.container.flex"
  }
}