{
  "custom": {},
  "params": {
    "path": "[Park]epicUniverse/track902/Ride Vehicles/rideVehicle3"
  },
  "propConfig": {
    "params.path": {
      "paramDirection": "input",
      "persistent": true
    }
  },
  "props": {
    "defaultSize": {
      "height": 385,
      "width": 601
    }
  },
  "root": {
    "children": [
      {
        "meta": {
          "name": "Label"
        },
        "position": {
          "height": 20,
          "width": 55,
          "x": 2,
          "y": 3
        },
        "props": {
          "style": {
            "classes": "label label_underline"
          },
          "text": "Robot"
        },
        "type": "ia.display.label"
      },
      {
        "meta": {
          "name": "Label_0"
        },
        "position": {
          "height": 151,
          "width": 154,
          "x": 2,
          "y": 28
        },
        "props": {
          "style": {
            "borderBottomLeftRadius": 5,
            "borderBottomRightRadius": 5,
            "borderStyle": "solid",
            "borderTopLeftRadius": 5,
            "borderTopRightRadius": 5,
            "borderWidth": 1
          }
        },
        "type": "ia.display.label"
      },
      {
        "meta": {
          "name": "prx14"
        },
        "position": {
          "height": 57,
          "width": 33,
          "x": 80,
          "y": 124.5
        },
        "propConfig": {
          "props.params.path": {
            "binding": {
              "config": {
                "expression": "{view.params.path} + \u0027/robot\u0027"
              },
              "type": "expr"
            }
          }
        },
        "props": {
          "params": {
            "num": 4
          },
          "path": "Templates/Indicators/prox",
          "style": {
            "classes": "label"
          }
        },
        "type": "ia.display.view"
      },
      {
        "meta": {
          "name": "prx13"
        },
        "position": {
          "height": 57,
          "width": 33,
          "x": 42,
          "y": 124.5
        },
        "propConfig": {
          "props.params.path": {
            "binding": {
              "config": {
                "expression": "{view.params.path} + \u0027/robot\u0027"
              },
              "type": "expr"
            }
          }
        },
        "props": {
          "params": {
            "num": 3
          },
          "path": "Templates/Indicators/prox",
          "style": {
            "classes": "label"
          }
        },
        "type": "ia.display.view"
      },
      {
        "meta": {
          "name": "prx12"
        },
        "position": {
          "height": 57,
          "width": 33,
          "x": 80,
          "y": 67.5
        },
        "propConfig": {
          "props.params.path": {
            "binding": {
              "config": {
                "expression": "{view.params.path} + \u0027/robot\u0027"
              },
              "type": "expr"
            }
          }
        },
        "props": {
          "params": {
            "num": 2
          },
          "path": "Templates/Indicators/prox",
          "style": {
            "classes": "label"
          }
        },
        "type": "ia.display.view"
      },
      {
        "meta": {
          "name": "prx1"
        },
        "position": {
          "height": 57,
          "width": 33,
          "x": 42,
          "y": 67.5
        },
        "propConfig": {
          "props.params.path": {
            "binding": {
              "config": {
                "expression": "{view.params.path} + \u0027/robot\u0027"
              },
              "type": "expr"
            }
          }
        },
        "props": {
          "params": {
            "num": 1
          },
          "path": "Templates/Indicators/prox",
          "style": {
            "classes": "label"
          }
        },
        "type": "ia.display.view"
      },
      {
        "meta": {
          "name": "Label_9"
        },
        "position": {
          "height": 20,
          "width": 130,
          "x": 14,
          "y": 36.5
        },
        "props": {
          "style": {
            "classes": "label label_underline",
            "textAlign": "center"
          },
          "text": "Prox Statuses"
        },
        "type": "ia.display.label"
      },
      {
        "meta": {
          "name": "EmbeddedView"
        },
        "position": {
          "height": 30,
          "width": 30,
          "x": 57
        },
        "propConfig": {
          "props.params.priority": {
            "binding": {
              "config": {
                "fallbackDelay": 2.5,
                "mode": "indirect",
                "references": {
                  "path": "{view.params.path}"
                },
                "tagPath": "{path}/robot/almPriority/priority"
              },
              "type": "tag"
            }
          }
        },
        "props": {
          "path": "Templates/Indicators/Alarm"
        },
        "type": "ia.display.view"
      },
      {
        "meta": {
          "name": "EmbeddedView_0"
        },
        "position": {
          "height": 349,
          "width": 410,
          "x": 173.038,
          "y": 28.0045
        },
        "propConfig": {
          "props.params.path": {
            "binding": {
              "config": {
                "path": "view.params.path"
              },
              "type": "property"
            }
          }
        },
        "props": {
          "params": {
            "hideTopDropdown": true,
            "wrapInstances": true
          },
          "path": "Templates/Popups/Lists/systems"
        },
        "type": "ia.display.view"
      }
    ],
    "meta": {
      "name": "root"
    },
    "position": {
      "x": -228,
      "y": -55
    },
    "props": {
      "style": {
        "borderBottomLeftRadius": 5,
        "borderBottomRightRadius": 5,
        "borderStyle": "solid",
        "borderTopLeftRadius": 5,
        "borderTopRightRadius": 5,
        "borderWidth": 1
      }
    },
    "type": "ia.container.coord"
  }
}