{
  "custom": {},
  "params": {
    "priority": 4
  },
  "propConfig": {
    "params.priority": {
      "paramDirection": "input",
      "persistent": true
    }
  },
  "props": {
    "defaultSize": {
      "height": 36,
      "width": 49
    }
  },
  "root": {
    "children": [
      {
        "children": [
          {
            "meta": {
              "name": "LowAlm"
            },
            "position": {
              "height": 36,
              "width": 49
            },
            "props": {
              "fit": {
                "mode": "fill"
              },
              "source": "/system/images/IconsSymbols/LowAlm.svg"
            },
            "type": "ia.display.image"
          }
        ],
        "meta": {
          "name": "lowPriority"
        },
        "position": {
          "height": 36,
          "width": 49
        },
        "propConfig": {
          "meta.visible": {
            "binding": {
              "config": {
                "expression": "{view.params.priority} \u003d 1"
              },
              "type": "expr"
            }
          }
        },
        "type": "ia.container.coord"
      },
      {
        "children": [
          {
            "meta": {
              "name": "MedAlm"
            },
            "position": {
              "height": 36,
              "width": 49
            },
            "props": {
              "fit": {
                "mode": "fill"
              },
              "source": "/system/images/IconsSymbols/MedAlm.svg"
            },
            "type": "ia.display.image"
          }
        ],
        "meta": {
          "name": "medPriority"
        },
        "position": {
          "height": 36,
          "width": 49
        },
        "propConfig": {
          "meta.visible": {
            "binding": {
              "config": {
                "expression": "{view.params.priority} \u003d 2"
              },
              "type": "expr"
            }
          }
        },
        "type": "ia.container.coord"
      },
      {
        "children": [
          {
            "meta": {
              "name": "HiAlm"
            },
            "position": {
              "height": 36,
              "width": 49
            },
            "props": {
              "fit": {
                "mode": "fill"
              },
              "source": "/system/images/IconsSymbols/HiAlm.svg"
            },
            "type": "ia.display.image"
          }
        ],
        "meta": {
          "name": "highPriority"
        },
        "position": {
          "height": 36,
          "width": 49
        },
        "propConfig": {
          "meta.visible": {
            "binding": {
              "config": {
                "expression": "{view.params.priority} \u003d 3"
              },
              "type": "expr"
            }
          }
        },
        "type": "ia.container.coord"
      },
      {
        "children": [
          {
            "meta": {
              "name": "CriAlm"
            },
            "position": {
              "height": 36,
              "width": 49
            },
            "props": {
              "fit": {
                "mode": "fill"
              },
              "source": "/system/images/IconsSymbols/CriAlm.svg"
            },
            "type": "ia.display.image"
          }
        ],
        "meta": {
          "name": "critPriority"
        },
        "position": {
          "height": 36,
          "width": 49
        },
        "propConfig": {
          "meta.visible": {
            "binding": {
              "config": {
                "expression": "{view.params.priority} \u003d 4"
              },
              "type": "expr"
            }
          }
        },
        "type": "ia.container.coord"
      }
    ],
    "meta": {
      "name": "root"
    },
    "type": "ia.container.coord"
  }
}