{
  "custom": {},
  "params": {
    "icon": "value"
  },
  "propConfig": {
    "params.icon": {
      "paramDirection": "input",
      "persistent": true
    }
  },
  "props": {
    "defaultSize": {
      "height": 100,
      "width": 100
    }
  },
  "root": {
    "children": [
      {
        "meta": {
          "name": "Image"
        },
        "position": {
          "height": 1,
          "width": 1,
          "x": 0.0036,
          "y": 0.0032
        },
        "props": {
          "fit": {
            "mode": "fill"
          },
          "source": "/system/images/IconsSymbols/icons8-video-projector_white.svg"
        },
        "type": "ia.display.image"
      }
    ],
    "meta": {
      "name": "root"
    },
    "props": {
      "mode": "percent"
    },
    "type": "ia.container.coord"
  }
}