{
  "custom": {},
  "params": {
    "num": 1,
    "path": "[Park]OtherEquipDemo/rotarySwitch1"
  },
  "propConfig": {
    "params.num": {
      "paramDirection": "input",
      "persistent": true
    },
    "params.path": {
      "paramDirection": "input",
      "persistent": true
    }
  },
  "props": {
    "defaultSize": {
      "height": 52,
      "width": 72
    }
  },
  "root": {
    "children": [
      {
        "meta": {
          "name": "Lock Closed"
        },
        "position": {
          "height": 30,
          "width": 30,
          "x": 21,
          "y": 1
        },
        "propConfig": {
          "meta.visible": {
            "binding": {
              "config": {
                "fallbackDelay": 2.5,
                "mode": "indirect",
                "references": {
                  "num": "{view.params.num}",
                  "path": "{view.params.path}"
                },
                "tagPath": "{path}/lock{num}/In/status"
              },
              "transforms": [
                {
                  "expression": "if({value} \u003d 1, True, False)",
                  "type": "expression"
                }
              ],
              "type": "tag"
            }
          }
        },
        "props": {
          "fit": {
            "mode": "fill"
          },
          "source": "/system/images/IconsSymbols/Lock Closed.svg"
        },
        "type": "ia.display.image"
      },
      {
        "meta": {
          "name": "Lock Open"
        },
        "position": {
          "height": 30,
          "width": 30,
          "x": 21,
          "y": 1
        },
        "propConfig": {
          "meta.visible": {
            "binding": {
              "config": {
                "fallbackDelay": 2.5,
                "mode": "indirect",
                "references": {
                  "num": "{view.params.num}",
                  "path": "{view.params.path}"
                },
                "tagPath": "{path}/lock{num}/In/status"
              },
              "transforms": [
                {
                  "expression": "if({value} \u003d 0, True, False)",
                  "type": "expression"
                }
              ],
              "type": "tag"
            }
          }
        },
        "props": {
          "fit": {
            "mode": "fill"
          },
          "source": "/system/images/IconsSymbols/Lock Open.svg"
        },
        "type": "ia.display.image"
      },
      {
        "meta": {
          "name": "Label"
        },
        "position": {
          "height": 20,
          "width": 70,
          "x": 1,
          "y": 31
        },
        "propConfig": {
          "props.text": {
            "binding": {
              "config": {
                "fallbackDelay": 2.5,
                "mode": "indirect",
                "references": {
                  "num": "{view.params.num}",
                  "path": "{view.params.path}"
                },
                "tagPath": "{path}/lock{num}/In/status"
              },
              "transforms": [
                {
                  "expression": "if({value} \u003d 0, \u0027Unlocked\u0027, if({value} \u003d 1, \u0027Locked\u0027, \"Unknown\"))",
                  "type": "expression"
                }
              ],
              "type": "tag"
            }
          }
        },
        "props": {
          "style": {
            "textAlign": "center"
          }
        },
        "type": "ia.display.label"
      },
      {
        "meta": {
          "name": "Lock Unknown"
        },
        "position": {
          "height": 30,
          "width": 30,
          "x": 21,
          "y": 1
        },
        "propConfig": {
          "meta.visible": {
            "binding": {
              "config": {
                "fallbackDelay": 2.5,
                "mode": "indirect",
                "references": {
                  "num": "{view.params.num}",
                  "path": "{view.params.path}"
                },
                "tagPath": "{path}/lock{num}/In/status"
              },
              "transforms": [
                {
                  "expression": "if({value} \u003d 2, True, False)",
                  "type": "expression"
                }
              ],
              "type": "tag"
            }
          }
        },
        "props": {
          "fit": {
            "mode": "fill"
          },
          "source": "/system/images/IconsSymbols/Lock Unknown.svg"
        },
        "type": "ia.display.image"
      }
    ],
    "meta": {
      "name": "root"
    },
    "props": {
      "style": {
        "backgroundColor": "#FFFFFF00"
      }
    },
    "type": "ia.container.coord"
  }
}