{
  "custom": {},
  "events": null,
  "params": {
    "priority": 4
  },
  "permissions": null,
  "propConfig": {
    "params.key": {
      "paramDirection": "input"
    },
    "params.priority": {
      "paramDirection": "input"
    },
    "params.state": {
      "paramDirection": "input"
    }
  },
  "props": {
    "defaultSize": {
      "height": 46,
      "width": 39
    }
  },
  "root": {
    "children": [
      {
        "children": [
          {
            "meta": {
              "name": "path"
            },
            "props": {
              "height": 90,
              "width": 90,
              "x": 5,
              "y": 5
            },
            "type": "ia.shapes.rect"
          }
        ],
        "meta": {
          "name": "critical"
        },
        "position": {
          "height": 0.6522,
          "width": 0.7692,
          "x": 0.1282,
          "y": 0.1957
        },
        "propConfig": {
          "meta.visible": {
            "binding": {
              "config": {
                "expression": "{view.params.priority} \u003d 4"
              },
              "type": "expr"
            }
          }
        },
        "props": {
          "style": {
            "fill": "#FF0000",
            "stroke": "#2E2E2E",
            "strokeWidth": "2px"
          }
        },
        "type": "ia.container.drawing"
      },
      {
        "children": [
          {
            "meta": {
              "name": "path"
            },
            "props": {
              "path": "M256,0L96,256l160,256l160-256L256,0z"
            },
            "type": "ia.shapes.path"
          }
        ],
        "meta": {
          "name": "low"
        },
        "position": {
          "height": 0.6304,
          "width": 1,
          "x": 0.0128,
          "y": 0.2174
        },
        "propConfig": {
          "meta.visible": {
            "binding": {
              "config": {
                "expression": "{view.params.priority} \u003d 1"
              },
              "type": "expr"
            }
          }
        },
        "props": {
          "preserveAspectRatio": "none",
          "style": {
            "fill": "#FF00FF",
            "stroke": "#2E2E2E",
            "strokeWidth": "12px"
          },
          "viewBox": "0 0 512 512"
        },
        "type": "ia.container.drawing"
      },
      {
        "children": [
          {
            "meta": {
              "name": "path"
            },
            "props": {
              "points": "50,5 95,95 5,95 50,5"
            },
            "type": "ia.shapes.polygon"
          }
        ],
        "meta": {
          "name": "high"
        },
        "position": {
          "height": 0.6957,
          "width": 0.7692,
          "x": 0.1282,
          "y": 0.1739
        },
        "propConfig": {
          "meta.visible": {
            "binding": {
              "config": {
                "expression": "{view.params.priority} \u003d 3"
              },
              "type": "expr"
            }
          }
        },
        "props": {
          "style": {
            "fill": "#FFFF00",
            "stroke": "#2E2E2E",
            "strokeWidth": "2px"
          }
        },
        "type": "ia.container.drawing"
      },
      {
        "children": [
          {
            "meta": {
              "name": "path"
            },
            "props": {
              "points": "50,95 5,5 95,5 50,95"
            },
            "type": "ia.shapes.polygon"
          }
        ],
        "meta": {
          "name": "medium"
        },
        "position": {
          "height": 0.6957,
          "width": 0.7692,
          "x": 0.1282,
          "y": 0.1739
        },
        "propConfig": {
          "meta.visible": {
            "binding": {
              "config": {
                "expression": "{view.params.priority} \u003d 2"
              },
              "type": "expr"
            }
          }
        },
        "props": {
          "style": {
            "fill": "#FF8C00",
            "stroke": "#2E2E2E",
            "strokeWidth": "2px"
          }
        },
        "type": "ia.container.drawing"
      }
    ],
    "meta": {
      "name": "root"
    },
    "props": {
      "mode": "percent",
      "style": {
        "overflow": "hidden"
      }
    },
    "type": "ia.container.coord"
  }
}