{
  "custom": {},
  "params": {
    "header": "Ride Vehicles",
    "path": "[Park]epicUniverse/track902/Ride Vehicles/rideVehicle1",
    "typeId": "Devices/rideVehicle"
  },
  "propConfig": {
    "params.header": {
      "paramDirection": "input",
      "persistent": true
    },
    "params.path": {
      "paramDirection": "input",
      "persistent": true
    },
    "params.tags[0]": {
      "paramDirection": "input",
      "persistent": true
    },
    "params.typeId": {
      "paramDirection": "input",
      "persistent": true
    }
  },
  "props": {
    "defaultSize": {
      "height": 50,
      "width": 200
    }
  },
  "root": {
    "children": [
      {
        "meta": {
          "name": "EmbeddedView"
        },
        "propConfig": {
          "props.params.name": {
            "binding": {
              "config": {
                "path": "view.params.header"
              },
              "type": "property"
            }
          },
          "props.params.path": {
            "binding": {
              "config": {
                "path": "view.params.path"
              },
              "type": "property"
            }
          },
          "props.params.typeId": {
            "binding": {
              "config": {
                "path": "view.params.typeId"
              },
              "type": "property"
            }
          },
          "props.path": {
            "binding": {
              "config": {
                "path": "view.params.typeId"
              },
              "transforms": [
                {
                  "expression": "\u0027Templates/\u0027 + toString({value})",
                  "type": "expression"
                }
              ],
              "type": "property"
            }
          }
        },
        "props": {
          "useDefaultViewHeight": true,
          "useDefaultViewWidth": true
        },
        "type": "ia.display.view"
      }
    ],
    "meta": {
      "name": "root"
    },
    "props": {
      "direction": "column",
      "style": {
        "overflow": "visible"
      }
    },
    "type": "ia.container.flex"
  }
}