{
  "custom": {},
  "params": {
    "path": "[Park]epicUniverse/track902"
  },
  "propConfig": {
    "params.path": {
      "paramDirection": "input",
      "persistent": true
    }
  },
  "props": {
    "defaultSize": {
      "height": 100,
      "width": 400
    }
  },
  "root": {
    "children": [
      {
        "children": [
          {
            "meta": {
              "name": "FlexContainer"
            },
            "position": {
              "basis": "150px"
            },
            "type": "ia.container.flex"
          },
          {
            "meta": {
              "name": "EmbeddedView_0"
            },
            "position": {
              "basis": "150px"
            },
            "propConfig": {
              "props.params.priority": {
                "binding": {
                  "config": {
                    "fallbackDelay": 2.5,
                    "mode": "indirect",
                    "references": {
                      "path": "{view.params.path}"
                    },
                    "tagPath": "{path}/almPriority/priority"
                  },
                  "type": "tag"
                }
              }
            },
            "props": {
              "path": "Templates/Indicators/Alarm"
            },
            "type": "ia.display.view"
          },
          {
            "meta": {
              "name": "FlexContainer_0"
            },
            "position": {
              "basis": "150px"
            },
            "type": "ia.container.flex"
          }
        ],
        "meta": {
          "name": "FlexContainer"
        },
        "position": {
          "basis": "200px"
        },
        "type": "ia.container.flex"
      },
      {
        "meta": {
          "name": "EmbeddedView"
        },
        "position": {
          "basis": "320px"
        },
        "propConfig": {
          "props.params.image": {
            "binding": {
              "config": {
                "fallbackDelay": 2.5,
                "mode": "indirect",
                "references": {
                  "path": "{view.params.path}"
                },
                "tagPath": "{path}/running"
              },
              "transforms": [
                {
                  "fallback": "/system/images/Logos/Creative_Logo_Grey.svg",
                  "inputType": "scalar",
                  "mappings": [
                    {
                      "input": true,
                      "output": "/system/images/Logos/Creative_Logo_Green.svg"
                    },
                    {
                      "input": false,
                      "output": "/system/images/Logos/Creative_Logo_Red.svg"
                    }
                  ],
                  "outputType": "scalar",
                  "type": "map"
                }
              ],
              "type": "tag"
            }
          }
        },
        "props": {
          "path": "Templates/Logo/logo"
        },
        "type": "ia.display.view"
      }
    ],
    "meta": {
      "name": "root"
    },
    "type": "ia.container.flex"
  }
}