{
  "custom": {},
  "params": {
    "graphic": "alarmSummary",
    "name": "Alarm Summary",
    "path": "value"
  },
  "propConfig": {
    "params.graphic": {
      "paramDirection": "input",
      "persistent": true
    },
    "params.name": {
      "paramDirection": "input",
      "persistent": true
    },
    "params.path": {
      "paramDirection": "input",
      "persistent": true
    }
  },
  "props": {},
  "root": {
    "children": [
      {
        "meta": {
          "name": "Label"
        },
        "position": {
          "basis": "30px",
          "shrink": 0
        },
        "propConfig": {
          "props.text": {
            "binding": {
              "config": {
                "path": "view.params.name"
              },
              "type": "property"
            }
          }
        },
        "props": {
          "style": {
            "classes": "pageHeader"
          }
        },
        "type": "ia.display.label"
      },
      {
        "meta": {
          "name": "EmbeddedView"
        },
        "position": {
          "grow": 1
        },
        "propConfig": {
          "props.path": {
            "binding": {
              "config": {
                "expression": "\u0027Main Views/Alarms/\u0027 + {view.params.graphic}"
              },
              "type": "expr"
            }
          }
        },
        "type": "ia.display.view"
      }
    ],
    "meta": {
      "name": "root"
    },
    "props": {
      "direction": "column"
    },
    "type": "ia.container.flex"
  }
}