{
  "custom": {},
  "params": {
    "direction": "left",
    "dockedView": "value",
    "drvNum": "value",
    "id": "",
    "name": "",
    "path": "value"
  },
  "propConfig": {
    "params.direction": {
      "paramDirection": "input",
      "persistent": true
    },
    "params.dockedView": {
      "paramDirection": "input",
      "persistent": true
    },
    "params.drvNum": {
      "paramDirection": "input",
      "persistent": true
    },
    "params.id": {
      "paramDirection": "input",
      "persistent": true
    },
    "params.name": {
      "paramDirection": "input",
      "persistent": true
    },
    "params.path": {
      "paramDirection": "input",
      "persistent": true
    }
  },
  "props": {
    "defaultSize": {
      "height": 40,
      "width": 40
    }
  },
  "root": {
    "children": [
      {
        "custom": {
          "hide": true
        },
        "events": {
          "dom": {
            "onClick": {
              "config": {
                "draggable": true,
                "id": "z{view.params.drvNum}",
                "modal": false,
                "overlayDismiss": false,
                "position": {
                  "left": 100,
                  "top": 100
                },
                "positionType": "exact",
                "resizable": true,
                "showCloseIcon": true,
                "title": "{view.params.drvNum}",
                "type": "open",
                "viewParams": {
                  "drvNum": "{view.params.drvNum}",
                  "path": "{view.params.path}",
                  "title": "{view.params.name}"
                },
                "viewPath": "{view.params.dockedView}"
              },
              "scope": "C",
              "type": "popup"
            }
          }
        },
        "meta": {
          "name": "Icon"
        },
        "position": {
          "height": 1,
          "width": 1
        },
        "propConfig": {
          "props.color": {
            "binding": {
              "config": {
                "expression": "if({session.props.theme} \u003d \u0027light\u0027, \u0027#111111\u0027, \u0027#EEEEEE\u0027)"
              },
              "type": "expr"
            }
          },
          "props.path": {
            "binding": {
              "config": {
                "expression": "\u0027material/keyboard_arrow_\u0027 + {view.params.direction}"
              },
              "type": "expr"
            }
          }
        },
        "props": {
          "style": {
            "backgroundColor": "",
            "cursor": "pointer"
          }
        },
        "type": "ia.display.icon"
      }
    ],
    "meta": {
      "name": "root"
    },
    "props": {
      "mode": "percent",
      "style": {
        "classes": "Animations/btnHover Cursors/hand_on_hover"
      }
    },
    "type": "ia.container.coord"
  }
}